STATE_CODE,STATE_NAME,DISTRICT_CODE,DISTRICT_NAME,BLOCK_CODE,BLOCK_NAME,LATITUDE,LONGITUDE,ELEVATION_M,SLOPE_DEG,LANDCOVER_CLASS,LANDCOVER_NAME
1,Jammu And Kashmir,1,Anantnag,1,Achabal,33.7299,75.2158,2611.4,16.84,4,Deciduous Broadleaf Forest
1,Jammu And Kashmir,1,Anantnag,2,Breng,33.7783,75.1798,2624.0,16.98,4,Deciduous Broadleaf Forest
1,Jammu And Kashmir,1,Anantnag,3,Dachnipora,33.8685,75.1034,2646.4,17.23,4,Deciduous Broadleaf Forest
1,Jammu And Kashmir,1,Anantnag,6,Khoveripora,33.782,75.0495,2609.6,16.99,4,Deciduous Broadleaf Forest
1,Jammu And Kashmir,1,Anantnag,11,Shahabad,33.6312,75.1618,2570.3,16.57,4,Deciduous Broadleaf Forest
1,Jammu And Kashmir,1,Anantnag,12,Shangus,33.6008,75.2281,2567.7,16.48,4,Deciduous Broadleaf Forest
1,Jammu And Kashmir,1,Anantnag,6712,Qazigund (Partly),33.6777,75.0495,2573.1,16.7,4,Deciduous Broadleaf Forest
1,Jammu And Kashmir,1,Anantnag,6861,Anantnag,33.7657,75.262,2629.4,16.94,4,Deciduous Broadleaf Forest
1,Jammu And Kashmir,1,Anantnag,7020,Bijibehara,33.827,75.2789,2652.9,17.12,4,Deciduous Broadleaf Forest
1,Jammu And Kashmir,1,Anantnag,7021,Chathergul,33.8286,75.1618,2639.4,17.12,4,Deciduous Broadleaf Forest
1,Jammu And Kashmir,1,Anantnag,7022,Hiller Shahabad,33.773,75.1117,2614.0,16.96,4,Deciduous Broadleaf Forest
1,Jammu And Kashmir,1,Anantnag,7031,Quimoh Anantnag District Part,33.6149,75.0464,2550.8,16.52,4,Deciduous Broadleaf Forest
1,Jammu And Kashmir,1,Anantnag,7032,Vessu,33.6941,75.262,2604.4,16.74,4,Deciduous Broadleaf Forest
1,Jammu And Kashmir,1,Anantnag,7033,Verinag,33.6935,75.1989,2596.6,16.74,4,Deciduous Broadleaf Forest
1,Jammu And Kashmir,1,Anantnag,7034,Pahalgam,33.7199,75.087,2592.4,16.82,4,Deciduous Broadleaf Forest
1,Jammu And Kashmir,1,Anantnag,7035,Larnoo,33.7564,74.9805,2592.4,16.92,4,Deciduous Broadleaf Forest
1,Jammu And Kashmir,1,Anantnag,7036,Sagam,33.6779,75.1331,2583.2,16.7,4,Deciduous Broadleaf Forest
1,Jammu And Kashmir,2,Budgam,13,B.K.Pora,34.1384,74.8548,2711.0,17.99,4,Deciduous Broadleaf Forest
1,Jammu And Kashmir,2,Budgam,14,Badgam,34.0413,74.7915,2669.4,17.72,4,Deciduous Broadleaf Forest
1,Jammu And Kashmir,2,Budgam,15,Beerwah,34.0771,74.8378,2687.5,17.82,4,Deciduous Broadleaf Forest
1,Jammu And Kashmir,2,Budgam,16,Chadoora,34.0896,74.7553,2682.0,17.85,4,Deciduous Broadleaf Forest
1,Jammu And Kashmir,2,Budgam,17,Khag,34.1799,74.6786,2704.4,18.1,4,Deciduous Broadleaf Forest
1,Jammu And Kashmir,2,Budgam,18,Khan-Sahib,34.0844,74.6869,2672.0,17.84,4,Deciduous Broadleaf Forest
1,Jammu And Kashmir,2,Budgam,19,Nagam,34.0934,74.6246,2667.6,17.86,4,Deciduous Broadleaf Forest
1,Jammu And Kashmir,2,Budgam,20,Narbal,34.0677,74.5553,2650.3,17.79,4,Deciduous Broadleaf Forest
1,Jammu And Kashmir,2,Budgam,6915,Parnewa,33.9891,74.6246,2631.1,17.57,4,Deciduous Broadleaf Forest
1,Jammu And Kashmir,2,Budgam,6916,Sukhnag Hard Panzoo,33.9122,74.8038,2625.7,17.35,4,Deciduous Broadleaf Forest
1,Jammu And Kashmir,2,Budgam,6917,Waterhail,34.0055,74.8378,2662.5,17.62,4,Deciduous Broadleaf Forest
1,Jammu And Kashmir,2,Budgam,6918,Pakherpora,34.0313,74.6621,2650.4,17.69,4,Deciduous Broadleaf Forest
1,Jammu And Kashmir,2,Budgam,6919,Charisharief,34.1399,74.7373,2697.4,17.99,4,Deciduous Broadleaf Forest
1,Jammu And Kashmir,2,Budgam,6920,Surasyar,34.0048,74.7745,2654.6,17.61,4,Deciduous Broadleaf Forest
1,Jammu And Kashmir,2,Budgam,6921,Soibugh,33.9426,74.7373,2628.4,17.44,4,Deciduous Broadleaf Forest
1,Jammu And Kashmir,2,Budgam,6922,Rathsun,33.9262,74.6214,2608.7,17.39,4,Deciduous Broadleaf Forest
1,Jammu And Kashmir,2,Budgam,6923,S K Pora,33.9893,74.7084,2641.3,17.57,4,Deciduous Broadleaf Forest
1,Jammu And Kashmir,3,Baramulla,22,Baramulla,34.1929,74.4345,2679.7,18.14,4,Deciduous Broadleaf Forest
1,Jammu And Kashmir,3,Baramulla,23,Boniyar,34.2599,74.5235,2713.8,18.33,4,Deciduous Broadleaf Forest
1,Jammu And Kashmir,3,Baramulla,26,Kunzer,34.2912,74.3548,2704.5,18.42,4,Deciduous Broadleaf Forest
1,Jammu And Kashmir,3,Baramulla,27,Pattan,34.1929,74.2494,2657.4,18.14,4,Deciduous Broadleaf Forest
1,Jammu And Kashmir,3,Baramulla,28,Rafiabad,34.1584,74.2,2639.4,18.04,4,Deciduous Broadleaf Forest
1,Jammu And Kashmir,3,Baramulla,29,Rohama,34.1677,74.3113,2656.1,18.07,4,Deciduous Broadleaf Forest
1,Jammu And Kashmir,3,Baramulla,30,Singhpora,34.1423,74.346,2651.3,18.0,4,Deciduous Broadleaf Forest
1,Jammu And Kashmir,3,Baramulla,31,Sopore,34.0945,74.3548,2635.7,17.86,4,Deciduous Broadleaf Forest
1,Jammu And Kashmir,3,Baramulla,33,Tangmarag,34.0498,74.3902,2624.3,17.74,4,Deciduous Broadleaf Forest
1,Jammu And Kashmir,3,Baramulla,34,Uri,34.1113,74.4373,2651.4,17.91,4,Deciduous Broadleaf Forest
1,Jammu And Kashmir,3,Baramulla,35,Wagoora,34.0973,74.4996,2654.0,17.87,4,Deciduous Broadleaf Forest
1,Jammu And Kashmir,3,Baramulla,36,Zaingeer,34.1692,74.4855,2677.5,18.07,4,Deciduous Broadleaf Forest
1,Jammu And Kashmir,3,Baramulla,7006,Bijhama,34.2166,74.4855,2694.1,18.21,4,Deciduous Broadleaf Forest
1,Jammu And Kashmir,3,Baramulla,7007,Chandil Wangam,34.2287,74.4181,2690.2,18.24,4,Deciduous Broadleaf Forest
1,Jammu And Kashmir,3,Baramulla,7008,Hardaboora,34.2744,74.4373,2708.5,18.37,4,Deciduous Broadleaf Forest
1,Jammu And Kashmir,3,Baramulla,7009,Kandi Rafiabad,34.3276,74.431,2726.4,18.52,4,Deciduous Broadleaf Forest
1,Jammu And Kashmir,3,Baramulla,7010,Khaipora,34.2465,74.3771,2691.5,18.29,4,Deciduous Broadleaf Forest
1,Jammu And Kashmir,3,Baramulla,7011,Lalpora,34.3276,74.3074,2711.5,18.52,4,Deciduous Broadleaf Forest
1,Jammu And Kashmir,3,Baramulla,7012,Nadihal,34.2374,74.3321,2682.9,18.26,4,Deciduous Broadleaf Forest
1,Jammu And Kashmir,3,Baramulla,7013,Narwah,34.2586,74.2795,2684.1,18.32,4,Deciduous Broadleaf Forest
1,Jammu And Kashmir,3,Baramulla,7014,Noorkah,34.2599,74.2149,2676.8,18.33,4,Deciduous Broadleaf Forest
1,Jammu And Kashmir,3,Baramulla,7015,Paranpeela,34.2058,74.3057,2668.7,18.18,4,Deciduous Broadleaf Forest
1,Jammu And Kashmir,3,Baramulla,7016,Sangrama,34.1272,74.2795,2638.1,17.96,4,Deciduous Broadleaf Forest
1,Jammu And Kashmir,3,Baramulla,7017,Sherabad Khore,34.0742,74.2702,2618.4,17.81,4,Deciduous Broadleaf Forest
1,Jammu And Kashmir,3,Baramulla,7018,Tujjar Sharief,34.1423,74.3924,2656.9,18.0,4,Deciduous Broadleaf Forest
1,Jammu And Kashmir,3,Baramulla,7019,Wailoo,34.1677,74.4271,2669.9,18.07,4,Deciduous Broadleaf Forest
1,Jammu And Kashmir,4,Doda,37,Assar,33.1446,75.6093,2453.7,15.2,4,Deciduous Broadleaf Forest
1,Jammu And Kashmir,4,Doda,39,Bhaderwah,33.1803,75.6551,2471.7,15.3,4,Deciduous Broadleaf Forest
1,Jammu And Kashmir,4,Doda,40,Bhagwah,33.2417,75.6719,2495.2,15.48,4,Deciduous Broadleaf Forest
1,Jammu And Kashmir,4,Doda,41,Bhalessa(Gandoh),33.1929,75.5735,2466.3,15.34,4,Deciduous Broadleaf Forest
1,Jammu And Kashmir,4,Doda,43,Doda,33.1346,75.4813,2434.9,15.18,4,Deciduous Broadleaf Forest
1,Jammu And Kashmir,4,Doda,45,Gundana,33.0924,75.4441,2415.6,15.06,4,Deciduous Broadleaf Forest
1,Jammu And Kashmir,4,Doda,48,Marmat,33.1081,75.5924,2438.9,15.1,4,Deciduous Broadleaf Forest
1,Jammu And Kashmir,4,Doda,54,Thathri,33.1088,75.6551,2446.7,15.1,4,Deciduous Broadleaf Forest
1,Jammu And Kashmir,4,Doda,6983,Kastigarh,33.0459,75.5556,2412.7,14.93,4,Deciduous Broadleaf Forest
1,Jammu And Kashmir,4,Doda,6984,Khellani,33.0155,75.6215,2410.0,14.84,4,Deciduous Broadleaf Forest
1,Jammu And Kashmir,4,Doda,6985,Chiralla,33.1967,75.4441,2452.1,15.35,4,Deciduous Broadleaf Forest
1,Jammu And Kashmir,4,Doda,6986,Kahara,33.0926,75.5271,2425.7,15.06,4,Deciduous Broadleaf Forest
1,Jammu And Kashmir,4,Doda,6987,Bhalla,33.2432,75.5556,2481.8,15.48,4,Deciduous Broadleaf Forest
1,Jammu And Kashmir,4,Doda,6988,Dali Udhyanpur,33.171,75.3755,2434.9,15.28,4,Deciduous Broadleaf Forest
1,Jammu And Kashmir,4,Doda,6989,Changa,33.2832,75.4976,2488.8,15.59,4,Deciduous Broadleaf Forest
1,Jammu And Kashmir,4,Doda,6990,Jakyas,33.0295,75.441,2393.2,14.88,4,Deciduous Broadleaf Forest
1,Jammu And Kashmir,4,Doda,6991,Chilli Pingal,33.1877,75.5058,2456.4,15.33,4,Deciduous Broadleaf Forest
1,Jammu And Kashmir,5,Jammu,56,Akhnoor,32.7027,74.9427,2219.1,13.97,4,Deciduous Broadleaf Forest
1,Jammu And Kashmir,5,Jammu,57,Bhalwal,32.7874,75.017,2257.6,14.2,4,Deciduous Broadleaf Forest
1,Jammu And Kashmir,5,Jammu,58,Bishnah,32.7969,74.9148,2248.7,14.23,4,Deciduous Broadleaf Forest
1,Jammu And Kashmir,5,Jammu,59,Dansal,32.7541,74.8586,2227.0,14.11,4,Deciduous Broadleaf Forest
1,Jammu And Kashmir,5,Jammu,60,Khour,32.7874,74.7398,2224.4,14.2,4,Deciduous Broadleaf Forest
1,Jammu And Kashmir,5,Jammu,61,Marh,32.6581,74.7155,2176.2,13.84,4,Deciduous Broadleaf Forest
1,Jammu And Kashmir,5,Jammu,63,R.S.Pura,32.6084,74.9148,2182.7,13.7,4,Deciduous Broadleaf Forest
1,Jammu And Kashmir,5,Jammu,65,Satwari,32.6709,74.9304,2206.5,13.88,4,Deciduous Broadleaf Forest
1,Jammu And Kashmir,5,Jammu,6862,Arnia,32.7333,74.9904,2235.5,14.05,4,Deciduous Broadleaf Forest
1,Jammu And Kashmir,5,Jammu,6863,Bhalwal Brahmana,32.7464,74.9162,2231.2,14.09,4,Deciduous Broadleaf Forest
1,Jammu And Kashmir,5,Jammu,6864,Maira Mandrian,32.7194,74.8173,2209.9,14.01,4,Deciduous Broadleaf Forest
1,Jammu And Kashmir,5,Jammu,6865,Chowki Choura,32.8468,74.8784,2261.8,14.37,4,Deciduous Broadleaf Forest
1,Jammu And Kashmir,5,Jammu,6866,Samwan,32.5861,74.9791,2182.6,13.64,4,Deciduous Broadleaf Forest
1,Jammu And Kashmir,5,Jammu,6867,Nagrota,32.5656,74.8255,2157.0,13.58,4,Deciduous Broadleaf Forest
1,Jammu And Kashmir,5,Jammu,6868,Mandal Phallain,32.7027,74.7607,2197.2,13.97,4,Deciduous Broadleaf Forest
1,Jammu And Kashmir,5,Jammu,6979,Kharah Balli,32.7828,74.8092,2231.1,14.19,4,Deciduous Broadleaf Forest
1,Jammu And Kashmir,5,Jammu,6980,Pragwal,32.6486,74.8784,2192.4,13.82,4,Deciduous Broadleaf Forest
1,Jammu And Kashmir,5,Jammu,6981,Mathwar,32.6709,74.8265,2194.0,13.88,4,Deciduous Broadleaf Forest
1,Jammu And Kashmir,5,Jammu,6982,Suchetgarh,32.672,74.9904,2214.0,13.88,4,Deciduous Broadleaf Forest
1,Jammu And Kashmir,5,Jammu,7037,Miran Sahib,32.6225,74.8092,2175.0,13.74,4,Deciduous Broadleaf Forest
1,Jammu And Kashmir,7,Kathua,74,Bani,32.4181,75.6286,2201.8,13.17,4,Deciduous Broadleaf Forest
1,Jammu And Kashmir,7,Kathua,75,Barnoti,32.4744,75.6523,2224.3,13.33,4,Deciduous Broadleaf Forest
1,Jammu And Kashmir,7,Kathua,76,Basohli,32.4311,75.5526,2197.2,13.21,4,Deciduous Broadleaf Forest
1,Jammu And Kashmir,7,Kathua,77,Billawar,32.5295,75.5035,2225.7,13.48,4,Deciduous Broadleaf Forest
1,Jammu And Kashmir,7,Kathua,78,Duggan,32.3948,75.4544,2172.7,13.11,4,Deciduous Broadleaf Forest
1,Jammu And Kashmir,7,Kathua,80,Hiranagar,32.3696,75.4018,2157.6,13.03,4,Deciduous Broadleaf Forest
1,Jammu And Kashmir,7,Kathua,81,Kathua,32.3173,75.3674,2135.1,12.89,4,Deciduous Broadleaf Forest
1,Jammu And Kashmir,7,Kathua,82,Lohai-Malhar,32.2951,75.4704,2139.7,12.83,4,Deciduous Broadleaf Forest
1,Jammu And Kashmir,7,Kathua,6968,Duggain,32.4545,75.3674,2183.2,13.27,4,Deciduous Broadleaf Forest
1,Jammu And Kashmir,7,Kathua,6969,Baggan,32.3859,75.5816,2184.9,13.08,4,Deciduous Broadleaf Forest
1,Jammu And Kashmir,7,Kathua,6970,Bhoond,32.482,75.5464,2214.3,13.35,4,Deciduous Broadleaf Forest
1,Jammu And Kashmir,7,Kathua,6971,Mahanpur,32.2422,75.5035,2125.2,12.68,4,Deciduous Broadleaf Forest
1,Jammu And Kashmir,7,Kathua,6972,Dhar Mahanpur,32.4354,75.4918,2191.4,13.22,4,Deciduous Broadleaf Forest
1,Jammu And Kashmir,7,Kathua,6973,Mandli,32.3335,75.5333,2160.7,12.93,4,Deciduous Broadleaf Forest
1,Jammu And Kashmir,7,Kathua,6974,Nagrota Gujroo,32.3683,75.5781,2178.3,13.03,4,Deciduous Broadleaf Forest
1,Jammu And Kashmir,7,Kathua,6975,Keerian Gangyal,32.3461,75.4742,2158.0,12.97,4,Deciduous Broadleaf Forest
1,Jammu And Kashmir,7,Kathua,6976,Nagri,32.2974,75.6523,2162.4,12.83,4,Deciduous Broadleaf Forest
1,Jammu And Kashmir,7,Kathua,6977,Dinga Amb,32.4588,75.4381,2193.2,13.28,4,Deciduous Broadleaf Forest
1,Jammu And Kashmir,7,Kathua,6978,Marheen,32.3029,75.5817,2155.8,12.85,4,Deciduous Broadleaf Forest
1,Jammu And Kashmir,8,Kupwara,83,Kalarooch,34.5651,74.3038,2794.2,19.18,4,Deciduous Broadleaf Forest
1,Jammu And Kashmir,8,Kupwara,84,Kralpora,34.6661,74.3027,2829.5,19.47,4,Deciduous Broadleaf Forest
1,Jammu And Kashmir,8,Kupwara,85,Kupwara,34.5809,74.2574,2794.2,19.23,4,Deciduous Broadleaf Forest
1,Jammu And Kashmir,8,Kupwara,86,Langate,34.6226,74.2263,2805.1,19.34,4,Deciduous Broadleaf Forest
1,Jammu And Kashmir,8,Kupwara,87,Rajwar,34.4886,74.211,2756.3,18.97,4,Deciduous Broadleaf Forest
1,Jammu And Kashmir,8,Kupwara,88,Ramhal,34.441,74.1973,2738.0,18.83,4,Deciduous Broadleaf Forest
1,Jammu And Kashmir,8,Kupwara,89,Sogam,34.4728,74.2574,2756.4,18.92,4,Deciduous Broadleaf Forest
1,Jammu And Kashmir,8,Kupwara,90,Tangdar,34.4311,74.2886,2745.5,18.81,4,Deciduous Broadleaf Forest
1,Jammu And Kashmir,8,Kupwara,91,Teetwal,34.4886,74.3038,2767.5,18.97,4,Deciduous Broadleaf Forest
1,Jammu And Kashmir,8,Kupwara,92,Trehgam,34.4773,74.3616,2770.4,18.94,4,Deciduous Broadleaf Forest
1,Jammu And Kashmir,8,Kupwara,93,Wavoora,34.4896,74.4264,2782.5,18.97,4,Deciduous Broadleaf Forest
1,Jammu And Kashmir,8,Kupwara,6992,Keran,34.6127,74.3176,2812.6,19.32,4,Deciduous Broadleaf Forest
1,Jammu And Kashmir,8,Kupwara,6993,Meliyal,34.5642,74.0884,2768.1,19.18,4,Deciduous Broadleaf Forest
1,Jammu And Kashmir,8,Kupwara,6994,Reddi Chowkibal,34.3876,74.2121,2721.1,18.69,4,Deciduous Broadleaf Forest
1,Jammu And Kashmir,8,Kupwara,6995,Qadirabad,34.5012,74.1412,2752.4,19.0,4,Deciduous Broadleaf Forest
1,Jammu And Kashmir,8,Kupwara,6996,Drugmulla,34.5269,74.323,2783.2,19.08,4,Deciduous Broadleaf Forest
1,Jammu And Kashmir,8,Kupwara,6997,Nutnoosa,34.5269,74.1918,2767.4,19.08,4,Deciduous Broadleaf Forest
1,Jammu And Kashmir,8,Kupwara,6998,Hayhama,34.5989,74.4089,2818.7,19.28,4,Deciduous Broadleaf Forest
1,Jammu And Kashmir,8,Kupwara,6999,Machil,34.6517,74.1699,2808.5,19.42,4,Deciduous Broadleaf Forest
1,Jammu And Kashmir,8,Kupwara,7000,Tarathpora,34.402,74.3449,2742.1,18.73,4,Deciduous Broadleaf Forest
1,Jammu And Kashmir,8,Kupwara,7001,Magam,34.5651,74.211,2783.1,19.18,4,Deciduous Broadleaf Forest
1,Jammu And Kashmir,8,Kupwara,7002,Handwara,34.5525,74.3736,2798.2,19.15,4,Deciduous Broadleaf Forest
1,Jammu And Kashmir,8,Kupwara,7003,Mawar Kalamabad,34.5764,74.1532,2780.1,19.21,4,Deciduous Broadleaf Forest
1,Jammu And Kashmir,8,Kupwara,7004,Qaziabad Supernagama,34.4548,74.1059,2731.9,18.87,4,Deciduous Broadleaf Forest
1,Jammu And Kashmir,10,Poonch,100,Balakote,33.7697,74.1623,2498.9,16.96,4,Deciduous Broadleaf Forest
1,Jammu And Kashmir,10,Poonch,101,Bufliaz,33.8233,74.1976,2521.9,17.11,4,Deciduous Broadleaf Forest
1,Jammu And Kashmir,10,Poonch,102,Mandi,33.8446,74.0192,2507.9,17.16,4,Deciduous Broadleaf Forest
1,Jammu And Kashmir,10,Poonch,103,Mendhar,33.7545,74.0349,2478.3,16.91,4,Deciduous Broadleaf Forest
1,Jammu And Kashmir,10,Poonch,104,Poonch,33.627,74.0726,2438.2,16.56,4,Deciduous Broadleaf Forest
1,Jammu And Kashmir,10,Poonch,105,Surankote,33.7161,74.1976,2484.3,16.81,4,Deciduous Broadleaf Forest
1,Jammu And Kashmir,10,Poonch,6963,Nangali Sahib Sain Baba,33.6948,74.0192,2455.5,16.75,4,Deciduous Broadleaf Forest
1,Jammu And Kashmir,10,Poonch,6964,Sathra,33.7205,74.1243,2477.1,16.82,4,Deciduous Broadleaf Forest
1,Jammu And Kashmir,10,Poonch,6965,Loran,33.8232,74.088,2508.7,17.1,4,Deciduous Broadleaf Forest
1,Jammu And Kashmir,10,Poonch,6966,Mankote,33.8103,73.9309,2485.3,17.07,4,Deciduous Broadleaf Forest
1,Jammu And Kashmir,10,Poonch,6967,Lassana,33.9008,74.1693,2545.6,17.32,4,Deciduous Broadleaf Forest
1,Jammu And Kashmir,11,Pulwama,106,Kakapora,33.9484,74.8212,2640.5,17.46,4,Deciduous Broadleaf Forest
1,Jammu And Kashmir,11,Pulwama,108,Pampore,33.7986,74.8212,2588.1,17.04,4,Deciduous Broadleaf Forest
1,Jammu And Kashmir,11,Pulwama,109,Pulwama,33.7308,74.8747,2570.7,16.85,4,Deciduous Broadleaf Forest
1,Jammu And Kashmir,11,Pulwama,111,Tral,33.8199,74.9998,2616.9,17.1,4,Deciduous Broadleaf Forest
1,Jammu And Kashmir,11,Pulwama,6895,Awantipora,33.9271,74.9998,2654.5,17.4,4,Deciduous Broadleaf Forest
1,Jammu And Kashmir,11,Pulwama,6896,Newa,33.8583,74.8369,2610.8,17.2,4,Deciduous Broadleaf Forest
1,Jammu And Kashmir,11,Pulwama,6897,Litter,33.9141,74.7328,2617.9,17.36,4,Deciduous Broadleaf Forest
1,Jammu And Kashmir,11,Pulwama,6898,Aripal,33.8735,74.9645,2631.5,17.25,4,Deciduous Broadleaf Forest
1,Jammu And Kashmir,11,Pulwama,6899,Dadsara,34.0046,74.9715,2678.2,17.61,4,Deciduous Broadleaf Forest
1,Jammu And Kashmir,11,Pulwama,6900,Shadimarg,33.8243,74.9264,2609.7,17.11,4,Deciduous Broadleaf Forest
1,Jammu And Kashmir,11,Pulwama,7088,Ichegoza,33.927,74.8901,2641.3,17.4,4,Deciduous Broadleaf Forest
1,Jammu And Kashmir,12,Rajouri,112,Budhal,33.2439,74.4566,2350.2,15.48,4,Deciduous Broadleaf Forest
1,Jammu And Kashmir,12,Rajouri,113,Darhal,33.3325,74.528,2389.7,15.73,4,Deciduous Broadleaf Forest
1,Jammu And Kashmir,12,Rajouri,114,Kalakote,33.3876,74.3777,2391.0,15.89,4,Deciduous Broadleaf Forest
1,Jammu And Kashmir,12,Rajouri,115,Manjakote,33.3125,74.2404,2348.2,15.68,4,Deciduous Broadleaf Forest
1,Jammu And Kashmir,12,Rajouri,116,Nowshera,33.2276,74.2751,2322.7,15.44,4,Deciduous Broadleaf Forest
1,Jammu And Kashmir,12,Rajouri,117,Rajouri,33.1003,74.3777,2290.4,15.08,4,Deciduous Broadleaf Forest
1,Jammu And Kashmir,12,Rajouri,118,Sunderbani,33.1554,74.528,2327.8,15.24,4,Deciduous Broadleaf Forest
1,Jammu And Kashmir,12,Rajouri,6539,Thana Mandi,33.2264,74.4531,2343.6,15.43,4,Deciduous Broadleaf Forest
1,Jammu And Kashmir,12,Rajouri,6701,Doongi,33.34,74.421,2379.5,15.75,4,Deciduous Broadleaf Forest
1,Jammu And Kashmir,12,Rajouri,6953,Budhal New,33.2761,74.504,2367.1,15.57,4,Deciduous Broadleaf Forest
1,Jammu And Kashmir,12,Rajouri,6954,Khawas,33.2934,74.366,2356.6,15.62,4,Deciduous Broadleaf Forest
1,Jammu And Kashmir,12,Rajouri,6955,Panjgrian,33.1753,74.2404,2300.2,15.29,4,Deciduous Broadleaf Forest
1,Jammu And Kashmir,12,Rajouri,6956,Qila Darhal,33.1532,74.3444,2304.9,15.23,4,Deciduous Broadleaf Forest
1,Jammu And Kashmir,12,Rajouri,6957,Moughla,33.2528,74.3282,2337.9,15.51,4,Deciduous Broadleaf Forest
1,Jammu And Kashmir,12,Rajouri,6958,Seri,33.1915,74.4078,2326.0,15.34,4,Deciduous Broadleaf Forest
1,Jammu And Kashmir,12,Rajouri,6959,Dhangri,33.2892,74.4273,2362.5,15.61,4,Deciduous Broadleaf Forest
1,Jammu And Kashmir,12,Rajouri,6960,Siot,33.161,74.4568,2321.2,15.25,4,Deciduous Broadleaf Forest
1,Jammu And Kashmir,12,Rajouri,6961,Lamberi,33.3168,74.3117,2358.3,15.69,4,Deciduous Broadleaf Forest
1,Jammu And Kashmir,12,Rajouri,6962,Planger,33.2042,74.3482,2323.3,15.37,4,Deciduous Broadleaf Forest
1,Jammu And Kashmir,13,Srinagar,122,Srinagar,33.9902,74.8361,2656.9,17.57,4,Deciduous Broadleaf Forest
1,Jammu And Kashmir,13,Srinagar,6875,Harwan Rural Area Dara,34.1787,74.8361,2722.9,18.1,4,Deciduous Broadleaf Forest
1,Jammu And Kashmir,13,Srinagar,6876,Khanmoh,34.1691,74.6583,2698.2,18.07,4,Deciduous Broadleaf Forest
1,Jammu And Kashmir,13,Srinagar,7086,Eidgah,34.0844,74.8644,2693.3,17.84,4,Deciduous Broadleaf Forest
1,Jammu And Kashmir,13,Srinagar,7087,Qamarwari,34.0526,74.7463,2668.0,17.75,4,Deciduous Broadleaf Forest
1,Jammu And Kashmir,14,Udhampur,124,Chenani,32.9556,75.2385,2343.1,14.68,4,Deciduous Broadleaf Forest
1,Jammu And Kashmir,14,Udhampur,125,Dudu,33.0169,75.2553,2366.6,14.85,4,Deciduous Broadleaf Forest
1,Jammu And Kashmir,14,Udhampur,126,Ghordi,32.9682,75.1571,2337.7,14.71,4,Deciduous Broadleaf Forest
1,Jammu And Kashmir,14,Udhampur,129,Majalta,32.9463,74.9596,2306.4,14.65,4,Deciduous Broadleaf Forest
1,Jammu And Kashmir,14,Udhampur,130,Panchari,32.8048,75.0249,2264.7,14.25,4,Deciduous Broadleaf Forest
1,Jammu And Kashmir,14,Udhampur,132,Ramnagar,32.8211,75.1393,2284.1,14.3,4,Deciduous Broadleaf Forest
1,Jammu And Kashmir,14,Udhampur,134,Udhampur,32.884,75.2385,2318.0,14.48,4,Deciduous Broadleaf Forest
1,Jammu And Kashmir,14,Udhampur,6924,Jaganoo,33.0185,75.1393,2353.2,14.85,4,Deciduous Broadleaf Forest
1,Jammu And Kashmir,14,Udhampur,6925,Khoon,33.0584,75.0814,2360.2,14.96,4,Deciduous Broadleaf Forest
1,Jammu And Kashmir,14,Udhampur,6926,Kulwanta,32.9629,75.0896,2327.8,14.7,4,Deciduous Broadleaf Forest
1,Jammu And Kashmir,14,Udhampur,6927,Latti,32.9719,75.028,2323.5,14.72,4,Deciduous Broadleaf Forest
1,Jammu And Kashmir,14,Udhampur,6928,Moungri,32.9098,75.0651,2306.2,14.55,4,Deciduous Broadleaf Forest
1,Jammu And Kashmir,14,Udhampur,6929,Narsoo,32.8676,75.028,2287.0,14.43,4,Deciduous Broadleaf Forest
1,Jammu And Kashmir,14,Udhampur,6930,Chanunta Dalsar,32.9198,75.1928,2325.1,14.58,4,Deciduous Broadleaf Forest
1,Jammu And Kashmir,14,Udhampur,6931,Parli Dhar,32.8678,75.1108,2297.0,14.43,4,Deciduous Broadleaf Forest
1,Jammu And Kashmir,14,Udhampur,6932,Sewna,32.7907,75.205,2281.3,14.21,4,Deciduous Broadleaf Forest
1,Jammu And Kashmir,14,Udhampur,6933,Tikri,32.8834,75.176,2310.3,14.47,4,Deciduous Broadleaf Forest
1,Jammu And Kashmir,620,Kishtwar,42,Dachhan,33.3623,75.8701,2561.2,15.81,4,Deciduous Broadleaf Forest
1,Jammu And Kashmir,620,Kishtwar,44,Drabshalla,33.4349,75.8631,2585.8,16.02,4,Deciduous Broadleaf Forest
1,Jammu And Kashmir,620,Kishtwar,46,Inderwal,33.3699,75.7729,2552.2,15.84,4,Deciduous Broadleaf Forest
1,Jammu And Kashmir,620,Kishtwar,47,Kishtwar,33.4089,75.7231,2559.9,15.94,4,Deciduous Broadleaf Forest
1,Jammu And Kashmir,620,Kishtwar,49,Marwah,33.4118,75.636,2550.4,15.95,4,Deciduous Broadleaf Forest
1,Jammu And Kashmir,620,Kishtwar,50,Nagseni,33.2925,75.65,2510.4,15.62,4,Deciduous Broadleaf Forest
1,Jammu And Kashmir,620,Kishtwar,51,Padder,33.2207,75.636,2483.6,15.42,4,Deciduous Broadleaf Forest
1,Jammu And Kashmir,620,Kishtwar,55,Warwan,33.2911,75.8224,2530.6,15.62,4,Deciduous Broadleaf Forest
1,Jammu And Kashmir,620,Kishtwar,6901,Palmar,33.2657,75.7422,2512.1,15.54,4,Deciduous Broadleaf Forest
1,Jammu And Kashmir,620,Kishtwar,6902,Trigam,33.1976,75.8631,2502.7,15.35,4,Deciduous Broadleaf Forest
1,Jammu And Kashmir,620,Kishtwar,6903,Thakraie,33.2179,75.7794,2499.8,15.41,4,Deciduous Broadleaf Forest
1,Jammu And Kashmir,620,Kishtwar,6904,Bunjwah,33.3162,75.8298,2540.2,15.69,4,Deciduous Broadleaf Forest
1,Jammu And Kashmir,620,Kishtwar,6905,Mughalmaidan,33.3292,75.7023,2529.5,15.72,4,Deciduous Broadleaf Forest
1,Jammu And Kashmir,621,Ramban,38,Banihal,33.2415,75.3016,2450.7,15.48,4,Deciduous Broadleaf Forest
1,Jammu And Kashmir,621,Ramban,52,Ramban,33.1666,75.1594,2407.4,15.27,4,Deciduous Broadleaf Forest
1,Jammu And Kashmir,621,Ramban,53,Ramsoo,33.0988,75.2124,2390.1,15.08,4,Deciduous Broadleaf Forest
1,Jammu And Kashmir,621,Ramban,127,Gool,33.295,75.2278,2460.6,15.63,4,Deciduous Broadleaf Forest
1,Jammu And Kashmir,621,Ramban,6946,Batote,33.2951,75.3366,2473.7,15.63,4,Deciduous Broadleaf Forest
1,Jammu And Kashmir,621,Ramban,6947,Rajgarh,33.2263,75.1749,2430.2,15.43,4,Deciduous Broadleaf Forest
1,Jammu And Kashmir,621,Ramban,6948,Ukhral,33.1879,75.3366,2436.2,15.33,4,Deciduous Broadleaf Forest
1,Jammu And Kashmir,621,Ramban,6949,Sangaldan,33.1923,75.2638,2429.0,15.34,4,Deciduous Broadleaf Forest
1,Jammu And Kashmir,621,Ramban,6950,Gundi Dharam,33.3164,75.1594,2459.9,15.69,4,Deciduous Broadleaf Forest
1,Jammu And Kashmir,621,Ramban,6951,Gandhri,33.3726,75.3086,2497.4,15.84,4,Deciduous Broadleaf Forest
1,Jammu And Kashmir,621,Ramban,6952,Khari,33.2821,75.0716,2437.3,15.59,4,Deciduous Broadleaf Forest
1,Jammu And Kashmir,622,Kulgam,4,Devsar,33.6986,75.1178,2588.6,16.76,4,Deciduous Broadleaf Forest
1,Jammu And Kashmir,622,Kulgam,5,D.H. Pora,33.7762,75.0896,2612.4,16.97,4,Deciduous Broadleaf Forest
1,Jammu And Kashmir,622,Kulgam,7,Kulgam,33.6857,74.8515,2552.2,16.72,4,Deciduous Broadleaf Forest
1,Jammu And Kashmir,622,Kulgam,8,Pahloo,33.5024,74.993,2505.0,16.21,4,Deciduous Broadleaf Forest
1,Jammu And Kashmir,622,Kulgam,9,Qaimoh,33.5915,75.1178,2551.2,16.46,4,Deciduous Broadleaf Forest
1,Jammu And Kashmir,622,Kulgam,6889,Kund,33.6298,74.9553,2545.1,16.56,4,Deciduous Broadleaf Forest
1,Jammu And Kashmir,622,Kulgam,6890,Manzgam,33.5702,74.9397,2522.3,16.4,4,Deciduous Broadleaf Forest
1,Jammu And Kashmir,622,Kulgam,6891,Frisal,33.72,74.9397,2574.8,16.82,4,Deciduous Broadleaf Forest
1,Jammu And Kashmir,622,Kulgam,6892,Pombay,33.5959,75.0446,2543.9,16.47,4,Deciduous Broadleaf Forest
1,Jammu And Kashmir,622,Kulgam,6893,Behibag,33.6451,75.0826,2565.7,16.61,4,Deciduous Broadleaf Forest
1,Jammu And Kashmir,622,Kulgam,6894,D K Marg,33.6986,75.0084,2575.5,16.76,4,Deciduous Broadleaf Forest
1,Jammu And Kashmir,623,Bandipora,21,Bandipora,34.4719,74.6412,2802.1,18.92,4,Deciduous Broadleaf Forest
1,Jammu And Kashmir,623,Bandipora,24,Gurez,34.4178,74.5757,2775.3,18.77,4,Deciduous Broadleaf Forest
1,Jammu And Kashmir,623,Bandipora,25,Hajin,34.3683,74.5372,2753.4,18.63,4,Deciduous Broadleaf Forest
1,Jammu And Kashmir,623,Bandipora,32,Sumbal,34.332,74.7013,2760.4,18.53,4,Deciduous Broadleaf Forest
1,Jammu And Kashmir,623,Bandipora,6545,Tulail,34.3458,74.7926,2776.1,18.57,4,Deciduous Broadleaf Forest
1,Jammu And Kashmir,623,Bandipora,6908,Aloosa,34.4178,74.7068,2791.0,18.77,4,Deciduous Broadleaf Forest
1,Jammu And Kashmir,623,Bandipora,6909,Bonkoot,34.5037,74.5812,2806.0,19.01,4,Deciduous Broadleaf Forest
1,Jammu And Kashmir,623,Bandipora,6910,Arin,34.4674,74.7453,2813.0,18.91,4,Deciduous Broadleaf Forest
1,Jammu And Kashmir,623,Bandipora,6911,Naidkhay,34.293,74.5539,2729.0,18.42,4,Deciduous Broadleaf Forest
1,Jammu And Kashmir,623,Bandipora,6912,Ganstan,34.4899,74.4899,2790.3,18.97,4,Deciduous Broadleaf Forest
1,Jammu And Kashmir,623,Bandipora,6913,Nowgam,34.3638,74.6412,2764.3,18.62,4,Deciduous Broadleaf Forest
1,Jammu And Kashmir,623,Bandipora,6914,Baktoor,34.5427,74.7286,2837.4,19.12,4,Deciduous Broadleaf Forest
1,Jammu And Kashmir,624,Samba,62,Purmandal,32.7519,75.0872,2253.6,14.11,4,Deciduous Broadleaf Forest
1,Jammu And Kashmir,624,Samba,64,Samba,32.5631,75.0254,2180.1,13.58,4,Deciduous Broadleaf Forest
1,Jammu And Kashmir,624,Samba,66,Vijaypur,32.5173,75.1886,2183.7,13.45,4,Deciduous Broadleaf Forest
1,Jammu And Kashmir,624,Samba,79,Ghagwal,32.6099,75.1217,2208.1,13.71,4,Deciduous Broadleaf Forest
1,Jammu And Kashmir,624,Samba,6934,Nud,32.6736,75.1477,2233.5,13.89,4,Deciduous Broadleaf Forest
1,Jammu And Kashmir,624,Samba,6935,Sumb,32.5123,75.078,2168.7,13.43,4,Deciduous Broadleaf Forest
1,Jammu And Kashmir,624,Samba,6936,Rajpura,32.6438,74.947,2199.0,13.8,4,Deciduous Broadleaf Forest
1,Jammu And Kashmir,624,Samba,6937,Ramgarh,32.5606,74.8967,2163.8,13.57,4,Deciduous Broadleaf Forest
1,Jammu And Kashmir,624,Samba,7051,Purmandal Bari Brahamna,32.6567,75.0254,2212.9,13.84,4,Deciduous Broadleaf Forest
1,Jammu And Kashmir,625,Shopian,110,Shopian,33.6218,74.852,2529.9,16.54,4,Deciduous Broadleaf Forest
1,Jammu And Kashmir,625,Shopian,6877,Keller,33.6701,74.6684,2524.7,16.68,4,Deciduous Broadleaf Forest
1,Jammu And Kashmir,625,Shopian,6878,Kanji Ullar,33.7662,74.7988,2574.0,16.95,4,Deciduous Broadleaf Forest
1,Jammu And Kashmir,625,Shopian,6879,Ramnagri,33.6726,74.7988,2541.3,16.68,4,Deciduous Broadleaf Forest
1,Jammu And Kashmir,625,Shopian,6880,Imamsahib,33.8613,74.8614,2614.8,17.21,4,Deciduous Broadleaf Forest
1,Jammu And Kashmir,625,Shopian,6881,Kaprin,33.7533,74.7193,2560.0,16.91,4,Deciduous Broadleaf Forest
1,Jammu And Kashmir,625,Shopian,6882,Chitragam,33.7194,74.8963,2569.3,16.81,4,Deciduous Broadleaf Forest
1,Jammu And Kashmir,625,Shopian,6883,Zainpora,33.6267,74.964,2545.0,16.55,4,Deciduous Broadleaf Forest
1,Jammu And Kashmir,625,Shopian,6884,Harman,33.7831,74.9225,2594.8,16.99,4,Deciduous Broadleaf Forest
1,Jammu And Kashmir,626,Ganderbal,119,Ganderbal,34.2165,74.8358,2736.1,18.21,4,Deciduous Broadleaf Forest
1,Jammu And Kashmir,626,Ganderbal,120,Kangan,34.3571,74.7316,2772.8,18.6,4,Deciduous Broadleaf Forest
1,Jammu And Kashmir,626,Ganderbal,121,Lar,34.24,74.7115,2729.4,18.27,4,Deciduous Broadleaf Forest
1,Jammu And Kashmir,626,Ganderbal,6546,Wakoora,34.1743,74.8112,2718.3,18.09,4,Deciduous Broadleaf Forest
1,Jammu And Kashmir,626,Ganderbal,6885,Sherpathri,34.076,74.7316,2674.4,17.81,4,Deciduous Broadleaf Forest
1,Jammu And Kashmir,626,Ganderbal,6886,Safapora,34.1735,74.6624,2700.2,18.09,4,Deciduous Broadleaf Forest
1,Jammu And Kashmir,626,Ganderbal,6887,Gund,34.294,74.8451,2764.3,18.42,4,Deciduous Broadleaf Forest
1,Jammu And Kashmir,627,Reasi,123,Arnas,33.082,74.8975,2346.4,15.03,4,Deciduous Broadleaf Forest
1,Jammu And Kashmir,627,Reasi,128,Mahore,33.082,74.7685,2330.9,15.03,4,Deciduous Broadleaf Forest
1,Jammu And Kashmir,627,Reasi,131,Pouni,32.9572,74.747,2284.7,14.68,4,Deciduous Broadleaf Forest
1,Jammu And Kashmir,627,Reasi,133,Reasi,33.028,74.833,2319.8,14.88,4,Deciduous Broadleaf Forest
1,Jammu And Kashmir,627,Reasi,6938,Bamagh,33.1316,74.9354,2368.3,15.17,4,Deciduous Broadleaf Forest
1,Jammu And Kashmir,627,Reasi,6939,Katra,33.1541,74.684,2346.0,15.23,4,Deciduous Broadleaf Forest
1,Jammu And Kashmir,627,Reasi,6940,Panthal,33.0325,74.7306,2309.0,14.89,4,Deciduous Broadleaf Forest
1,Jammu And Kashmir,627,Reasi,6941,Thuroo,33.0099,74.982,2331.3,14.83,4,Deciduous Broadleaf Forest
1,Jammu And Kashmir,627,Reasi,6942,Jig Bagli,33.1678,74.7738,2361.6,15.27,4,Deciduous Broadleaf Forest
1,Jammu And Kashmir,627,Reasi,6943,Thakrakote,32.9962,74.8921,2315.7,14.79,4,Deciduous Broadleaf Forest
1,Jammu And Kashmir,627,Reasi,6944,Gulab Garh,33.1361,74.833,2357.6,15.18,4,Deciduous Broadleaf Forest
1,Jammu And Kashmir,627,Reasi,6945,Chassana,33.2069,74.919,2392.7,15.38,4,Deciduous Broadleaf Forest
2,Himachal Pradesh,15,Bilaspur,135,Bilaspur Sadar,22.0785,82.1985,5.0,17.82,4,Deciduous Broadleaf Forest
2,Himachal Pradesh,15,Bilaspur,136,Jhandutta,22.0785,81.9846,5.0,17.82,4,Deciduous Broadleaf Forest
2,Himachal Pradesh,15,Bilaspur,137,Ghumarwin,22.1776,82.1402,5.0,18.1,4,Deciduous Broadleaf Forest
2,Himachal Pradesh,15,Bilaspur,7089,Shree Naina Devi,22.0244,82.1402,5.0,17.67,4,Deciduous Broadleaf Forest
2,Himachal Pradesh,16,Chamba,138,Bhattiyat,32.6328,76.1982,2345.3,13.77,4,Deciduous Broadleaf Forest
2,Himachal Pradesh,16,Chamba,139,Bharmour,32.5554,76.189,2317.1,13.56,4,Deciduous Broadleaf Forest
2,Himachal Pradesh,16,Chamba,140,Chamba,32.6959,76.0868,2354.0,13.95,4,Deciduous Broadleaf Forest
2,Himachal Pradesh,16,Chamba,141,Mehla,32.5788,76.0671,2310.6,13.62,4,Deciduous Broadleaf Forest
2,Himachal Pradesh,16,Chamba,142,Pangi,32.5124,76.019,2281.6,13.43,4,Deciduous Broadleaf Forest
2,Himachal Pradesh,16,Chamba,143,Saluni,32.4148,76.0868,2255.6,13.16,4,Deciduous Broadleaf Forest
2,Himachal Pradesh,16,Chamba,144,Tisa,32.5131,76.1649,2299.4,13.44,4,Deciduous Broadleaf Forest
2,Himachal Pradesh,17,Hamirpur,145,Bamson,25.9608,80.2054,490.9,17.49,4,Deciduous Broadleaf Forest
2,Himachal Pradesh,17,Hamirpur,146,Bhoranj,26.0467,80.2004,520.4,17.73,4,Deciduous Broadleaf Forest
2,Himachal Pradesh,17,Hamirpur,147,Bijhri,26.0857,80.0651,517.8,17.84,4,Deciduous Broadleaf Forest
2,Himachal Pradesh,17,Hamirpur,148,Hamirpur,25.9608,80.0852,476.5,17.49,4,Deciduous Broadleaf Forest
2,Himachal Pradesh,17,Hamirpur,149,Nadaun,25.875,80.0902,447.1,17.25,4,Deciduous Broadleaf Forest
2,Himachal Pradesh,17,Hamirpur,150,Tira Sujanpur,25.836,80.2255,449.7,17.14,4,Deciduous Broadleaf Forest
2,Himachal Pradesh,18,Kangra,151,Baijnath,32.1393,76.3812,2194.5,12.39,4,Deciduous Broadleaf Forest
2,Himachal Pradesh,18,Kangra,152,Bhawarna,32.2033,76.3934,2218.4,12.57,4,Deciduous Broadleaf Forest
2,Himachal Pradesh,18,Kangra,153,Dehra Gopipur,32.1513,76.2975,2188.7,12.42,4,Deciduous Broadleaf Forest
2,Himachal Pradesh,18,Kangra,154,Fatehpur,32.2345,76.208,2207.0,12.66,4,Deciduous Broadleaf Forest
2,Himachal Pradesh,18,Kangra,155,Indora,32.1396,76.228,2176.2,12.39,4,Deciduous Broadleaf Forest
2,Himachal Pradesh,18,Kangra,156,Kangra,32.1393,76.165,2168.6,12.39,4,Deciduous Broadleaf Forest
2,Himachal Pradesh,18,Kangra,157,Lambagaon,32.1014,76.103,2147.8,12.28,4,Deciduous Broadleaf Forest
2,Himachal Pradesh,18,Kangra,158,Nagrota Bagwan,32.0807,76.2142,2153.9,12.23,4,Deciduous Broadleaf Forest
2,Himachal Pradesh,18,Kangra,159,Nagrota Surian,32.0313,76.1904,2133.8,12.09,4,Deciduous Broadleaf Forest
2,Himachal Pradesh,18,Kangra,160,Nurpur,31.9682,76.208,2113.8,23.11,4,Deciduous Broadleaf Forest
2,Himachal Pradesh,18,Kangra,161,Panchrukhi,32.0473,76.2731,2149.3,12.13,4,Deciduous Broadleaf Forest
2,Himachal Pradesh,18,Kangra,162,Pragpur,32.0098,76.3179,2141.6,12.03,4,Deciduous Broadleaf Forest
2,Himachal Pradesh,18,Kangra,163,Rait,31.9994,76.3934,2147.0,23.2,4,Deciduous Broadleaf Forest
2,Himachal Pradesh,18,Kangra,164,Sulah,32.0807,76.3321,2168.1,12.23,4,Deciduous Broadleaf Forest
2,Himachal Pradesh,18,Kangra,6504,Dharamshala,32.2005,76.2731,2202.9,12.56,4,Deciduous Broadleaf Forest
2,Himachal Pradesh,18,Kangra,7496,Badoh,32.1014,76.3369,2175.9,12.28,4,Deciduous Broadleaf Forest
2,Himachal Pradesh,19,Kinnaur,165,Kalpa,31.5952,78.4771,2255.6,22.07,4,Deciduous Broadleaf Forest
2,Himachal Pradesh,19,Kinnaur,166,Nichar,31.681,78.3554,2271.0,22.31,4,Deciduous Broadleaf Forest
2,Himachal Pradesh,19,Kinnaur,167,Pooh,31.4704,78.329,2194.1,21.72,4,Deciduous Broadleaf Forest
2,Himachal Pradesh,20,Kullu,168,Anni,31.9041,77.4645,2242.2,22.93,4,Deciduous Broadleaf Forest
2,Himachal Pradesh,20,Kullu,169,Banjar,31.9984,77.4369,2271.9,23.2,4,Deciduous Broadleaf Forest
2,Himachal Pradesh,20,Kullu,170,Kullu,31.9888,77.2635,2247.7,23.17,4,Deciduous Broadleaf Forest
2,Himachal Pradesh,20,Kullu,171,Naggar,31.8723,77.3494,2217.2,22.84,4,Deciduous Broadleaf Forest
2,Himachal Pradesh,20,Kullu,172,Nirmand,31.8099,77.4369,2205.9,22.67,4,Deciduous Broadleaf Forest
2,Himachal Pradesh,21,Lahul And Spiti,173,Lahul,32.4801,77.6809,2469.7,13.34,4,Deciduous Broadleaf Forest
2,Himachal Pradesh,21,Lahul And Spiti,174,Spiti,32.4801,77.4993,2448.0,13.34,4,Deciduous Broadleaf Forest
2,Himachal Pradesh,22,Mandi,175,Balh,31.1048,77.2365,1935.1,20.69,4,Deciduous Broadleaf Forest
2,Himachal Pradesh,22,Mandi,176,Gohar,31.1048,77.0577,1913.6,20.69,4,Deciduous Broadleaf Forest
2,Himachal Pradesh,22,Mandi,177,Chauntra,31.2175,77.2784,1979.5,21.01,4,Deciduous Broadleaf Forest
2,Himachal Pradesh,22,Mandi,178,Dharmpur,31.2175,77.0684,1954.3,21.01,4,Deciduous Broadleaf Forest
2,Himachal Pradesh,22,Mandi,179,Drang,31.1283,77.1165,1928.9,20.76,4,Deciduous Broadleaf Forest
2,Himachal Pradesh,22,Mandi,180,Gopalpur,31.0423,77.0217,1887.4,20.52,4,Deciduous Broadleaf Forest
2,Himachal Pradesh,22,Mandi,181,Karsog,31.0625,77.134,1908.0,20.57,4,Deciduous Broadleaf Forest
2,Himachal Pradesh,22,Mandi,182,Mandi Sadar,31.0082,77.1476,1890.6,20.42,4,Deciduous Broadleaf Forest
2,Himachal Pradesh,22,Mandi,183,Seraj,31.0625,77.2128,1917.4,20.57,4,Deciduous Broadleaf Forest
2,Himachal Pradesh,22,Mandi,184,Sundarnagar,31.0618,77.2777,1925.0,20.57,4,Deciduous Broadleaf Forest
2,Himachal Pradesh,22,Mandi,7349,Bali Chowki,31.1478,77.2777,1955.1,20.81,4,Deciduous Broadleaf Forest
2,Himachal Pradesh,22,Mandi,7490,Dhanotu,31.2014,77.1476,1958.2,20.96,4,Deciduous Broadleaf Forest
2,Himachal Pradesh,22,Mandi,7491,Nihri,30.9643,77.2109,1882.8,20.3,4,Deciduous Broadleaf Forest
2,Himachal Pradesh,22,Mandi,7494,Churag,31.1575,77.1874,1947.6,20.84,4,Deciduous Broadleaf Forest
2,Himachal Pradesh,23,Shimla,185,Basantpur,31.1033,77.2216,1932.7,20.69,4,Deciduous Broadleaf Forest
2,Himachal Pradesh,23,Shimla,186,Chauhara,31.1493,77.2609,1953.6,20.82,4,Deciduous Broadleaf Forest
2,Himachal Pradesh,23,Shimla,187,Chaupal,31.2219,77.2541,1978.2,21.02,4,Deciduous Broadleaf Forest
2,Himachal Pradesh,23,Shimla,188,Jubbal,31.1569,77.166,1944.8,20.84,4,Deciduous Broadleaf Forest
2,Himachal Pradesh,23,Shimla,189,Mashobra,31.1162,77.0971,1922.3,20.73,4,Deciduous Broadleaf Forest
2,Himachal Pradesh,23,Shimla,190,Narkanda,31.0077,77.0324,1876.6,20.42,4,Deciduous Broadleaf Forest
2,Himachal Pradesh,23,Shimla,191,Rampur,31.0527,77.1361,1904.8,20.55,4,Deciduous Broadleaf Forest
2,Himachal Pradesh,23,Shimla,192,Rohru,31.0049,77.1724,1892.4,20.41,4,Deciduous Broadleaf Forest
2,Himachal Pradesh,23,Shimla,193,Theog,30.9846,77.2541,1895.1,20.36,4,Deciduous Broadleaf Forest
2,Himachal Pradesh,23,Shimla,6538,Nankhari,31.0795,77.0461,1903.4,20.62,4,Deciduous Broadleaf Forest
2,Himachal Pradesh,23,Shimla,7348,Kupvi,31.1988,77.0324,1943.5,20.96,4,Deciduous Broadleaf Forest
2,Himachal Pradesh,23,Shimla,7481,Totu,31.0781,77.2143,1923.1,20.62,4,Deciduous Broadleaf Forest
2,Himachal Pradesh,23,Shimla,7492,Kotkhai,31.1959,77.1174,1952.7,20.95,4,Deciduous Broadleaf Forest
2,Himachal Pradesh,24,Sirmaur,194,Nahan,30.6667,77.4939,1812.6,19.47,4,Deciduous Broadleaf Forest
2,Himachal Pradesh,24,Sirmaur,195,Pachhad,30.7442,77.5029,1840.8,19.68,4,Deciduous Broadleaf Forest
2,Himachal Pradesh,24,Sirmaur,196,Paonta Sahib,30.8073,77.3938,1849.8,19.86,4,Deciduous Broadleaf Forest
2,Himachal Pradesh,24,Sirmaur,197,Rajgarh,30.6902,77.3745,1806.5,19.53,4,Deciduous Broadleaf Forest
2,Himachal Pradesh,24,Sirmaur,198,Sangrah,30.6237,77.3273,1777.6,19.35,4,Deciduous Broadleaf Forest
2,Himachal Pradesh,24,Sirmaur,199,Shillai,30.5262,77.3938,1751.4,19.07,4,Deciduous Broadleaf Forest
2,Himachal Pradesh,24,Sirmaur,7493,Tilordhar,30.6245,77.4703,1795.0,19.35,4,Deciduous Broadleaf Forest
2,Himachal Pradesh,25,Solan,200,Dharampur,30.9189,77.1606,1860.9,20.17,4,Deciduous Broadleaf Forest
2,Himachal Pradesh,25,Solan,201,Kandaghat,31.0131,77.1333,1890.6,20.44,4,Deciduous Broadleaf Forest
2,Himachal Pradesh,25,Solan,202,Kunihar,31.0036,76.9617,1866.7,20.41,4,Deciduous Broadleaf Forest
2,Himachal Pradesh,25,Solan,203,Nalagarh,30.8871,77.0467,1836.1,20.08,4,Deciduous Broadleaf Forest
2,Himachal Pradesh,25,Solan,204,Solan,30.8246,77.1333,1824.6,19.91,4,Deciduous Broadleaf Forest
2,Himachal Pradesh,26,Una,205,Amb,31.1048,77.2365,1935.1,20.69,4,Deciduous Broadleaf Forest
2,Himachal Pradesh,26,Una,206,Bangana,31.199,77.2092,1964.8,20.96,4,Deciduous Broadleaf Forest
2,Himachal Pradesh,26,Una,207,Gagret,31.1895,77.0372,1940.8,20.93,4,Deciduous Broadleaf Forest
2,Himachal Pradesh,26,Una,208,Haroli,31.073,77.1223,1910.2,20.6,4,Deciduous Broadleaf Forest
2,Himachal Pradesh,26,Una,209,Una,31.0106,77.2092,1898.8,20.43,4,Deciduous Broadleaf Forest
3,Punjab,27,Amritsar,210,Ajnala,31.6335,74.9386,219.9,1.43,12,Croplands
3,Punjab,27,Amritsar,212,Chogawan,31.7754,74.9045,217.4,1.47,12,Croplands
3,Punjab,27,Amritsar,215,Harshe Chhina,31.6803,74.8433,218.2,1.41,12,Croplands
3,Punjab,27,Amritsar,216,Jandiala Guru,31.6674,74.7657,217.6,1.37,12,Croplands
3,Punjab,27,Amritsar,218,Majitha,31.5842,74.716,218.4,1.32,12,Croplands
3,Punjab,27,Amritsar,221,Rayya,31.5867,74.8433,219.6,1.37,12,Croplands
3,Punjab,27,Amritsar,223,Tarsikka,31.5359,74.8953,220.9,1.37,12,Croplands
3,Punjab,27,Amritsar,225,Verka,31.5408,75.0048,221.9,1.42,12,Croplands
3,Punjab,27,Amritsar,6621,Attari,31.6972,74.9642,219.2,1.46,12,Croplands
3,Punjab,28,Bathinda,226,Bathinda,30.2075,75.0015,241.9,0.88,12,Croplands
3,Punjab,28,Bathinda,227,Bhagta Bhaika,30.2712,75.0268,241.2,0.92,12,Croplands
3,Punjab,28,Bathinda,228,Maur,30.2543,74.9077,240.3,0.86,12,Croplands
3,Punjab,28,Bathinda,229,Nathana,30.2414,74.8312,239.7,0.83,12,Croplands
3,Punjab,28,Bathinda,230,Phul,30.1582,74.7822,240.4,1.98,12,Croplands
3,Punjab,28,Bathinda,231,Rampura,30.1607,74.9077,241.7,0.83,12,Croplands
3,Punjab,28,Bathinda,232,Sangat,30.1099,74.9588,242.9,0.83,12,Croplands
3,Punjab,28,Bathinda,233,Talwandi Sabo,30.1148,75.0667,243.9,0.87,12,Croplands
3,Punjab,28,Bathinda,7333,Goniana,30.3494,74.9679,239.4,0.93,12,Croplands
3,Punjab,29,Faridkot,234,Faridkot,30.6555,74.8323,233.5,1.0,12,Croplands
3,Punjab,29,Faridkot,235,Kot Kapura,30.5306,74.6857,233.9,0.89,12,Croplands
3,Punjab,29,Faridkot,7091,Jaitu,30.7413,74.7119,231.0,0.98,12,Croplands
3,Punjab,30,Fatehgarh Sahib,236,Amloh,30.6422,76.4395,249.8,1.63,12,Croplands
3,Punjab,30,Fatehgarh Sahib,237,Bassi Pathana,30.7364,76.4123,248.1,1.66,12,Croplands
3,Punjab,30,Fatehgarh Sahib,238,Khamano,30.7269,76.2411,246.5,1.59,12,Croplands
3,Punjab,30,Fatehgarh Sahib,239,Khera,30.6104,76.3258,249.1,1.57,12,Croplands
3,Punjab,30,Fatehgarh Sahib,240,Sirhind,30.5479,76.4123,250.9,1.58,12,Croplands
3,Punjab,31,Ferozepur,243,Firozpur,31.1471,75.4044,231.8,1.42,12,Croplands
3,Punjab,31,Ferozepur,244,Ghall Khurd,31.2329,75.3991,230.5,1.45,12,Croplands
3,Punjab,31,Ferozepur,245,Guru Har Sahai,31.2719,75.257,228.5,1.41,12,Croplands
3,Punjab,31,Ferozepur,248,Makhu,31.1471,75.278,230.6,1.37,12,Croplands
3,Punjab,31,Ferozepur,249,Mamdot,31.0613,75.2833,231.9,1.34,12,Croplands
3,Punjab,31,Ferozepur,250,Zira,31.0223,75.4254,233.9,1.38,12,Croplands
3,Punjab,32,Gurdaspur,252,Batala,32.0409,75.4651,219.0,1.8,12,Croplands
3,Punjab,32,Gurdaspur,253,Dera Baba Nanak,32.0945,75.4997,218.6,1.84,12,Croplands
3,Punjab,32,Gurdaspur,254,Dhariwal,32.172,75.472,217.1,1.86,12,Croplands
3,Punjab,32,Gurdaspur,256,Dinanagar,32.0944,75.3923,217.5,1.79,13,Urban and Built-up Lands
3,Punjab,32,Gurdaspur,257,Dorangla,32.1158,75.3248,216.5,1.78,12,Croplands
3,Punjab,32,Gurdaspur,258,Fatehgarh Churian,32.0815,75.2382,216.2,1.73,12,Croplands
3,Punjab,32,Gurdaspur,259,Gurdaspur,32.0257,75.3402,218.0,1.75,12,Croplands
3,Punjab,32,Gurdaspur,260,Kahnuwan,31.966,75.3248,218.8,1.72,12,Croplands
3,Punjab,32,Gurdaspur,261,Kalanaur,31.8982,75.3772,220.3,1.71,12,Croplands
3,Punjab,32,Gurdaspur,264,Qadian,31.9917,75.4279,219.4,1.77,12,Croplands
3,Punjab,32,Gurdaspur,265,Sri Hargobindpur,31.9873,75.4997,220.2,1.79,12,Croplands
3,Punjab,33,Hoshiarpur,267,Bhunga,31.5372,75.9761,231.7,1.81,12,Croplands
3,Punjab,33,Hoshiarpur,268,Dasuya,31.5955,76.0068,231.1,1.84,12,Croplands
3,Punjab,33,Hoshiarpur,269,Garhshankar,31.6743,75.965,229.5,1.86,12,Croplands
3,Punjab,33,Hoshiarpur,270,Hajipur,31.5886,75.8931,230.1,1.79,12,Croplands
3,Punjab,33,Hoshiarpur,271,Hoshiarpur-I,31.5955,75.8186,229.3,1.77,12,Croplands
3,Punjab,33,Hoshiarpur,272,Hoshiarpur-Ii,31.5372,75.7436,229.4,1.71,12,Croplands
3,Punjab,33,Hoshiarpur,273,Mahilpur,31.5055,75.8614,231.0,1.75,12,Croplands
3,Punjab,33,Hoshiarpur,274,Mukerian,31.443,75.8768,232.1,1.73,12,Croplands
3,Punjab,33,Hoshiarpur,275,Talwara,31.4001,75.965,233.6,1.75,12,Croplands
3,Punjab,33,Hoshiarpur,276,Tanda,31.5055,75.964,232.1,1.79,12,Croplands
3,Punjab,34,Jalandhar,277,Adampur,31.3308,75.6534,231.6,1.59,12,Croplands
3,Punjab,34,Jalandhar,278,Bhogpur,31.3844,75.6878,231.1,1.63,12,Croplands
3,Punjab,34,Jalandhar,279,Jalandhar - West,31.3843,75.5812,230.0,1.59,12,Croplands
3,Punjab,34,Jalandhar,280,Jalandhar-East,31.4619,75.6603,229.7,1.65,12,Croplands
3,Punjab,34,Jalandhar,281,Lohian,31.4057,75.5142,229.1,1.57,12,Croplands
3,Punjab,34,Jalandhar,282,Nakodar,31.3156,75.5294,230.6,1.54,12,Croplands
3,Punjab,34,Jalandhar,283,Nurmahal,31.2559,75.5142,231.3,1.51,12,Croplands
3,Punjab,34,Jalandhar,284,Phillaur,31.1881,75.5661,232.8,1.5,12,Croplands
3,Punjab,34,Jalandhar,285,Rurka Kalan,31.2816,75.6164,231.9,1.56,12,Croplands
3,Punjab,34,Jalandhar,286,Shahkot,31.2772,75.6878,232.7,1.59,12,Croplands
3,Punjab,34,Jalandhar,6906,Mehatpur,31.3714,75.4282,228.7,1.52,12,Croplands
3,Punjab,35,Kapurthala,287,Dhilwan,31.3778,75.4543,228.9,1.53,12,Croplands
3,Punjab,35,Kapurthala,288,Kapurthala,31.472,75.4268,227.2,1.56,12,Croplands
3,Punjab,35,Kapurthala,289,Nadala,31.4625,75.2544,225.6,1.49,12,Croplands
3,Punjab,35,Kapurthala,290,Phagwara,31.346,75.3397,228.2,1.47,12,Croplands
3,Punjab,35,Kapurthala,291,Sultanpur Lodhi,31.2835,75.4268,230.0,1.48,12,Croplands
3,Punjab,36,Ludhiana,292,Dehlon,30.9073,75.9122,240.5,1.53,12,Croplands
3,Punjab,36,Ludhiana,293,Doraha,30.9533,75.9515,240.2,1.56,12,Croplands
3,Punjab,36,Ludhiana,294,Jagraon,31.0259,75.9446,239.1,1.59,12,Croplands
3,Punjab,36,Ludhiana,295,Khanna,30.9609,75.8568,239.2,1.53,12,Croplands
3,Punjab,36,Ludhiana,296,Ludhiana-1,30.9999,75.8082,238.1,1.52,12,Croplands
3,Punjab,36,Ludhiana,297,Ludhiana-2,31.0028,75.7235,237.2,1.49,12,Croplands
3,Punjab,36,Ludhiana,298,Machhiwara,30.9202,75.788,239.1,1.48,12,Croplands
3,Punjab,36,Ludhiana,299,Pakhowal,30.8117,75.7235,240.1,1.41,12,Croplands
3,Punjab,36,Ludhiana,300,Raikot,30.8567,75.8269,240.4,1.47,12,Croplands
3,Punjab,36,Ludhiana,301,Samrala,30.8089,75.8631,241.5,1.47,12,Croplands
3,Punjab,36,Ludhiana,302,Sidhwan Bet,30.7886,75.9446,242.6,1.49,12,Croplands
3,Punjab,36,Ludhiana,303,Sudhar,30.8821,75.905,240.8,1.51,12,Croplands
3,Punjab,36,Ludhiana,7085,Maloud,30.8835,75.7371,239.1,1.45,12,Croplands
3,Punjab,37,Mansa,304,Bhikhi,31.1471,75.4044,231.8,1.42,12,Croplands
3,Punjab,37,Mansa,305,Budhlada,31.2413,75.377,230.2,1.45,12,Croplands
3,Punjab,37,Mansa,306,Jhunir,31.2318,75.2049,228.6,1.37,12,Croplands
3,Punjab,37,Mansa,307,Mansa,31.1153,75.2901,231.2,1.36,12,Croplands
3,Punjab,37,Mansa,308,Sardulgarh,31.0529,75.377,233.0,1.37,12,Croplands
3,Punjab,38,Moga,309,Baghapurana,30.8189,75.2406,235.1,1.22,12,Croplands
3,Punjab,38,Moga,310,Kot-Ise-Khan,30.9132,75.2134,233.4,1.25,12,Croplands
3,Punjab,38,Moga,311,Moga-I,30.9036,75.0419,231.9,1.18,12,Croplands
3,Punjab,38,Moga,312,Moga-Ii,30.7871,75.1268,234.5,1.17,12,Croplands
3,Punjab,38,Moga,313,Nihal Singh Wala,30.7247,75.2134,236.3,1.18,12,Croplands
3,Punjab,39,Sri Muktsar Sahib,314,Gidderbaha,30.4678,74.5809,233.8,0.82,12,Croplands
3,Punjab,39,Sri Muktsar Sahib,315,Lambi,30.5669,74.5182,231.7,0.83,12,Croplands
3,Punjab,39,Sri Muktsar Sahib,316,Malout,30.4678,74.351,231.5,1.93,12,Croplands
3,Punjab,39,Sri Muktsar Sahib,317,Muktsar,30.4137,74.5182,234.0,1.97,12,Croplands
3,Punjab,40,Shahid Bhagat Singh Nagar,318,Aur,31.1105,76.2179,240.5,1.73,12,Croplands
3,Punjab,40,Shahid Bhagat Singh Nagar,319,Balachaur,31.2047,76.1905,238.8,1.76,12,Croplands
3,Punjab,40,Shahid Bhagat Singh Nagar,320,Banga,31.1952,76.0186,237.3,1.69,12,Croplands
3,Punjab,40,Shahid Bhagat Singh Nagar,321,Nawanshahr,31.0787,76.1037,239.9,1.67,12,Croplands
3,Punjab,40,Shahid Bhagat Singh Nagar,322,Saroya,31.0162,76.1905,241.7,1.68,12,Croplands
3,Punjab,41,Patiala,323,Bhuner Heri,30.3362,76.4548,254.5,1.52,12,Croplands
3,Punjab,41,Patiala,325,Ghanaur,30.3945,76.4851,253.9,1.55,12,Croplands
3,Punjab,41,Patiala,326,Nabha,30.4733,76.4438,252.3,1.57,12,Croplands
3,Punjab,41,Patiala,327,Patiala,30.3877,76.3728,252.9,1.5,12,Croplands
3,Punjab,41,Patiala,328,Patran,30.3362,76.2252,252.2,1.42,12,Croplands
3,Punjab,41,Patiala,329,Rajpura,30.3045,76.3415,253.8,1.46,12,Croplands
3,Punjab,41,Patiala,330,Samana,30.242,76.3567,254.9,1.44,12,Croplands
3,Punjab,41,Patiala,331,Sanour,30.1992,76.4438,256.4,1.46,12,Croplands
3,Punjab,41,Patiala,7337,Shambu Kalan,30.3045,76.4429,254.9,1.5,12,Croplands
3,Punjab,41,Patiala,7479,Patiala Rural,30.3945,76.2993,252.1,1.48,12,Croplands
3,Punjab,42,Rupnagar,332,Anandpur Sahib,30.973,76.5958,246.4,1.83,12,Croplands
3,Punjab,42,Rupnagar,333,Chamkaur Sahib,31.0672,76.5684,244.7,1.85,12,Croplands
3,Punjab,42,Rupnagar,336,Morinda,31.0577,76.3967,243.1,1.78,12,Croplands
3,Punjab,42,Rupnagar,337,Nurpur Bedi,30.9412,76.4817,245.7,1.77,12,Croplands
3,Punjab,42,Rupnagar,338,Rupnagar,30.8787,76.5684,247.5,1.78,13,Urban and Built-up Lands
3,Punjab,43,Sangrur,340,Andana,30.2511,75.8969,250.2,1.26,12,Croplands
3,Punjab,43,Sangrur,342,Bhawani Garh,30.3212,75.9155,249.3,1.29,12,Croplands
3,Punjab,43,Sangrur,343,Dhuri,30.3952,75.8344,247.4,1.29,12,Croplands
3,Punjab,43,Sangrur,344,Lehragaga,30.2511,75.7196,248.4,1.19,12,Croplands
3,Punjab,43,Sangrur,347,Sangrur,30.1492,75.7164,249.9,1.15,12,Croplands
3,Punjab,43,Sangrur,349,Sherpur,30.197,75.8344,250.4,1.21,12,Croplands
3,Punjab,43,Sangrur,350,Sunam,30.181,75.9155,251.4,1.24,12,Croplands
3,Punjab,43,Sangrur,6736,Dirba,30.2893,75.7901,248.6,1.23,12,Croplands
3,Punjab,605,Barnala,341,Barnala,30.3745,75.6114,245.5,1.19,12,Croplands
3,Punjab,605,Barnala,346,Mehal Kalan,30.4603,75.4913,243.0,1.18,12,Croplands
3,Punjab,605,Barnala,348,Sehna,30.2497,75.4652,245.9,1.09,12,Croplands
3,Punjab,608,S.A.S Nagar,324,Dera Bassi,30.7035,76.7545,252.0,1.78,12,Croplands
3,Punjab,608,S.A.S Nagar,334,Kharar,30.8026,76.6916,249.9,1.8,12,Croplands
3,Punjab,608,S.A.S Nagar,335,Majri,30.7035,76.524,249.7,1.69,12,Croplands
3,Punjab,608,S.A.S Nagar,7486,Mohali,30.6494,76.6916,252.2,1.74,12,Croplands
3,Punjab,609,Tarn Taran,211,Bhikhi Wind-13,31.4596,74.9855,223.0,1.38,12,Croplands
3,Punjab,609,Tarn Taran,213,Chohla Sahib-8,31.5297,75.0043,222.1,1.41,12,Croplands
3,Punjab,609,Tarn Taran,214,Gandiwind-9,31.6037,74.9221,220.2,1.41,12,Croplands
3,Punjab,609,Tarn Taran,217,Khadur-Sahib-10,31.4978,74.8773,221.3,1.35,12,Croplands
3,Punjab,609,Tarn Taran,219,Naushehra Pannuan-11,31.4596,74.8059,221.2,1.31,12,Croplands
3,Punjab,609,Tarn Taran,220,Patti-14,31.3577,74.8026,222.7,1.26,12,Croplands
3,Punjab,609,Tarn Taran,222,Tarn Taran-12,31.4055,74.9221,223.1,1.33,12,Croplands
3,Punjab,609,Tarn Taran,224,Valtoha-15,31.3895,75.0043,224.2,1.36,12,Croplands
3,Punjab,651,Fazilka,241,Abohar,30.409,74.0975,229.8,1.8,12,Croplands
3,Punjab,651,Fazilka,242,Fazilka,30.4937,73.8996,226.6,1.76,12,Croplands
3,Punjab,651,Fazilka,246,Jalalabad,30.3772,73.9841,229.2,1.74,12,Croplands
3,Punjab,651,Fazilka,247,Khuian Sarwar,30.3147,74.0703,231.0,1.75,12,Croplands
3,Punjab,651,Fazilka,6735,Arniwala Shiekh Subhan,30.5032,74.0703,228.2,1.83,12,Croplands
3,Punjab,662,Pathankot,251,Bamial,32.0409,75.4651,219.0,1.8,12,Croplands
3,Punjab,662,Pathankot,255,Dharkalan,32.1267,75.4598,217.7,1.83,12,Croplands
3,Punjab,662,Pathankot,262,Narot Jaimal Singh,32.0409,75.3376,217.8,1.75,12,Croplands
3,Punjab,662,Pathankot,263,Pathankot,31.9551,75.3429,219.1,1.72,12,Croplands
3,Punjab,662,Pathankot,266,Sujanpur,31.916,75.4864,221.1,1.76,12,Croplands
3,Punjab,662,Pathankot,6779,Gharota,32.1657,75.3163,215.7,1.79,12,Croplands
3,Punjab,737,Malerkotla,339,Ahmedgarh,30.2511,75.8969,250.2,1.26,12,Croplands
3,Punjab,737,Malerkotla,345,Malerkotla,30.1262,75.7509,250.6,1.15,12,Croplands
3,Punjab,737,Malerkotla,7487,Amargarh,30.3369,75.777,247.7,1.25,12,Croplands
4,Chandigarh,44,Chandigarh,351,Chandigarh,30.7036,76.7897,252.3,1.8,12,Croplands
5,Uttarakhand,45,Almora,352,Bhaisiya Chhana,29.5968,79.7139,1704.5,16.47,4,Deciduous Broadleaf Forest
5,Uttarakhand,45,Almora,353,Bhikiyasain,29.6504,79.7476,1727.4,16.62,4,Deciduous Broadleaf Forest
5,Uttarakhand,45,Almora,354,Chaukhutiya,29.7279,79.7206,1751.2,16.84,4,Deciduous Broadleaf Forest
5,Uttarakhand,45,Almora,355,Dhauladevi,29.6503,79.6429,1714.8,16.62,4,Deciduous Broadleaf Forest
5,Uttarakhand,45,Almora,356,Dwarahat,29.6717,79.5771,1714.3,16.68,4,Deciduous Broadleaf Forest
5,Uttarakhand,45,Almora,357,Hawalbag,29.6374,79.4927,1692.2,16.58,4,Deciduous Broadleaf Forest
5,Uttarakhand,45,Almora,358,Lamgara,29.5816,79.5921,1684.6,16.43,4,Deciduous Broadleaf Forest
5,Uttarakhand,45,Almora,359,Sult,29.5219,79.5771,1661.9,16.26,4,Deciduous Broadleaf Forest
5,Uttarakhand,45,Almora,360,Syaldey,29.4541,79.6281,1644.3,16.07,4,Deciduous Broadleaf Forest
5,Uttarakhand,45,Almora,361,Takula,29.5476,79.6775,1683.0,16.33,4,Deciduous Broadleaf Forest
5,Uttarakhand,45,Almora,362,Tarikhet,29.5432,79.7476,1689.8,16.32,4,Deciduous Broadleaf Forest
5,Uttarakhand,46,Bageshwar,363,Bageshwar,29.8357,79.8339,1802.6,17.14,4,Deciduous Broadleaf Forest
5,Uttarakhand,46,Bageshwar,364,Garur,29.9215,79.7145,1818.3,17.38,4,Deciduous Broadleaf Forest
5,Uttarakhand,46,Bageshwar,365,Kapkote,29.7109,79.6885,1741.4,16.79,4,Deciduous Broadleaf Forest
5,Uttarakhand,47,Chamoli,366,Dasholi,30.4901,79.6388,2008.2,18.97,4,Deciduous Broadleaf Forest
5,Uttarakhand,47,Chamoli,367,Dewal,30.5538,79.6642,2033.5,19.15,4,Deciduous Broadleaf Forest
5,Uttarakhand,47,Chamoli,368,Gairsain,30.632,79.6051,2053.8,19.37,4,Deciduous Broadleaf Forest
5,Uttarakhand,47,Chamoli,369,Ghat,30.5369,79.5447,2013.3,19.1,4,Deciduous Broadleaf Forest
5,Uttarakhand,47,Chamoli,370,Joshimath,30.524,79.468,1999.6,19.07,4,Deciduous Broadleaf Forest
5,Uttarakhand,47,Chamoli,371,Karnaprayag,30.4408,79.4189,1964.5,18.83,4,Deciduous Broadleaf Forest
5,Uttarakhand,47,Chamoli,372,Narayanbagar,30.4433,79.5447,1980.5,18.84,4,Deciduous Broadleaf Forest
5,Uttarakhand,47,Chamoli,373,Pokhari,30.3925,79.5961,1968.9,18.7,4,Deciduous Broadleaf Forest
5,Uttarakhand,47,Chamoli,374,Tharali,30.3974,79.7042,1983.6,18.71,4,Deciduous Broadleaf Forest
5,Uttarakhand,48,Champawat,375,Barakot,29.3359,80.1527,1665.9,15.74,4,Deciduous Broadleaf Forest
5,Uttarakhand,48,Champawat,376,Champawat,29.435,80.0907,1693.1,16.02,4,Deciduous Broadleaf Forest
5,Uttarakhand,48,Champawat,377,Lohaghat,29.3359,79.9254,1638.6,15.74,4,Deciduous Broadleaf Forest
5,Uttarakhand,48,Champawat,378,Pati,29.2818,80.0907,1639.5,15.59,4,Deciduous Broadleaf Forest
5,Uttarakhand,49,Dehradun,379,Chakrata,30.3097,78.1115,1761.8,18.47,4,Deciduous Broadleaf Forest
5,Uttarakhand,49,Dehradun,380,Doiwala,30.3955,78.1063,1791.2,18.71,4,Deciduous Broadleaf Forest
5,Uttarakhand,49,Dehradun,381,Kalsi,30.4345,77.9654,1787.9,18.82,4,Deciduous Broadleaf Forest
5,Uttarakhand,49,Dehradun,382,Raipur,30.3097,77.9863,1746.8,18.47,4,Deciduous Broadleaf Forest
5,Uttarakhand,49,Dehradun,383,Sahaspur,30.2239,77.9915,1717.3,18.23,4,Deciduous Broadleaf Forest
5,Uttarakhand,49,Dehradun,384,Vikasnagar,30.1849,78.1324,1720.6,18.12,4,Deciduous Broadleaf Forest
5,Uttarakhand,50,Haridwar,385,Bahadrabad,29.9479,78.2226,1648.5,17.45,4,Deciduous Broadleaf Forest
5,Uttarakhand,50,Haridwar,386,Bhagwanpur,30.0337,78.2174,1677.9,17.69,4,Deciduous Broadleaf Forest
5,Uttarakhand,50,Haridwar,387,Khanpur,30.0727,78.0771,1674.7,17.8,4,Deciduous Broadleaf Forest
5,Uttarakhand,50,Haridwar,388,Laksar,29.9479,78.0979,1633.5,17.45,4,Deciduous Broadleaf Forest
5,Uttarakhand,50,Haridwar,389,Narsan,29.8621,78.1031,1604.1,17.21,4,Deciduous Broadleaf Forest
5,Uttarakhand,50,Haridwar,390,Roorkee,29.8231,78.2434,1607.3,17.1,4,Deciduous Broadleaf Forest
5,Uttarakhand,51,Nainital,391,Betalghat,29.3937,79.5138,1609.5,15.9,4,Deciduous Broadleaf Forest
5,Uttarakhand,51,Nainital,392,Bhimtal,29.4638,79.5322,1636.2,16.1,4,Deciduous Broadleaf Forest
5,Uttarakhand,51,Nainital,393,Dhari,29.5378,79.4518,1652.4,16.31,4,Deciduous Broadleaf Forest
5,Uttarakhand,51,Nainital,394,Haldwani,29.4319,79.4079,1610.1,16.01,4,Deciduous Broadleaf Forest
5,Uttarakhand,51,Nainital,395,Kotabag,29.3937,79.338,1588.4,15.9,4,Deciduous Broadleaf Forest
5,Uttarakhand,51,Nainital,396,Okhalkanda,29.2918,79.3348,1552.3,15.62,4,Deciduous Broadleaf Forest
5,Uttarakhand,51,Nainital,397,Ramgarh,29.3396,79.4518,1583.1,15.75,4,Deciduous Broadleaf Forest
5,Uttarakhand,51,Nainital,398,Ramnagar,29.3236,79.5322,1587.1,15.71,4,Deciduous Broadleaf Forest
5,Uttarakhand,52,Pauri Garhwal,399,Bironkhal,29.8772,78.8288,1696.5,17.26,4,Deciduous Broadleaf Forest
5,Uttarakhand,52,Pauri Garhwal,400,Duggada,29.9175,78.8708,1715.6,17.37,4,Deciduous Broadleaf Forest
5,Uttarakhand,52,Pauri Garhwal,401,Dwarikhal,29.9843,78.8777,1739.8,17.56,4,Deciduous Broadleaf Forest
5,Uttarakhand,52,Pauri Garhwal,402,Ekeshwar,29.9286,78.7857,1709.3,17.4,4,Deciduous Broadleaf Forest
5,Uttarakhand,52,Pauri Garhwal,403,Kaljikhal,29.9757,78.7545,1722.0,17.53,4,Deciduous Broadleaf Forest
5,Uttarakhand,52,Pauri Garhwal,404,Khirsu,30.002,78.6833,1722.7,17.61,4,Deciduous Broadleaf Forest
5,Uttarakhand,52,Pauri Garhwal,405,Kot,29.909,78.716,1694.1,17.35,4,Deciduous Broadleaf Forest
5,Uttarakhand,52,Pauri Garhwal,406,Nainidanda,29.8978,78.6547,1682.8,17.31,4,Deciduous Broadleaf Forest
5,Uttarakhand,52,Pauri Garhwal,407,Pabau,29.8472,78.6038,1659.0,17.17,4,Deciduous Broadleaf Forest
5,Uttarakhand,52,Pauri Garhwal,408,Pauri,29.8454,78.716,1671.8,17.17,4,Deciduous Broadleaf Forest
5,Uttarakhand,52,Pauri Garhwal,409,Pokhra,29.7914,78.7093,1652.1,17.02,4,Deciduous Broadleaf Forest
5,Uttarakhand,52,Pauri Garhwal,410,Rikhnikhal,29.7338,78.7491,1636.7,16.85,4,Deciduous Broadleaf Forest
5,Uttarakhand,52,Pauri Garhwal,411,Thalisain,29.8258,78.7857,1673.3,17.11,4,Deciduous Broadleaf Forest
5,Uttarakhand,52,Pauri Garhwal,412,Yamkeshwar,29.8035,78.8429,1672.4,17.05,4,Deciduous Broadleaf Forest
5,Uttarakhand,52,Pauri Garhwal,413,Zahrikhal,29.8186,78.9183,1686.7,17.09,4,Deciduous Broadleaf Forest
5,Uttarakhand,53,Pithoragarh,414,Berinag,29.5852,80.2784,1768.2,16.44,4,Deciduous Broadleaf Forest
5,Uttarakhand,53,Pithoragarh,415,Dharchula,29.6553,80.2969,1795.0,16.63,4,Deciduous Broadleaf Forest
5,Uttarakhand,53,Pithoragarh,416,Didihat,29.7293,80.2163,1811.2,16.84,4,Deciduous Broadleaf Forest
5,Uttarakhand,53,Pithoragarh,417,Gangolihat,29.6234,80.1723,1768.9,16.55,4,Deciduous Broadleaf Forest
5,Uttarakhand,53,Pithoragarh,418,Kanalichina,29.5852,80.1023,1747.1,16.44,4,Deciduous Broadleaf Forest
5,Uttarakhand,53,Pithoragarh,419,Munakot,29.4833,80.0991,1711.0,16.15,4,Deciduous Broadleaf Forest
5,Uttarakhand,53,Pithoragarh,420,Munsyari,29.5311,80.2163,1741.8,16.29,4,Deciduous Broadleaf Forest
5,Uttarakhand,53,Pithoragarh,421,Pithoragarh,29.5151,80.2969,1745.9,16.24,4,Deciduous Broadleaf Forest
5,Uttarakhand,54,Rudra Prayag,422,Augustmuni,30.2846,79.04,1864.4,18.4,4,Deciduous Broadleaf Forest
5,Uttarakhand,54,Rudra Prayag,423,Jakholi,30.3704,78.92,1880.0,18.64,4,Deciduous Broadleaf Forest
5,Uttarakhand,54,Rudra Prayag,424,Ukhimath,30.1597,78.894,1803.2,18.05,4,Deciduous Broadleaf Forest
5,Uttarakhand,55,Tehri Garhwal,425,Bhilangna,30.4344,78.6002,1864.1,18.82,4,Deciduous Broadleaf Forest
5,Uttarakhand,55,Tehri Garhwal,426,Chamba,30.4981,78.6255,1889.4,18.99,4,Deciduous Broadleaf Forest
5,Uttarakhand,55,Tehri Garhwal,427,Deoprayag,30.5764,78.5665,1909.7,19.21,4,Deciduous Broadleaf Forest
5,Uttarakhand,55,Tehri Garhwal,428,Jakhnidhar,30.4812,78.5061,1869.2,18.95,4,Deciduous Broadleaf Forest
5,Uttarakhand,55,Tehri Garhwal,429,Jaunpur,30.4683,78.4295,1855.4,18.91,4,Deciduous Broadleaf Forest
5,Uttarakhand,55,Tehri Garhwal,430,Kirtinagar,30.3851,78.3804,1820.4,18.68,4,Deciduous Broadleaf Forest
5,Uttarakhand,55,Tehri Garhwal,431,Narendra Nagar,30.3876,78.5061,1836.4,18.69,4,Deciduous Broadleaf Forest
5,Uttarakhand,55,Tehri Garhwal,432,Pratapnagar,30.3368,78.5574,1824.8,18.54,4,Deciduous Broadleaf Forest
5,Uttarakhand,55,Tehri Garhwal,433,Thauldhar,30.3418,78.6655,1839.5,18.56,4,Deciduous Broadleaf Forest
5,Uttarakhand,56,Udam Singh Nagar,434,Bajpur,30.0668,79.0818,1793.2,17.79,4,Deciduous Broadleaf Forest
5,Uttarakhand,56,Udam Singh Nagar,435,Gadarpur,30.1443,79.0907,1821.4,18.0,4,Deciduous Broadleaf Forest
5,Uttarakhand,56,Udam Singh Nagar,436,Jaspur,30.2073,78.9822,1830.4,18.18,4,Deciduous Broadleaf Forest
5,Uttarakhand,56,Udam Singh Nagar,437,Kashipur,30.0903,78.963,1787.2,17.85,4,Deciduous Broadleaf Forest
5,Uttarakhand,56,Udam Singh Nagar,438,Khatima,30.0238,78.9161,1758.3,17.67,4,Deciduous Broadleaf Forest
5,Uttarakhand,56,Udam Singh Nagar,439,Rudrapur,29.9263,78.9822,1732.1,17.39,4,Deciduous Broadleaf Forest
5,Uttarakhand,56,Udam Singh Nagar,440,Sitarganj,30.0245,79.0582,1775.6,17.67,4,Deciduous Broadleaf Forest
5,Uttarakhand,57,Uttar Kashi,441,Bhatwari,30.9686,78.6705,2059.5,20.31,4,Deciduous Broadleaf Forest
5,Uttarakhand,57,Uttar Kashi,442,Chinyalisaur,31.0544,78.6653,2088.9,20.55,4,Deciduous Broadleaf Forest
5,Uttarakhand,57,Uttar Kashi,443,Dunda,31.0934,78.5235,2085.5,20.66,4,Deciduous Broadleaf Forest
5,Uttarakhand,57,Uttar Kashi,444,Mori,30.9686,78.5445,2044.3,20.31,4,Deciduous Broadleaf Forest
5,Uttarakhand,57,Uttar Kashi,445,Naugaon,30.8827,78.5497,2014.9,20.07,4,Deciduous Broadleaf Forest
5,Uttarakhand,57,Uttar Kashi,446,Purola,30.8437,78.6916,2018.3,19.96,4,Deciduous Broadleaf Forest
6,Haryana,58,Ambala,447,Ambala-I,30.361,76.8605,258.2,1.69,12,Croplands
6,Haryana,58,Ambala,448,Ambala-Ii,30.4468,76.8552,256.8,1.72,12,Croplands
6,Haryana,58,Ambala,449,Barara,30.4858,76.7143,254.9,1.68,12,Croplands
6,Haryana,58,Ambala,450,Naraingarh,30.361,76.7352,256.9,1.64,12,Croplands
6,Haryana,58,Ambala,451,Saha,30.2752,76.7404,258.3,1.61,12,Croplands
6,Haryana,58,Ambala,452,Shahzadpur,30.2362,76.8813,260.3,1.65,12,Croplands
6,Haryana,59,Bhiwani,454,Bawani Khera,28.793,76.2014,275.1,2.0,12,Croplands
6,Haryana,59,Bhiwani,455,Behal,28.8705,76.2102,274.0,0.83,12,Croplands
6,Haryana,59,Bhiwani,456,Bhiwani,28.9336,76.1031,272.0,0.81,12,Croplands
6,Haryana,59,Bhiwani,459,Kairu,28.8165,76.0841,273.6,1.96,12,Croplands
6,Haryana,59,Bhiwani,460,Loharu,28.75,76.0378,274.1,1.92,12,Croplands
6,Haryana,59,Bhiwani,461,Siwani,28.6525,76.1031,276.2,1.9,12,Croplands
6,Haryana,59,Bhiwani,462,Tosham,28.7508,76.1781,275.5,1.97,12,Croplands
6,Haryana,60,Faridabad,463,Ballabgarh,28.3926,77.3741,292.9,1.11,12,Croplands
6,Haryana,60,Faridabad,464,Faridabad,28.4784,77.2564,290.4,1.09,12,Croplands
6,Haryana,60,Faridabad,7093,Tigaon,28.2678,77.2308,293.3,1.0,12,Croplands
6,Haryana,61,Fatehabad,469,Bhattu Kalan,27.0272,78.3613,323.2,0.96,12,Croplands
6,Haryana,61,Fatehabad,470,Bhuna,27.1047,78.37,322.1,0.99,12,Croplands
6,Haryana,61,Fatehabad,471,Fatehabad,27.1678,78.2646,320.1,0.97,12,Croplands
6,Haryana,61,Fatehabad,472,Jakhal,27.0507,78.246,321.7,0.92,12,Croplands
6,Haryana,61,Fatehabad,473,Ratia,26.8867,78.2646,324.3,0.86,12,Croplands
6,Haryana,61,Fatehabad,474,Tohana,26.985,78.3385,323.6,0.93,12,Croplands
6,Haryana,61,Fatehabad,7094,Nagpur,26.9842,78.2004,322.2,0.87,12,Croplands
6,Haryana,62,Gurugram,475,Farrukh Nagar,28.4772,77.13,289.1,1.04,13,Urban and Built-up Lands
6,Haryana,62,Gurugram,477,Gurgaon,28.5763,77.0685,287.0,1.06,12,Croplands
6,Haryana,62,Gurugram,480,Pataudi,28.4772,76.9045,286.9,0.95,12,Croplands
6,Haryana,62,Gurugram,482,Sohna,28.4231,77.0685,289.3,1.0,12,Croplands
6,Haryana,63,Hisar,484,Adampur,29.1539,75.7848,265.5,1.98,12,Croplands
6,Haryana,63,Hisar,485,Agroha,29.2176,75.8099,264.8,0.81,12,Croplands
6,Haryana,63,Hisar,486,Barwala,29.2959,75.7516,263.1,0.82,12,Croplands
6,Haryana,63,Hisar,487,Hansi-I,29.2008,75.692,263.9,1.96,12,Croplands
6,Haryana,63,Hisar,488,Hansi-Ii,29.1878,75.6163,263.3,1.92,12,Croplands
6,Haryana,63,Hisar,489,Hisar-I,29.1046,75.5678,264.1,1.87,12,Croplands
6,Haryana,63,Hisar,490,Hisar-Ii,29.1071,75.692,265.3,1.92,12,Croplands
6,Haryana,63,Hisar,491,Narnaund,29.0563,75.7426,266.6,1.92,12,Croplands
6,Haryana,63,Hisar,492,Uklana,29.0613,75.8494,267.6,1.96,12,Croplands
6,Haryana,64,Jhajjar,493,Bahadurgarh,28.6851,76.7229,282.0,0.96,12,Croplands
6,Haryana,64,Jhajjar,494,Beri,28.7482,76.616,279.9,0.95,12,Croplands
6,Haryana,64,Jhajjar,495,Jhajjar,28.6311,76.597,281.5,0.89,12,Croplands
6,Haryana,64,Jhajjar,496,Matannail,28.4671,76.616,284.2,0.83,12,Croplands
6,Haryana,64,Jhajjar,497,Salhawas,28.5654,76.6909,283.4,0.9,12,Croplands
6,Haryana,64,Jhajjar,7095,Badli,28.6077,76.7141,283.0,0.93,12,Croplands
6,Haryana,64,Jhajjar,7357,Machhrauli,28.5647,76.5508,282.0,0.85,12,Croplands
6,Haryana,65,Jind,498,Alewa,29.3158,76.377,269.0,1.08,12,Croplands
6,Haryana,65,Jind,499,Jind,29.3858,76.3954,268.2,1.11,12,Croplands
6,Haryana,65,Jind,500,Julana,29.4599,76.315,266.3,1.11,12,Croplands
6,Haryana,65,Jind,501,Narwana,29.354,76.2712,267.4,1.05,12,Croplands
6,Haryana,65,Jind,502,Pillukhera,29.3158,76.2014,267.3,1.01,12,Croplands
6,Haryana,65,Jind,503,Safidon,29.2138,76.1981,268.8,0.96,12,Croplands
6,Haryana,65,Jind,504,Uchana,29.2617,76.315,269.2,1.03,12,Croplands
6,Haryana,65,Jind,7096,Ujhana,29.2457,76.3954,270.3,1.06,12,Croplands
6,Haryana,66,Kaithal,505,Guhla,29.8749,76.4488,261.4,1.33,12,Croplands
6,Haryana,66,Kaithal,506,Kaithal,29.938,76.3407,259.3,1.31,12,Croplands
6,Haryana,66,Kaithal,507,Kalayat,29.8209,76.3215,260.9,1.26,12,Croplands
6,Haryana,66,Kaithal,508,Pundri,29.7544,76.2747,261.4,1.21,12,Croplands
6,Haryana,66,Kaithal,509,Rajound,29.6569,76.3407,263.6,1.2,12,Croplands
6,Haryana,66,Kaithal,510,Siwan,29.7552,76.4165,262.8,1.27,12,Croplands
6,Haryana,66,Kaithal,7097,Dhand,29.7974,76.4399,262.4,1.29,12,Croplands
6,Haryana,67,Karnal,511,Assandh,29.692,77.0467,270.1,1.5,12,Croplands
6,Haryana,67,Karnal,512,Gharaunda (Part),29.8339,77.0133,267.6,1.54,12,Croplands
6,Haryana,67,Karnal,513,Indri,29.7388,76.9534,268.5,1.48,12,Croplands
6,Haryana,67,Karnal,514,Karnal,29.7259,76.8773,267.9,1.44,12,Croplands
6,Haryana,67,Karnal,515,Nilokheri,29.5944,77.0043,271.1,1.44,12,Croplands
6,Haryana,67,Karnal,516,Nissing,29.5993,77.1116,272.1,1.48,12,Croplands
6,Haryana,67,Karnal,7098,Munak,29.6452,76.9534,269.9,1.44,12,Croplands
6,Haryana,67,Karnal,7099,Kunjpura,29.6427,76.8286,268.6,1.39,12,Croplands
6,Haryana,67,Karnal,7495,Chirao,29.7557,77.0719,269.4,1.53,12,Croplands
6,Haryana,68,Kurukshetra,517,Babain,29.9732,76.8945,264.3,1.55,12,Croplands
6,Haryana,68,Kurukshetra,518,Ladwa,30.1138,76.7951,261.2,1.56,12,Croplands
6,Haryana,68,Kurukshetra,519,Pehowa,29.9967,76.7759,262.8,1.51,12,Croplands
6,Haryana,68,Kurukshetra,520,Shahbad,29.8327,76.7951,265.5,1.45,12,Croplands
6,Haryana,68,Kurukshetra,521,Thanesar,29.931,76.871,264.7,1.52,12,Croplands
6,Haryana,68,Kurukshetra,6733,Ismailabad,30.0507,76.9035,263.3,1.58,12,Croplands
6,Haryana,68,Kurukshetra,7100,Pipli,29.9302,76.7291,263.3,1.46,12,Croplands
6,Haryana,69,Mahendragarh,522,Ateli Nangal,23.2133,82.2524,419.3,0.99,12,Croplands
6,Haryana,69,Mahendragarh,523,Kanina,23.2833,82.2698,418.4,1.02,12,Croplands
6,Haryana,69,Mahendragarh,524,Mahendragarh,23.3574,82.1936,416.6,1.02,12,Croplands
6,Haryana,69,Mahendragarh,525,Nangal Chaudhry,23.2515,82.152,417.7,0.96,12,Croplands
6,Haryana,69,Mahendragarh,526,Narnaul,23.2133,82.0857,417.7,0.92,12,Croplands
6,Haryana,69,Mahendragarh,6731,Sihma,23.1432,82.2698,420.6,0.97,12,Croplands
6,Haryana,69,Mahendragarh,6776,Nizampur,23.1113,82.0826,419.2,0.88,12,Croplands
6,Haryana,69,Mahendragarh,6777,Satnali,23.1592,82.1936,419.5,0.94,12,Croplands
6,Haryana,70,Panchkula,527,Barwala,30.7046,76.9268,253.7,1.85,12,Croplands
6,Haryana,70,Panchkula,528,Morni,30.8037,76.8639,251.6,1.87,12,Croplands
6,Haryana,70,Panchkula,529,Pinjore,30.7046,76.6963,251.4,1.76,12,Croplands
6,Haryana,70,Panchkula,530,Raipur Rani,30.6505,76.8639,253.9,1.81,12,Croplands
6,Haryana,71,Panipat,531,Bapoli,29.3875,77.0303,274.5,1.37,12,Croplands
6,Haryana,71,Panipat,532,Israna,29.4733,77.0251,273.2,1.4,12,Croplands
6,Haryana,71,Panipat,533,Madlauda,29.5123,76.8855,271.2,1.36,12,Croplands
6,Haryana,71,Panipat,534,Panipat,29.3875,76.9062,273.2,1.32,12,Croplands
6,Haryana,71,Panipat,535,Samalkha,29.3016,76.9114,274.6,1.29,12,Croplands
6,Haryana,71,Panipat,7023,Sanauli Khurd,29.2626,77.051,276.6,1.33,12,Croplands
6,Haryana,72,Rewari,536,Bawal,28.199,76.6796,288.8,1.95,12,Croplands
6,Haryana,72,Rewari,537,Jatusana,28.2225,76.563,287.3,1.91,12,Croplands
6,Haryana,72,Rewari,538,Khol At Rewari,28.156,76.517,287.8,1.87,12,Croplands
6,Haryana,72,Rewari,539,Nahar,28.0585,76.5819,289.9,1.86,12,Croplands
6,Haryana,72,Rewari,540,Rewari,28.1567,76.6565,289.2,1.93,12,Croplands
6,Haryana,72,Rewari,7104,Dahina,28.2765,76.6884,287.7,1.99,12,Croplands
6,Haryana,72,Rewari,7358,Dharuhera,28.3395,76.5819,285.7,1.97,12,Croplands
6,Haryana,73,Rohtak,541,Kalanaur,28.8976,76.6362,277.9,1.01,12,Croplands
6,Haryana,73,Rohtak,542,Lakhan Majra,28.9919,76.6094,276.2,1.04,12,Croplands
6,Haryana,73,Rohtak,543,Maham,28.9824,76.4413,274.7,0.97,12,Croplands
6,Haryana,73,Rohtak,544,Rohtak,28.8659,76.5245,277.3,0.96,12,Croplands
6,Haryana,73,Rohtak,545,Sampla,28.8034,76.6094,279.0,0.97,12,Croplands
6,Haryana,74,Sirsa,546,Baragudha,29.5396,75.0932,252.8,1.85,12,Croplands
6,Haryana,74,Sirsa,547,Dabwali,29.617,75.102,251.8,1.89,12,Croplands
6,Haryana,74,Sirsa,548,Ellenabad,29.6801,74.9942,249.7,1.87,12,Croplands
6,Haryana,74,Sirsa,549,Nathusari Chopta,29.563,74.9751,251.3,1.82,12,Croplands
6,Haryana,74,Sirsa,550,Odhan,29.4966,74.9284,251.8,1.77,12,Croplands
6,Haryana,74,Sirsa,551,Rania,29.399,74.9942,254.0,1.76,12,Croplands
6,Haryana,74,Sirsa,552,Sirsa,29.4973,75.0698,253.2,1.83,12,Croplands
6,Haryana,75,Sonipat,553,Ganaur,28.9953,77.0839,280.9,1.23,12,Croplands
6,Haryana,75,Sonipat,554,Gohana,29.0654,77.1023,280.0,1.27,12,Croplands
6,Haryana,75,Sonipat,555,Kathura,29.1394,77.0221,278.1,1.26,12,Croplands
6,Haryana,75,Sonipat,556,Kharkhoda,29.0335,76.9784,279.3,1.2,12,Croplands
6,Haryana,75,Sonipat,557,Mundlana,28.9953,76.9088,279.2,1.16,12,Croplands
6,Haryana,75,Sonipat,558,Rai,28.9412,77.0221,281.1,1.19,12,Croplands
6,Haryana,75,Sonipat,559,Sonipat,28.9252,77.1023,282.1,1.21,12,Croplands
6,Haryana,75,Sonipat,6778,Murthal,28.8934,76.9056,280.7,1.12,12,Croplands
6,Haryana,76,Yamunanagar,560,Bilaspur,30.128,77.3462,266.5,1.79,12,Croplands
6,Haryana,76,Yamunanagar,561,Chhachhrauli,30.2054,77.3551,265.5,1.82,12,Croplands
6,Haryana,76,Yamunanagar,562,Jagadhri,30.2685,77.2466,263.4,1.81,12,Croplands
6,Haryana,76,Yamunanagar,563,Saraswati Nagar,30.0857,77.3227,266.9,1.76,13,Urban and Built-up Lands
6,Haryana,76,Yamunanagar,564,Radaur,30.085,77.1805,265.5,1.71,12,Croplands
6,Haryana,76,Yamunanagar,565,Sadaura (Part),29.9874,77.2466,267.7,1.69,12,Croplands
6,Haryana,76,Yamunanagar,7105,Partap Nagar,30.1514,77.2274,265.0,1.75,13,Urban and Built-up Lands
6,Haryana,604,Nuh,476,Ferozepur Jhirka,29.0588,76.1474,270.6,0.88,12,Croplands
6,Haryana,604,Nuh,478,Nagina,29.1993,76.0489,267.5,0.9,12,Croplands
6,Haryana,604,Nuh,479,Nuh,29.0823,76.0299,269.1,0.84,12,Croplands
6,Haryana,604,Nuh,481,Punahana,28.9183,76.0489,271.7,1.99,12,Croplands
6,Haryana,604,Nuh,483,Taoru,29.0165,76.1242,271.0,0.86,12,Croplands
6,Haryana,604,Nuh,7101,Indri,29.1363,76.1563,269.5,0.92,12,Croplands
6,Haryana,604,Nuh,7102,Pingwan,29.0158,75.9835,269.6,2.0,12,Croplands
6,Haryana,619,Palwal,465,Hassanpur,28.2285,77.3906,295.5,1.05,12,Croplands
6,Haryana,619,Palwal,466,Hathin,28.2675,77.2527,293.5,1.01,12,Croplands
6,Haryana,619,Palwal,467,Hodal,28.1426,77.2731,295.6,0.97,12,Croplands
6,Haryana,619,Palwal,468,Palwal,28.0568,77.2782,296.9,0.93,12,Croplands
6,Haryana,619,Palwal,6734,Prithla,28.0178,77.4162,298.9,0.97,12,Croplands
6,Haryana,619,Palwal,7103,Badoli,28.1426,77.3957,296.8,1.02,12,Croplands
6,Haryana,701,Charki Dadri,453,Badhra,28.6033,76.3112,279.1,1.97,12,Croplands
6,Haryana,701,Charki Dadri,7092,Charkhi Dadri,28.6033,76.0854,276.8,1.88,12,Croplands
6,Haryana,701,Charki Dadri,7106,Baund,28.7024,76.2496,277.0,1.98,12,Croplands
6,Haryana,701,Charki Dadri,7107,Jhojhu,28.5492,76.2496,279.3,1.92,12,Croplands
8,Rajasthan,86,Ajmer,566,Arain,26.5191,74.7249,72.8,2.4,12,Croplands
8,Rajasthan,86,Ajmer,567,Bhinay,26.5967,74.6986,74.0,2.44,12,Croplands
8,Rajasthan,86,Ajmer,568,Jawaja,26.519,74.6231,72.8,2.31,12,Croplands
8,Rajasthan,86,Ajmer,569,Kekri,26.5404,74.5592,73.1,2.28,12,Croplands
8,Rajasthan,86,Ajmer,570,Kishangarh Silora,26.5062,74.4772,72.6,2.19,12,Croplands
8,Rajasthan,86,Ajmer,571,Masooda,26.4503,74.5738,71.8,2.22,12,Croplands
8,Rajasthan,86,Ajmer,572,Pisangan,26.3906,74.5592,70.9,2.16,12,Croplands
8,Rajasthan,86,Ajmer,573,Srinagar,26.412,74.7249,71.2,2.31,12,Croplands
8,Rajasthan,86,Ajmer,6860,Sarwar,26.3229,74.6088,69.8,2.15,12,Croplands
8,Rajasthan,86,Ajmer,7382,Ajmer Rural,26.4655,74.6921,72.0,2.33,12,Croplands
8,Rajasthan,86,Ajmer,7384,Sawar,26.4164,74.6568,71.2,2.26,12,Croplands
8,Rajasthan,87,Alwar,574,Bansur,27.5562,76.6734,88.3,1.58,12,Croplands
8,Rajasthan,87,Alwar,575,Behror,27.5941,76.7157,88.9,1.65,12,Croplands
8,Rajasthan,87,Alwar,576,Kathumar,27.6061,76.6357,89.1,1.59,12,Croplands
8,Rajasthan,87,Alwar,577,Kishangarh Bas,27.6553,76.6124,89.8,1.61,12,Croplands
8,Rajasthan,87,Alwar,578,Kotkasim,27.6894,76.5502,90.3,1.59,12,Croplands
8,Rajasthan,87,Alwar,579,Laxmangarh,27.5944,76.5693,88.9,1.53,12,Croplands
8,Rajasthan,87,Alwar,580,Mandawar,27.5562,76.4498,88.3,1.4,12,Croplands
8,Rajasthan,87,Alwar,581,Neemrana,27.5355,76.5561,88.0,1.47,12,Croplands
8,Rajasthan,87,Alwar,582,Rajgarh,27.4861,76.5333,87.3,1.42,12,Croplands
8,Rajasthan,87,Alwar,583,Ramgarh,27.423,76.5502,86.3,2.98,12,Croplands
8,Rajasthan,87,Alwar,584,Reni,27.5021,76.6124,87.5,1.49,12,Croplands
8,Rajasthan,87,Alwar,585,Thanagazi,27.4646,76.6552,87.0,1.5,12,Croplands
8,Rajasthan,87,Alwar,586,Tijara,27.4543,76.7273,86.8,1.55,12,Croplands
8,Rajasthan,87,Alwar,587,Umren,27.5355,76.6687,88.0,1.56,12,Croplands
8,Rajasthan,87,Alwar,7391,Malkheda,27.5941,76.5091,88.9,1.48,12,Croplands
8,Rajasthan,87,Alwar,7397,Govindgarh,27.6581,76.7273,89.9,1.71,12,Croplands
8,Rajasthan,88,Banswara,588,Anandpuri,23.5517,74.5032,118.3,1.44,12,Croplands
8,Rajasthan,88,Banswara,589,Bagidora,23.6828,74.5096,120.2,1.55,12,Croplands
8,Rajasthan,88,Banswara,590,Banswara,23.6052,74.4359,119.1,1.43,12,Croplands
8,Rajasthan,88,Banswara,591,Garhi,23.5365,74.3877,118.0,2.94,12,Croplands
8,Rajasthan,88,Banswara,592,Ghatol,23.4768,74.3735,117.2,2.88,12,Croplands
8,Rajasthan,88,Banswara,593,Kushalgarh,23.4091,74.4219,116.1,2.86,12,Croplands
8,Rajasthan,88,Banswara,595,Sajjangarh,23.5026,74.4688,117.5,2.98,12,Croplands
8,Rajasthan,88,Banswara,6606,Chhoti Sarwan,23.6266,74.3735,119.4,1.4,12,Croplands
8,Rajasthan,88,Banswara,6822,Gangar Talai,23.5923,74.2934,118.9,2.91,12,Croplands
8,Rajasthan,88,Banswara,6827,Arthuna,23.6053,74.5352,119.1,1.51,12,Croplands
8,Rajasthan,88,Banswara,6828,Talwara,23.4982,74.5352,117.5,1.43,12,Croplands
8,Rajasthan,89,Baran,596,Anta,25.0961,76.5686,51.4,2.73,12,Croplands
8,Rajasthan,89,Baran,597,Atru,25.1661,76.5863,52.5,2.8,12,Croplands
8,Rajasthan,89,Baran,598,Baran (Full),25.2402,76.509,53.6,2.8,12,Croplands
8,Rajasthan,89,Baran,599,Chhabra,25.1343,76.4667,52.0,2.68,12,Croplands
8,Rajasthan,89,Baran,600,Chhipabarod,25.0961,76.3995,51.4,2.6,12,Croplands
8,Rajasthan,89,Baran,601,Kishanganj,24.9941,76.3964,49.9,2.51,12,Croplands
8,Rajasthan,89,Baran,602,Shahbad,25.026,76.5863,50.4,2.69,12,Croplands
8,Rajasthan,89,Baran,7401,Mangrol,25.042,76.509,50.6,2.64,12,Croplands
8,Rajasthan,90,Barmer,603,Baltora,25.7812,71.5189,251.2,2.27,10,Grasslands
8,Rajasthan,90,Barmer,604,Barmer,25.8332,71.546,253.0,2.3,10,Grasslands
8,Rajasthan,90,Barmer,605,Baytoo,25.8442,71.454,250.5,2.31,10,Grasslands
8,Rajasthan,90,Barmer,606,Chohtan,25.8957,71.4258,250.7,2.34,10,Grasslands
8,Rajasthan,90,Barmer,607,Dhorimanna,25.8378,71.3588,247.5,2.3,10,Grasslands
8,Rajasthan,90,Barmer,608,Sheo,25.7097,71.4512,247.7,2.23,10,Grasslands
8,Rajasthan,90,Barmer,609,Sindhari,25.6962,71.5047,249.1,2.22,10,Grasslands
8,Rajasthan,90,Barmer,610,Siwana,25.7095,71.5667,251.2,2.23,10,Grasslands
8,Rajasthan,90,Barmer,6825,Kalyanpur,25.7285,71.3597,245.4,2.24,10,Grasslands
8,Rajasthan,90,Barmer,6830,Patodi,25.6272,71.3338,242.6,2.18,10,Grasslands
8,Rajasthan,90,Barmer,6833,Samdari,25.6532,71.422,245.7,2.19,10,Grasslands
8,Rajasthan,90,Barmer,6834,Gadra Road,25.7754,71.3597,246.3,2.27,10,Grasslands
8,Rajasthan,90,Barmer,6839,Gira,25.7668,71.305,244.5,2.26,10,Grasslands
8,Rajasthan,90,Barmer,6840,Sedwa,25.6178,71.4723,246.5,2.17,10,Grasslands
8,Rajasthan,90,Barmer,6842,Gudhamalani,25.7305,71.2556,242.3,2.24,10,Grasslands
8,Rajasthan,90,Barmer,6843,Ramsar,25.6993,71.4005,246.0,2.22,10,Grasslands
8,Rajasthan,90,Barmer,6844,Dhanau,25.8047,71.4005,248.1,2.28,10,Grasslands
8,Rajasthan,90,Barmer,7472,Panyla Kla,25.6846,71.3332,243.7,2.21,10,Grasslands
8,Rajasthan,90,Barmer,7473,Fagliya,25.85,71.2965,245.9,2.31,10,Grasslands
8,Rajasthan,90,Barmer,7474,Aadel,25.752,71.4738,249.3,2.25,10,Grasslands
8,Rajasthan,90,Barmer,7475,Barmer Rural,25.7943,71.4512,249.4,2.28,10,Grasslands
8,Rajasthan,91,Bharatpur,611,Bayana,27.2109,77.5423,83.2,2.0,12,Croplands
8,Rajasthan,91,Bharatpur,612,Deeg,27.3357,77.5626,85.0,2.12,12,Croplands
8,Rajasthan,91,Bharatpur,613,Kaman,27.2649,77.4815,84.0,2.0,12,Croplands
8,Rajasthan,91,Bharatpur,614,Kumher,27.2967,77.4258,84.5,1.98,12,Croplands
8,Rajasthan,91,Bharatpur,615,Nadbai,27.2829,77.3412,84.2,1.9,12,Croplands
8,Rajasthan,91,Bharatpur,616,Nagar Pahari,27.2109,77.4207,83.2,1.91,12,Croplands
8,Rajasthan,91,Bharatpur,617,Rupbas,27.086,77.4005,81.3,1.79,12,Croplands
8,Rajasthan,91,Bharatpur,618,Sewar,27.1568,77.4815,82.4,1.91,12,Croplands
8,Rajasthan,91,Bharatpur,619,Weir,27.1388,77.6219,82.1,2.01,12,Croplands
8,Rajasthan,91,Bharatpur,7024,Pahari,27.1613,77.385,82.4,1.84,12,Croplands
8,Rajasthan,91,Bharatpur,7402,Uchain,27.125,77.5372,81.9,1.93,12,Croplands
8,Rajasthan,91,Bharatpur,7404,Bhusawar,27.2604,77.578,83.9,2.07,12,Croplands
8,Rajasthan,92,Bhilwara,620,Asind,25.3471,74.7006,55.2,1.44,12,Croplands
8,Rajasthan,92,Bhilwara,621,Banera,25.4598,74.7403,56.9,1.56,12,Croplands
8,Rajasthan,92,Bhilwara,622,Hurda,25.4437,74.6164,56.7,1.45,12,Croplands
8,Rajasthan,92,Bhilwara,623,Jahazpur,25.4598,74.5414,56.9,1.4,12,Croplands
8,Rajasthan,92,Bhilwara,624,Kotri,25.3471,74.5312,55.2,2.9,12,Croplands
8,Rajasthan,92,Bhilwara,625,Mandal,25.2845,74.4971,54.3,2.83,12,Croplands
8,Rajasthan,92,Bhilwara,626,Mandalgarh,25.3048,74.6035,54.6,2.93,12,Croplands
8,Rajasthan,92,Bhilwara,627,Raipur,25.2505,74.6164,53.8,2.89,12,Croplands
8,Rajasthan,92,Bhilwara,628,Sahara,25.2065,74.6763,53.1,2.91,12,Croplands
8,Rajasthan,92,Bhilwara,629,Shahpura,25.3048,74.6781,54.6,2.99,12,Croplands
8,Rajasthan,92,Bhilwara,630,Suwana,25.3041,74.7396,54.6,1.43,12,Croplands
8,Rajasthan,92,Bhilwara,6819,Bijoliya,25.3998,74.6541,56.0,1.44,12,Croplands
8,Rajasthan,92,Bhilwara,7418,Kareda,25.3705,74.5869,55.6,2.97,12,Croplands
8,Rajasthan,92,Bhilwara,7419,Badnor,25.3901,74.7396,55.9,1.5,12,Croplands
8,Rajasthan,93,Bikaner,631,Bikaner,28.0802,73.3978,353.5,1.25,10,Grasslands
8,Rajasthan,93,Bikaner,632,Kolayat,28.0633,73.2812,349.7,1.24,10,Grasslands
8,Rajasthan,93,Bikaner,633,Lunkaransar,28.0504,73.2063,347.2,1.23,10,Grasslands
8,Rajasthan,93,Bikaner,634,Nokha,27.9672,73.1584,344.1,2.38,10,Grasslands
8,Rajasthan,93,Bikaner,635,Sri Dungargarh,27.9238,73.4369,351.6,2.35,10,Grasslands
8,Rajasthan,93,Bikaner,6715,Khajuwala,28.1584,73.3402,353.4,1.3,10,Grasslands
8,Rajasthan,93,Bikaner,7063,Panchoo,27.9697,73.2812,347.8,2.38,10,Grasslands
8,Rajasthan,93,Bikaner,7424,Bajju Khalsa,28.0165,73.3731,351.5,1.21,10,Grasslands
8,Rajasthan,93,Bikaner,7435,Poogal,27.9189,73.3313,348.3,2.35,10,Grasslands
8,Rajasthan,94,Bundi,636,Hindoli,25.5285,75.6705,57.9,2.36,12,Croplands
8,Rajasthan,94,Bundi,637,Keshoraipatan,25.519,75.5075,57.8,2.22,12,Croplands
8,Rajasthan,94,Bundi,638,Nainwa,25.4025,75.5882,56.0,2.19,12,Croplands
8,Rajasthan,94,Bundi,639,Talera,25.34,75.6705,55.1,2.21,12,Croplands
8,Rajasthan,94,Bundi,6907,Bundi,25.4342,75.6965,56.5,2.3,12,Croplands
8,Rajasthan,95,Chittorgarh,641,Bari Sadri,24.8896,74.6836,48.3,2.66,12,Croplands
8,Rajasthan,95,Chittorgarh,642,Begun,24.9432,74.7159,49.1,2.73,12,Croplands
8,Rajasthan,95,Chittorgarh,643,Bhadesar,25.0207,74.69,50.3,2.77,12,Croplands
8,Rajasthan,95,Chittorgarh,644,Bhainsrorgarh,24.9431,74.6155,49.1,2.65,12,Croplands
8,Rajasthan,95,Chittorgarh,645,Bhopalsagar,24.9645,74.5525,49.5,2.61,12,Croplands
8,Rajasthan,95,Chittorgarh,647,Chittorgarh,24.9302,74.4716,49.0,2.52,12,Croplands
8,Rajasthan,95,Chittorgarh,648,Dungla,24.8744,74.5669,48.1,2.55,12,Croplands
8,Rajasthan,95,Chittorgarh,649,Gangrar,24.8147,74.5525,47.2,2.49,12,Croplands
8,Rajasthan,95,Chittorgarh,650,Kapasan,24.747,74.6014,46.2,2.48,12,Croplands
8,Rajasthan,95,Chittorgarh,651,Nimbahera,24.8405,74.6488,47.6,2.59,12,Croplands
8,Rajasthan,95,Chittorgarh,653,Rashmi,24.8361,74.7159,47.5,2.64,12,Croplands
8,Rajasthan,96,Churu,654,Churu,28.3816,75.0374,100.7,2.54,12,Croplands
8,Rajasthan,96,Churu,655,Rajgarh,28.4447,74.9307,101.7,2.5,12,Croplands
8,Rajasthan,96,Churu,656,Ratangarh,28.3276,74.9119,99.9,2.39,12,Croplands
8,Rajasthan,96,Churu,657,Sardarshahar,28.2612,74.8658,98.9,2.3,12,Croplands
8,Rajasthan,96,Churu,658,Sujangarh,28.1636,74.9307,97.5,2.28,12,Croplands
8,Rajasthan,96,Churu,659,Taranagar,28.2619,75.0055,98.9,2.41,12,Croplands
8,Rajasthan,96,Churu,6858,Bidasar,28.3042,75.0286,99.6,2.47,12,Croplands
8,Rajasthan,97,Dausa,660,Bandikui,26.9532,76.4239,79.3,2.5,12,Croplands
8,Rajasthan,97,Dausa,661,Dausa,26.9532,76.3218,79.3,2.42,12,Croplands
8,Rajasthan,97,Dausa,662,Lalsot,26.9746,76.2576,79.6,2.39,12,Croplands
8,Rajasthan,97,Dausa,663,Mahwa,26.8844,76.2722,78.3,2.33,12,Croplands
8,Rajasthan,97,Dausa,664,Sikrai,26.8461,76.4239,77.7,2.42,12,Croplands
8,Rajasthan,97,Dausa,6823,Lawan,26.9403,76.1753,79.1,2.29,12,Croplands
8,Rajasthan,97,Dausa,7436,Baijupada,26.8997,76.391,78.5,2.43,12,Croplands
8,Rajasthan,97,Dausa,7437,Baswa,27.0308,76.3975,80.5,2.54,12,Croplands
8,Rajasthan,97,Dausa,7439,Sikandara,26.8505,76.3556,77.8,2.36,12,Croplands
8,Rajasthan,97,Dausa,7441,Nangal Rajawatan,26.8248,76.2576,77.4,2.27,12,Croplands
8,Rajasthan,97,Dausa,7444,Ramgarh Pachwara,26.757,76.3074,76.4,2.25,12,Croplands
8,Rajasthan,98,Dholpur,665,Bari,26.6929,77.9402,75.4,1.91,12,Croplands
8,Rajasthan,98,Dholpur,666,Baseri,26.7787,77.9351,76.7,1.97,12,Croplands
8,Rajasthan,98,Dholpur,667,Dhaulpur,26.8177,77.799,77.3,1.89,12,Croplands
8,Rajasthan,98,Dholpur,668,Rajakhera,26.6929,77.8192,75.4,1.81,12,Croplands
8,Rajasthan,98,Dholpur,6871,Saipau,26.607,77.8242,74.1,1.74,12,Croplands
8,Rajasthan,98,Dholpur,7438,Sarmathura,26.568,77.9603,73.5,1.82,12,Croplands
8,Rajasthan,99,Dungarpur,669,Aspur,23.8416,73.7735,280.0,2.3,10,Grasslands
8,Rajasthan,99,Dungarpur,670,Bichiwara,23.8999,73.8021,282.1,2.34,10,Grasslands
8,Rajasthan,99,Dungarpur,671,Dungarpur,23.8999,73.6267,276.8,2.34,10,Grasslands
8,Rajasthan,99,Dungarpur,672,Sagwara,23.7045,73.7631,277.0,2.22,10,Grasslands
8,Rajasthan,99,Dungarpur,673,Simalwara,23.8099,73.7622,279.1,2.29,10,Grasslands
8,Rajasthan,99,Dungarpur,6826,Jothari,23.8099,73.6666,276.2,2.29,10,Grasslands
8,Rajasthan,99,Dungarpur,6835,Sabla,23.7474,73.6809,275.4,2.25,10,Grasslands
8,Rajasthan,99,Dungarpur,6836,Chikhali,23.9787,73.7631,282.5,2.39,10,Grasslands
8,Rajasthan,99,Dungarpur,6837,Galiyakoat,23.8416,73.5568,273.5,2.3,10,Grasslands
8,Rajasthan,99,Dungarpur,6838,Dovada,23.893,73.6961,278.7,2.34,10,Grasslands
8,Rajasthan,100,Ganganagar,674,Anupgarh,29.9201,73.9373,406.5,2.35,10,Grasslands
8,Rajasthan,100,Ganganagar,675,Ganganagar,29.9838,73.9625,408.6,2.39,10,Grasslands
8,Rajasthan,100,Ganganagar,676,Karanpur,29.9669,73.8438,404.7,2.38,10,Grasslands
8,Rajasthan,100,Ganganagar,677,Padampur,29.954,73.7675,402.1,2.37,10,Grasslands
8,Rajasthan,100,Ganganagar,678,Raisinghnagar,29.8708,73.7187,399.0,2.32,10,Grasslands
8,Rajasthan,100,Ganganagar,679,Sadulshahar,29.8733,73.8438,402.8,2.32,10,Grasslands
8,Rajasthan,100,Ganganagar,680,Suratgarh,29.8225,73.8948,403.3,2.29,10,Grasslands
8,Rajasthan,100,Ganganagar,6719,Gharsana,30.062,73.9038,408.4,1.24,10,Grasslands
8,Rajasthan,100,Ganganagar,6869,Vijainagar,29.8274,74.0024,122.4,2.86,12,Croplands
8,Rajasthan,101,Hanumangarh,681,Bhadra,27.0238,74.2786,80.4,2.44,12,Croplands
8,Rajasthan,101,Hanumangarh,682,Hanumangarh,27.1013,74.2873,81.5,2.51,12,Croplands
8,Rajasthan,101,Hanumangarh,683,Nohar,27.1643,74.1819,82.5,2.48,12,Croplands
8,Rajasthan,101,Hanumangarh,6614,Pilibanga,27.0473,74.1632,80.7,2.37,12,Croplands
8,Rajasthan,101,Hanumangarh,6615,Sangaria,26.8833,74.1819,78.2,2.25,12,Croplands
8,Rajasthan,101,Hanumangarh,6616,Tibbi,26.9815,74.2557,79.7,2.39,12,Croplands
8,Rajasthan,101,Hanumangarh,6617,Rawatsar,26.9808,74.1177,79.7,2.28,12,Croplands
8,Rajasthan,102,Jaipur,684,Amber,26.9259,75.8674,78.9,2.03,12,Croplands
8,Rajasthan,102,Jaipur,685,Bassi,27.0038,75.9427,80.1,2.16,12,Croplands
8,Rajasthan,102,Jaipur,686,Chaksu,26.9668,75.8464,79.5,2.05,12,Croplands
8,Rajasthan,102,Jaipur,687,Dudu,27.0161,75.8529,80.2,2.1,12,Croplands
8,Rajasthan,102,Jaipur,688,Govindgarh,27.0686,75.8297,81.0,2.12,12,Croplands
8,Rajasthan,102,Jaipur,689,Jamwa Ramgarh,27.0161,75.7606,80.2,2.02,12,Croplands
8,Rajasthan,102,Jaipur,690,Jhotwara,27.0348,75.7009,80.5,1.99,12,Croplands
8,Rajasthan,102,Jaipur,691,Kotputli,26.9107,75.7486,78.7,1.93,12,Croplands
8,Rajasthan,102,Jaipur,692,Phagi,26.8278,75.7909,77.4,1.89,12,Croplands
8,Rajasthan,102,Jaipur,693,Sambhar,26.7832,75.8297,76.7,1.89,12,Croplands
8,Rajasthan,102,Jaipur,694,Sanganer,26.8767,75.8319,78.2,1.97,12,Croplands
8,Rajasthan,102,Jaipur,695,Shahpura,26.851,75.8795,77.8,1.98,12,Croplands
8,Rajasthan,102,Jaipur,696,Viratnagar,26.9107,75.8649,78.7,2.02,12,Croplands
8,Rajasthan,102,Jaipur,6820,Jalsu,26.9794,75.7981,79.7,2.02,12,Croplands
8,Rajasthan,102,Jaipur,6821,Paota,26.8767,75.7815,78.2,1.93,12,Croplands
8,Rajasthan,102,Jaipur,7440,Andhi,26.9538,75.9134,79.3,2.09,12,Croplands
8,Rajasthan,102,Jaipur,7442,Jobner,26.9551,75.7557,79.3,1.97,12,Croplands
8,Rajasthan,102,Jaipur,7443,Mauzamabad,26.817,75.7009,77.3,1.81,12,Croplands
8,Rajasthan,102,Jaipur,7445,Kotkhawda,26.9259,75.6451,78.9,1.86,12,Croplands
8,Rajasthan,102,Jaipur,7446,Tunga,26.848,75.9427,77.7,2.03,12,Croplands
8,Rajasthan,102,Jaipur,7447,Madhorajpura,26.8723,75.7132,78.1,1.87,12,Croplands
8,Rajasthan,102,Jaipur,7448,Kishangarh Renwal,26.9538,75.7001,79.3,1.92,12,Croplands
8,Rajasthan,103,Jaisalmer,697,Jaisalmer,27.06,70.8783,257.5,1.84,10,Grasslands
8,Rajasthan,103,Jaisalmer,698,Sam,26.7789,70.8783,251.9,1.67,10,Grasslands
8,Rajasthan,103,Jaisalmer,699,Sankra,26.8772,70.9521,256.1,1.73,10,Grasslands
8,Rajasthan,103,Jaisalmer,7449,Bhaniyana,26.9195,70.9749,257.6,1.75,10,Grasslands
8,Rajasthan,103,Jaisalmer,7450,Fatehgarh,26.9969,70.9836,259.4,1.8,10,Grasslands
8,Rajasthan,103,Jaisalmer,7451,Mohangarh,26.9429,70.8597,254.6,1.77,10,Grasslands
8,Rajasthan,103,Jaisalmer,7452,Nachana,26.8765,70.8142,252.0,1.73,10,Grasslands
8,Rajasthan,104,Jalore,700,Ahore,27.0238,74.2786,80.4,2.44,12,Croplands
8,Rajasthan,104,Jalore,701,Bhinmal,27.1609,74.2679,82.4,2.54,12,Croplands
8,Rajasthan,104,Jalore,702,Jalore,27.082,74.1279,81.2,2.37,12,Croplands
8,Rajasthan,104,Jalore,703,Jaswantpura,27.0238,74.0561,80.4,2.26,12,Croplands
8,Rajasthan,104,Jalore,704,Raniwara,26.992,74.1688,79.9,2.33,12,Croplands
8,Rajasthan,104,Jalore,705,Sanchore,26.9296,74.1835,78.9,2.29,12,Croplands
8,Rajasthan,104,Jalore,706,Sayla,26.992,74.267,79.9,2.41,12,Croplands
8,Rajasthan,104,Jalore,6732,Chitalwana,27.0752,74.1991,81.1,2.42,12,Croplands
8,Rajasthan,104,Jalore,7453,Bagoda,27.082,74.3079,81.2,2.51,12,Croplands
8,Rajasthan,104,Jalore,7454,Sarnau,26.8867,74.2679,78.3,2.32,12,Croplands
8,Rajasthan,105,Jhalawar,707,Bakani,24.6599,76.2371,44.9,2.12,12,Croplands
8,Rajasthan,105,Jhalawar,708,Dag,24.628,76.118,44.4,2.0,12,Croplands
8,Rajasthan,105,Jhalawar,709,Jhalrapatan,24.5898,76.051,43.8,1.91,12,Croplands
8,Rajasthan,105,Jhalawar,710,Khanpur,24.4879,76.0479,42.3,1.83,12,Croplands
8,Rajasthan,105,Jhalawar,711,Manoharthana,24.5357,76.16,43.0,1.96,12,Croplands
8,Rajasthan,105,Jhalawar,712,Pirawa (Sunel),24.5197,76.2371,42.8,2.01,12,Croplands
8,Rajasthan,105,Jhalawar,6845,Bhawani Mandi,24.7339,76.16,46.0,2.12,12,Croplands
8,Rajasthan,105,Jhalawar,6853,Aklera,24.5898,76.2195,43.8,2.05,12,Croplands
8,Rajasthan,106,Jhunjhunu,713,Alsisar,28.1256,75.4617,96.9,2.67,12,Croplands
8,Rajasthan,106,Jhunjhunu,714,Buhana,28.1792,75.4949,97.7,2.74,12,Croplands
8,Rajasthan,106,Jhunjhunu,715,Chirawa,28.2568,75.4683,98.9,2.78,12,Croplands
8,Rajasthan,106,Jhunjhunu,716,Jhunjhunu,28.1791,75.3917,97.7,2.66,12,Croplands
8,Rajasthan,106,Jhunjhunu,717,Khetri,28.2005,75.3268,98.0,2.62,12,Croplands
8,Rajasthan,106,Jhunjhunu,718,Nawalgarh,28.1104,75.3416,96.7,2.56,12,Croplands
8,Rajasthan,106,Jhunjhunu,719,Surajgarh,28.0765,75.4259,96.1,2.6,12,Croplands
8,Rajasthan,106,Jhunjhunu,720,Udaipurwati,28.0721,75.4949,96.1,2.65,12,Croplands
8,Rajasthan,106,Jhunjhunu,7455,Mandawa,28.1663,75.2436,97.5,2.53,12,Croplands
8,Rajasthan,106,Jhunjhunu,7456,Pilani,28.0507,75.3268,95.8,2.5,12,Croplands
8,Rajasthan,106,Jhunjhunu,7457,Singhana,27.983,75.3771,94.7,2.49,12,Croplands
8,Rajasthan,107,Jodhpur,721,Balesar,26.2961,73.1361,310.0,1.38,10,Grasslands
8,Rajasthan,107,Jodhpur,722,Bap,26.3481,73.1633,311.9,1.41,10,Grasslands
8,Rajasthan,107,Jodhpur,723,Bhopalgarh,26.4107,73.0425,309.5,1.45,10,Grasslands
8,Rajasthan,107,Jodhpur,724,Bilara,26.3196,73.0171,306.9,1.39,10,Grasslands
8,Rajasthan,107,Jodhpur,725,Luni,26.1995,72.9495,302.5,1.32,10,Grasslands
8,Rajasthan,107,Jodhpur,726,Mandor,26.1421,72.9501,301.3,1.29,10,Grasslands
8,Rajasthan,107,Jodhpur,727,Osian,26.2142,73.0171,304.8,1.33,10,Grasslands
8,Rajasthan,107,Jodhpur,728,Phalodi,26.1328,73.0892,305.3,1.28,10,Grasslands
8,Rajasthan,107,Jodhpur,729,Shergarh,26.2111,73.1218,307.9,1.33,10,Grasslands
8,Rajasthan,107,Jodhpur,6718,Bawadi,26.3592,73.0709,309.3,1.42,10,Grasslands
8,Rajasthan,107,Jodhpur,6831,Sekhala,26.2247,73.0681,306.5,1.33,10,Grasslands
8,Rajasthan,107,Jodhpur,6832,Dechu,26.365,72.9127,304.7,1.42,10,Grasslands
8,Rajasthan,107,Jodhpur,6846,Lohawat,26.2435,72.9762,304.2,1.35,10,Grasslands
8,Rajasthan,107,Jodhpur,6847,Bapini,26.3092,73.0681,308.2,1.39,10,Grasslands
8,Rajasthan,107,Jodhpur,6852,Peepad Sahar,26.1681,73.0387,304.5,1.3,10,Grasslands
8,Rajasthan,107,Jodhpur,6855,Tinwari,26.2245,73.1841,310.0,1.33,10,Grasslands
8,Rajasthan,107,Jodhpur,7458,Aau,26.2669,73.0908,308.1,1.36,10,Grasslands
8,Rajasthan,107,Jodhpur,7459,Chamu,26.3528,72.9752,306.3,1.41,10,Grasslands
8,Rajasthan,107,Jodhpur,7460,Dhawa,26.2904,72.9762,305.1,1.37,10,Grasslands
8,Rajasthan,107,Jodhpur,7461,Ghantiyali,26.2817,72.9212,303.3,1.37,10,Grasslands
8,Rajasthan,107,Jodhpur,7462,Keru,26.2455,72.8715,301.1,1.35,10,Grasslands
8,Rajasthan,108,Karauli,730,Hindaun,26.4842,77.0792,72.3,2.65,12,Croplands
8,Rajasthan,108,Karauli,731,Karauli,26.5543,77.0971,73.3,2.72,12,Croplands
8,Rajasthan,108,Karauli,732,Nadauti,26.4842,76.9081,72.3,2.51,12,Croplands
8,Rajasthan,108,Karauli,733,Sapotra,26.3823,76.905,70.7,2.43,12,Croplands
8,Rajasthan,108,Karauli,734,Todabhim,26.4142,77.0971,71.2,2.61,12,Croplands
8,Rajasthan,108,Karauli,7064,Mandrayal,26.6284,77.0188,74.4,2.72,12,Croplands
8,Rajasthan,108,Karauli,7403,Masalpur,26.5225,76.9761,72.8,2.6,12,Croplands
8,Rajasthan,108,Karauli,7405,Sri Mahaveer Ji,26.4302,77.0188,71.5,2.56,12,Croplands
8,Rajasthan,109,Kota,735,Itawa,25.1653,75.911,52.5,2.26,12,Croplands
8,Rajasthan,109,Kota,736,Khairabad,25.2596,75.8851,53.9,2.32,12,Croplands
8,Rajasthan,109,Kota,737,Ladpura,25.25,75.7224,53.8,2.18,12,Croplands
8,Rajasthan,109,Kota,738,Sangod,25.1335,75.8029,52.0,2.15,12,Croplands
8,Rajasthan,109,Kota,739,Sultanpur,25.0711,75.8851,51.1,2.16,12,Croplands
8,Rajasthan,110,Nagaur,740,Degana,27.242,73.8338,349.9,1.95,10,Grasslands
8,Rajasthan,110,Nagaur,741,Didwana,27.3088,73.8405,351.4,1.99,10,Grasslands
8,Rajasthan,110,Nagaur,742,Jayal,27.2531,73.7508,347.6,1.95,10,Grasslands
8,Rajasthan,110,Nagaur,743,Kuchaman,27.3265,73.651,346.1,2.0,10,Grasslands
8,Rajasthan,110,Nagaur,744,Ladnu,27.2334,73.6829,345.2,1.94,10,Grasslands
8,Rajasthan,110,Nagaur,745,Makrana,27.2223,73.623,343.1,1.93,10,Grasslands
8,Rajasthan,110,Nagaur,746,Merta,27.1717,73.5735,340.6,1.9,10,Grasslands
8,Rajasthan,110,Nagaur,747,Mundwa,27.1158,73.6763,342.6,1.87,10,Grasslands
8,Rajasthan,110,Nagaur,748,Nagaur,27.0583,73.7151,342.6,1.83,10,Grasslands
8,Rajasthan,110,Nagaur,749,Parbatsar,27.128,73.8066,346.8,1.88,10,Grasslands
8,Rajasthan,110,Nagaur,750,Riyan Badi,27.143,73.8801,349.3,1.89,10,Grasslands
8,Rajasthan,110,Nagaur,6854,Nawa,27.1503,73.7508,345.5,1.89,10,Grasslands
8,Rajasthan,110,Nagaur,6857,Khinvsar,27.3002,73.7204,347.6,1.98,10,Grasslands
8,Rajasthan,110,Nagaur,6859,Molasar,27.1699,73.6829,343.9,1.9,10,Grasslands
8,Rajasthan,110,Nagaur,7383,Bherunda,27.2017,73.7928,347.8,1.92,10,Grasslands
8,Rajasthan,111,Pali,751,Bali,25.7728,73.3834,307.0,2.26,10,Grasslands
8,Rajasthan,111,Pali,752,Desuri,25.831,73.4124,309.0,2.3,10,Grasslands
8,Rajasthan,111,Pali,753,Jaitaran,25.9098,73.3728,309.4,2.35,10,Grasslands
8,Rajasthan,111,Pali,754,Kharchi(Mar.Jun),25.8242,73.3048,305.6,2.29,10,Grasslands
8,Rajasthan,111,Pali,755,Pali,25.831,73.2343,303.6,2.3,10,Grasslands
8,Rajasthan,111,Pali,756,Raipur,25.7728,73.1633,300.4,2.26,10,Grasslands
8,Rajasthan,111,Pali,757,Rani Station,25.741,73.2748,303.1,2.24,10,Grasslands
8,Rajasthan,111,Pali,758,Rohat,25.6785,73.2893,302.2,2.21,10,Grasslands
8,Rajasthan,111,Pali,759,Sojat,25.6357,73.3728,303.9,2.18,10,Grasslands
8,Rajasthan,111,Pali,760,Sumerpur,25.741,73.3719,306.0,2.24,10,Grasslands
8,Rajasthan,112,Rajsamand,761,Amet,25.0595,73.9428,309.5,1.84,10,Grasslands
8,Rajasthan,112,Rajsamand,762,Bhim,25.1295,73.9605,311.4,1.88,10,Grasslands
8,Rajasthan,112,Rajsamand,763,Deogarh,25.0977,73.841,307.2,1.86,10,Grasslands
8,Rajasthan,112,Rajsamand,764,Khamnor,25.0595,73.7738,304.4,1.84,10,Grasslands
8,Rajasthan,112,Rajsamand,765,Kumbhalgarh,24.9575,73.7706,302.3,1.77,10,Grasslands
8,Rajasthan,112,Rajsamand,766,Railmagra,25.0054,73.8832,306.6,1.8,10,Grasslands
8,Rajasthan,112,Rajsamand,767,Rajsamand,24.9894,73.9605,308.6,1.79,10,Grasslands
8,Rajasthan,112,Rajsamand,7463,Delwada,25.2036,73.8832,310.6,1.92,10,Grasslands
8,Rajasthan,113,Sawai Madhopur,768,Bamanwas,26.023,76.4042,65.3,1.74,12,Croplands
8,Rajasthan,113,Sawai Madhopur,769,Bonli,26.1005,76.4128,66.5,1.81,12,Croplands
8,Rajasthan,113,Sawai Madhopur,770,Gangapur City,26.0465,76.2899,65.7,1.67,12,Croplands
8,Rajasthan,113,Sawai Madhopur,771,Khandar,25.98,76.2447,64.7,1.58,12,Croplands
8,Rajasthan,113,Sawai Madhopur,772,Sawai Madhopur,25.9807,76.3816,64.7,1.69,12,Croplands
8,Rajasthan,113,Sawai Madhopur,6824,Chauth Ka Barwara,26.1635,76.3084,67.5,1.78,12,Croplands
8,Rajasthan,113,Sawai Madhopur,7429,Malarna Doongar,25.8825,76.3084,63.2,1.55,12,Croplands
8,Rajasthan,114,Sikar,773,Danta Ramgarh,27.6616,75.2368,89.9,2.12,12,Croplands
8,Rajasthan,114,Sikar,774,Dhod,27.7369,75.2213,91.1,2.17,12,Croplands
8,Rajasthan,114,Sikar,775,Fatehpur,27.6661,75.14,90.0,2.04,12,Croplands
8,Rajasthan,114,Sikar,776,Khandela,27.6979,75.084,90.5,2.03,12,Croplands
8,Rajasthan,114,Sikar,777,Lachhmangarh,27.6841,74.9991,90.3,1.95,12,Croplands
8,Rajasthan,114,Sikar,778,Neem Ka Thana,27.5625,75.0431,88.4,1.88,12,Croplands
8,Rajasthan,114,Sikar,779,Piprali,27.5262,75.1959,87.9,1.98,12,Croplands
8,Rajasthan,114,Sikar,780,Sri Madhopur,27.54,75.2808,88.1,2.06,12,Croplands
8,Rajasthan,114,Sikar,6856,Patan,27.558,75.14,88.4,1.96,12,Croplands
8,Rajasthan,114,Sikar,7469,Ajeetgarh,27.6121,75.201,89.2,2.05,12,Croplands
8,Rajasthan,114,Sikar,7470,Nechwa,27.6121,75.079,89.2,1.95,12,Croplands
8,Rajasthan,114,Sikar,7471,Palsana,27.4872,75.0586,87.3,1.84,12,Croplands
8,Rajasthan,115,Sirohi,781,Abu Road,24.8903,72.916,275.3,1.73,10,Grasslands
8,Rajasthan,115,Sirohi,782,Pindwara,24.9845,72.8902,276.4,1.79,10,Grasslands
8,Rajasthan,115,Sirohi,783,Reodar,24.975,72.7279,271.3,1.79,10,Grasslands
8,Rajasthan,115,Sirohi,784,Sheoganj,24.8585,72.8082,271.4,1.72,10,Grasslands
8,Rajasthan,115,Sirohi,785,Sirohi,24.7961,72.8902,272.6,1.68,10,Grasslands
8,Rajasthan,116,Tonk,786,Deoli,26.1611,75.8465,67.4,1.41,12,Croplands
8,Rajasthan,116,Tonk,787,Malpura,26.2386,75.8551,68.6,1.47,12,Croplands
8,Rajasthan,116,Tonk,788,Newai,26.3017,75.7505,69.5,1.44,12,Croplands
8,Rajasthan,116,Tonk,789,Todaraisingh,26.1181,75.6868,66.8,2.84,12,Croplands
8,Rajasthan,116,Tonk,790,Tonk,26.0206,75.7505,65.3,2.82,12,Croplands
8,Rajasthan,116,Tonk,791,Uniara,26.1189,75.8238,66.8,2.95,12,Croplands
8,Rajasthan,116,Tonk,7464,Peeplu,26.1846,75.732,67.8,2.93,12,Croplands
8,Rajasthan,117,Udaipur,792,Bargaon,24.587,73.7579,294.5,1.55,10,Grasslands
8,Rajasthan,117,Udaipur,793,Bhinder,24.6176,73.8021,296.4,1.57,10,Grasslands
8,Rajasthan,117,Udaipur,795,Girwa,24.6717,73.8267,298.2,1.6,10,Grasslands
8,Rajasthan,117,Udaipur,796,Gogunda,24.6308,73.7334,294.6,1.58,10,Grasslands
8,Rajasthan,117,Udaipur,797,Jhadol,24.7312,73.6984,295.6,1.64,10,Grasslands
8,Rajasthan,117,Udaipur,798,Kherwara,24.6672,73.6344,292.4,1.6,10,Grasslands
8,Rajasthan,117,Udaipur,799,Kotra,24.6717,73.5702,290.5,1.6,10,Grasslands
8,Rajasthan,117,Udaipur,800,Mavli,24.5425,73.5477,287.3,1.53,10,Grasslands
8,Rajasthan,117,Udaipur,801,Salumbar,24.533,73.6984,291.6,1.52,10,Grasslands
8,Rajasthan,117,Udaipur,802,Sarada,24.4928,73.7321,291.8,1.5,10,Grasslands
8,Rajasthan,117,Udaipur,6620,Lasadiya,24.587,73.5895,289.4,1.55,10,Grasslands
8,Rajasthan,117,Udaipur,6848,Semari,24.5552,73.7465,293.5,1.53,10,Grasslands
8,Rajasthan,117,Udaipur,6849,Sayra,24.4704,73.7916,293.2,1.48,10,Grasslands
8,Rajasthan,117,Udaipur,6850,Phalasiya,24.5068,73.6344,289.2,1.5,10,Grasslands
8,Rajasthan,117,Udaipur,6851,Rishbhdeo,24.4499,73.6495,288.5,1.47,10,Grasslands
8,Rajasthan,117,Udaipur,7113,Jhallara,24.6384,73.6801,293.2,1.58,10,Grasslands
8,Rajasthan,117,Udaipur,7114,Kurabad,24.6037,73.6419,291.3,1.56,10,Grasslands
8,Rajasthan,117,Udaipur,7385,Jaisamand,24.6813,73.7321,295.6,1.61,10,Grasslands
8,Rajasthan,117,Udaipur,7386,Nayagaon,24.5552,73.6504,290.6,1.53,10,Grasslands
8,Rajasthan,117,Udaipur,7387,Vallabhnagar,24.5564,73.8021,295.2,1.53,10,Grasslands
8,Rajasthan,629,Pratapgarh,594,Peepal Khoont,26.9219,74.1035,78.8,2.22,12,Croplands
8,Rajasthan,629,Pratapgarh,640,Arnod,27.0238,74.2786,80.4,2.44,12,Croplands
8,Rajasthan,629,Pratapgarh,646,Chhoti Sadri,27.0939,74.2966,81.4,2.51,12,Croplands
8,Rajasthan,629,Pratapgarh,652,Pratapgarh,26.9697,74.2179,79.5,2.35,12,Croplands
8,Rajasthan,629,Pratapgarh,794,Dhariawad,27.0238,74.1067,80.4,2.3,12,Croplands
8,Rajasthan,629,Pratapgarh,7466,Dalot,27.1679,74.2179,82.5,2.51,12,Croplands
8,Rajasthan,629,Pratapgarh,7467,Dhamotar,27.062,74.175,80.9,2.39,12,Croplands
8,Rajasthan,629,Pratapgarh,7468,Suhagpura,26.9537,74.2966,79.3,2.4,12,Croplands
9,Uttar Pradesh,118,Agra,803,Achhnera,27.1922,78.0608,192.2,0.9,12,Croplands
9,Uttar Pradesh,118,Agra,804,Akola,27.2325,78.1018,191.4,0.93,12,Croplands
9,Uttar Pradesh,118,Agra,805,Bah,27.2993,78.1085,190.5,0.96,12,Croplands
9,Uttar Pradesh,118,Agra,806,Barauli Ahir,27.2436,78.0188,191.9,0.9,12,Croplands
9,Uttar Pradesh,118,Agra,807,Bichpuri,27.2907,77.9884,191.6,0.91,12,Croplands
9,Uttar Pradesh,118,Agra,808,Etmadpur,27.317,77.919,191.8,0.89,12,Croplands
9,Uttar Pradesh,118,Agra,809,Fatehabad,27.224,77.9509,192.7,0.87,12,Croplands
9,Uttar Pradesh,118,Agra,810,Fatehpur Sikri,27.2128,77.8911,193.3,0.84,12,Croplands
9,Uttar Pradesh,118,Agra,811,Jagner,27.1622,77.8415,194.3,0.8,12,Croplands
9,Uttar Pradesh,118,Agra,812,Jaitpur Kalan,27.1604,77.9509,193.5,0.84,12,Croplands
9,Uttar Pradesh,118,Agra,813,Khandauli,27.1064,77.9443,194.2,0.82,12,Croplands
9,Uttar Pradesh,118,Agra,814,Kheragarh,27.0488,77.9831,194.5,0.81,12,Croplands
9,Uttar Pradesh,118,Agra,815,Pinahat,27.1408,78.0188,193.2,0.86,12,Croplands
9,Uttar Pradesh,118,Agra,816,Saiyan,27.1185,78.0746,193.0,0.88,12,Croplands
9,Uttar Pradesh,118,Agra,817,Shamsabad,27.1336,78.1481,192.2,0.91,12,Croplands
9,Uttar Pradesh,119,Aligarh,818,Akrabad,27.8864,78.1349,183.3,1.21,12,Croplands
9,Uttar Pradesh,119,Aligarh,819,Atrauli,27.9359,78.1708,182.4,1.24,12,Croplands
9,Uttar Pradesh,119,Aligarh,820,Bijauli,28.0112,78.1553,181.6,1.27,12,Croplands
9,Uttar Pradesh,119,Aligarh,821,Chandaus,27.9404,78.0738,183.1,1.21,12,Croplands
9,Uttar Pradesh,119,Aligarh,822,Dhanipur,27.9722,78.0177,183.2,1.2,12,Croplands
9,Uttar Pradesh,119,Aligarh,823,Gangiri,27.9584,77.9325,184.0,1.16,12,Croplands
9,Uttar Pradesh,119,Aligarh,824,Gonda,27.8864,78.0126,184.3,1.16,12,Croplands
9,Uttar Pradesh,119,Aligarh,825,Iglas,27.8368,77.9767,185.1,1.13,12,Croplands
9,Uttar Pradesh,119,Aligarh,826,Jawan Sikanderpur,27.7615,77.9922,185.9,1.1,12,Croplands
9,Uttar Pradesh,119,Aligarh,827,Khair,27.8323,78.0738,184.4,1.16,12,Croplands
9,Uttar Pradesh,119,Aligarh,828,Lodha,27.8005,78.1298,184.4,1.17,12,Croplands
9,Uttar Pradesh,119,Aligarh,829,Tappal,27.8143,78.215,183.5,1.21,12,Croplands
9,Uttar Pradesh,120,Prayagraj,830,Bahadurpur,25.4361,81.907,182.5,1.74,12,Croplands
9,Uttar Pradesh,120,Prayagraj,831,Bahria,25.4628,81.9528,181.8,1.77,12,Croplands
9,Uttar Pradesh,120,Prayagraj,832,Chaka,25.4756,81.888,182.2,1.75,12,Croplands
9,Uttar Pradesh,120,Prayagraj,833,Dhanupur,25.5241,81.8977,181.5,1.77,12,Croplands
9,Uttar Pradesh,120,Prayagraj,834,Handia,25.5772,81.8797,181.0,1.78,12,Croplands
9,Uttar Pradesh,120,Prayagraj,835,Holagarh,25.49,81.8431,182.4,1.73,12,Croplands
9,Uttar Pradesh,120,Prayagraj,836,Jasra,25.5295,81.8104,182.2,1.74,12,Croplands
9,Uttar Pradesh,120,Prayagraj,837,Karchhana,25.5539,81.7551,182.3,1.72,12,Croplands
9,Uttar Pradesh,120,Prayagraj,838,Kaudhiyara,25.4702,81.8007,183.0,1.71,12,Croplands
9,Uttar Pradesh,120,Prayagraj,839,Kaurihar,25.4756,81.7465,183.3,1.69,12,Croplands
9,Uttar Pradesh,120,Prayagraj,840,Koraon,25.4557,81.6891,184.0,1.66,12,Croplands
9,Uttar Pradesh,120,Prayagraj,841,Manda,25.4287,81.7879,183.6,1.69,12,Croplands
9,Uttar Pradesh,120,Prayagraj,842,Mauaima,25.3966,81.7465,184.3,1.66,12,Croplands
9,Uttar Pradesh,120,Prayagraj,843,Meja,25.3451,81.7234,185.1,1.63,12,Croplands
9,Uttar Pradesh,120,Prayagraj,844,Phulpur,25.3919,81.8127,183.8,1.68,12,Croplands
9,Uttar Pradesh,120,Prayagraj,845,Pratappur,25.3427,81.8104,184.4,1.66,12,Croplands
9,Uttar Pradesh,120,Prayagraj,846,Saidabad,25.3832,81.8594,183.5,1.7,12,Croplands
9,Uttar Pradesh,120,Prayagraj,847,Shankargarh,25.3481,81.8977,183.6,1.7,12,Croplands
9,Uttar Pradesh,120,Prayagraj,848,Soraon,25.3307,81.9561,183.4,1.71,12,Croplands
9,Uttar Pradesh,120,Prayagraj,849,Uruwan,25.4094,81.9528,182.5,1.74,12,Croplands
9,Uttar Pradesh,120,Prayagraj,7359,Bhagwatpur,25.511,81.9836,181.0,1.8,12,Croplands
9,Uttar Pradesh,120,Prayagraj,7360,Sahson,25.2923,81.8363,184.8,1.65,12,Croplands
9,Uttar Pradesh,120,Prayagraj,7361,Sringverpur Dham,25.408,81.8983,182.9,1.72,12,Croplands
9,Uttar Pradesh,121,Ambedkar Nagar,850,Akbarpur,26.4202,82.7312,164.1,1.26,12,Croplands
9,Uttar Pradesh,121,Ambedkar Nagar,851,Baskhari,26.4839,82.7556,163.1,1.3,12,Croplands
9,Uttar Pradesh,121,Ambedkar Nagar,852,Bhiti,26.5621,82.6988,162.7,1.3,12,Croplands
9,Uttar Pradesh,121,Ambedkar Nagar,853,Bhiyawan,26.467,82.6407,164.3,1.24,12,Croplands
9,Uttar Pradesh,121,Ambedkar Nagar,854,Jahangir Ganj,26.454,82.5669,165.0,1.21,12,Croplands
9,Uttar Pradesh,121,Ambedkar Nagar,855,Jalal Pur,26.3709,82.5196,166.4,1.16,12,Croplands
9,Uttar Pradesh,121,Ambedkar Nagar,856,Katehari,26.3733,82.6407,165.4,1.21,12,Croplands
9,Uttar Pradesh,121,Ambedkar Nagar,857,Ram Nagar,26.3226,82.6901,165.6,1.21,13,Urban and Built-up Lands
9,Uttar Pradesh,121,Ambedkar Nagar,858,Tanda,26.3275,82.7942,164.7,1.25,12,Croplands
9,Uttar Pradesh,122,Auraiya,859,Achchalda,26.4603,79.5713,188.9,1.21,12,Croplands
9,Uttar Pradesh,122,Auraiya,860,Ajitmal,26.5378,79.58,187.9,1.25,12,Croplands
9,Uttar Pradesh,122,Auraiya,861,Auraiya,26.6008,79.4751,188.0,1.23,12,Croplands
9,Uttar Pradesh,122,Auraiya,862,Bhagyanagar,26.4838,79.4566,189.5,1.18,13,Urban and Built-up Lands
9,Uttar Pradesh,122,Auraiya,863,Bidhuna,26.4173,79.4112,190.7,1.13,12,Croplands
9,Uttar Pradesh,122,Auraiya,864,Erwa Katra,26.3198,79.4751,191.4,1.12,12,Croplands
9,Uttar Pradesh,122,Auraiya,865,Sahar,26.418,79.5486,189.6,1.19,12,Croplands
9,Uttar Pradesh,123,Azamgarh,866,Ahiraula,26.0683,83.2438,164.2,1.32,12,Croplands
9,Uttar Pradesh,123,Azamgarh,867,Atraulia,26.0962,83.2894,163.5,1.35,12,Croplands
9,Uttar Pradesh,123,Azamgarh,868,Azmatgarh,26.1463,83.3186,162.7,1.39,12,Croplands
9,Uttar Pradesh,123,Azamgarh,869,Bilariyaganj,26.1092,83.223,163.9,1.33,12,Croplands
9,Uttar Pradesh,123,Azamgarh,870,Haraiya,26.1585,83.2294,163.3,1.36,12,Croplands
9,Uttar Pradesh,123,Azamgarh,871,Jahanaganj,26.211,83.2064,162.8,1.37,12,Croplands
9,Uttar Pradesh,123,Azamgarh,872,Koilsa,26.1218,83.175,164.1,1.32,12,Croplands
9,Uttar Pradesh,123,Azamgarh,873,Lalganj,26.1585,83.1378,164.0,1.32,12,Croplands
9,Uttar Pradesh,123,Azamgarh,874,Mahrajganj,26.1773,83.0785,164.2,1.3,12,Croplands
9,Uttar Pradesh,123,Azamgarh,875,Martinganj,26.0975,83.133,164.8,1.29,12,Croplands
9,Uttar Pradesh,123,Azamgarh,876,Mehnagar,26.0962,83.0777,165.2,1.27,13,Urban and Built-up Lands
9,Uttar Pradesh,123,Azamgarh,877,Mirzapur,26.0683,83.0231,166.0,1.24,12,Croplands
9,Uttar Pradesh,123,Azamgarh,878,Mohammadpur,26.0531,83.1258,165.4,1.27,12,Croplands
9,Uttar Pradesh,123,Azamgarh,879,Palhana,26.0147,83.0908,166.1,1.24,12,Croplands
9,Uttar Pradesh,123,Azamgarh,880,Palhani,25.9594,83.0785,166.9,1.22,12,Croplands
9,Uttar Pradesh,123,Azamgarh,881,Pawai,26.0192,83.1586,165.5,1.27,12,Croplands
9,Uttar Pradesh,123,Azamgarh,882,Phulpur,25.9702,83.1679,166.0,1.26,12,Croplands
9,Uttar Pradesh,123,Azamgarh,883,Rani Ki Sarai,25.9256,83.2064,166.2,1.25,12,Croplands
9,Uttar Pradesh,123,Azamgarh,884,Sathiyaon,26.0192,83.2086,165.1,1.29,12,Croplands
9,Uttar Pradesh,123,Azamgarh,885,Tahbarpur,25.9934,83.2558,165.0,1.3,12,Croplands
9,Uttar Pradesh,123,Azamgarh,886,Tarwa,25.9904,83.3186,164.6,1.32,12,Croplands
9,Uttar Pradesh,123,Azamgarh,887,Thekma,26.0531,83.2413,164.4,1.32,12,Croplands
9,Uttar Pradesh,124,Baghpat,888,Baghpat,28.9452,77.2825,177.4,1.29,12,Croplands
9,Uttar Pradesh,124,Baghpat,889,Baraut,29.031,77.2774,176.4,1.32,12,Croplands
9,Uttar Pradesh,124,Baghpat,890,Binauli,29.07,77.1384,177.1,1.28,12,Croplands
9,Uttar Pradesh,124,Baghpat,891,Chhaprauli,28.9452,77.159,178.4,1.24,12,Croplands
9,Uttar Pradesh,124,Baghpat,892,Khekra,28.8593,77.1641,179.4,1.21,12,Croplands
9,Uttar Pradesh,124,Baghpat,893,Pilana,28.8203,77.3031,178.7,1.25,12,Croplands
9,Uttar Pradesh,125,Bahraich,894,Balaha,27.5768,81.6635,158.8,1.3,12,Croplands
9,Uttar Pradesh,125,Bahraich,895,Chitaura,27.6198,81.7032,157.9,1.33,12,Croplands
9,Uttar Pradesh,125,Bahraich,896,Huzoorpur,27.6895,81.7039,157.1,1.36,12,Croplands
9,Uttar Pradesh,125,Bahraich,897,Jarwal,27.6295,81.6161,158.5,1.3,12,Croplands
9,Uttar Pradesh,125,Bahraich,898,Kaisarganj,27.6735,81.5776,158.3,1.3,12,Croplands
9,Uttar Pradesh,125,Bahraich,899,Mahasi,27.6895,81.5011,158.7,1.28,12,Croplands
9,Uttar Pradesh,125,Bahraich,900,Mihinpurwa,27.6003,81.5476,159.4,1.26,12,Croplands
9,Uttar Pradesh,125,Bahraich,901,Nawabganj,27.5768,81.4907,160.2,1.23,12,Croplands
9,Uttar Pradesh,125,Bahraich,902,Phakharpur,27.5346,81.5645,160.1,1.24,12,Croplands
9,Uttar Pradesh,125,Bahraich,903,Payagpur,27.5143,81.456,161.2,1.19,12,Croplands
9,Uttar Pradesh,125,Bahraich,904,Risia,27.4802,81.5776,160.6,1.22,12,Croplands
9,Uttar Pradesh,125,Bahraich,905,Shivpur,27.4363,81.6387,160.7,1.23,12,Croplands
9,Uttar Pradesh,125,Bahraich,906,Tejwapur,27.5346,81.6405,159.5,1.27,12,Croplands
9,Uttar Pradesh,125,Bahraich,907,Visheshwarganj,27.5338,81.7032,159.0,1.29,12,Croplands
9,Uttar Pradesh,126,Ballia,908,Bairia,25.7584,84.2081,160.2,1.59,12,Croplands
9,Uttar Pradesh,126,Ballia,909,Bansdih,25.7941,84.2507,159.5,1.62,12,Croplands
9,Uttar Pradesh,126,Ballia,910,Belhari,25.8555,84.2663,158.6,1.65,12,Croplands
9,Uttar Pradesh,126,Ballia,911,Beruarbari,25.8067,84.1748,159.9,1.59,12,Croplands
9,Uttar Pradesh,126,Ballia,912,Chilkahar,25.857,84.1582,159.5,1.61,12,Croplands
9,Uttar Pradesh,126,Ballia,913,Dubhar,25.897,84.1043,159.4,1.6,12,Croplands
9,Uttar Pradesh,126,Ballia,914,Garwar,25.8015,84.1119,160.5,1.57,12,Croplands
9,Uttar Pradesh,126,Ballia,915,Hanumanganj,25.8105,84.0545,160.8,1.55,12,Croplands
9,Uttar Pradesh,126,Ballia,916,Maniar,25.7848,83.9907,161.7,1.51,12,Croplands
9,Uttar Pradesh,126,Ballia,917,Murlichhapra,25.7484,84.0891,161.3,1.54,12,Croplands
9,Uttar Pradesh,126,Ballia,918,Nagra,25.7062,84.0545,162.1,1.5,12,Croplands
9,Uttar Pradesh,126,Ballia,919,Navanagar,25.6433,84.0516,162.9,1.48,13,Urban and Built-up Lands
9,Uttar Pradesh,126,Ballia,920,Pandah,25.7064,84.1316,161.5,1.54,12,Croplands
9,Uttar Pradesh,126,Ballia,921,Rasra,25.6597,84.1582,161.8,1.53,12,Croplands
9,Uttar Pradesh,126,Ballia,922,Reoti,25.6293,84.2194,161.7,1.54,12,Croplands
9,Uttar Pradesh,126,Ballia,923,Siar,25.7219,84.1924,160.8,1.57,12,Croplands
9,Uttar Pradesh,126,Ballia,924,Sohanv,25.7226,84.2507,160.3,1.59,12,Croplands
9,Uttar Pradesh,127,Balrampur,925,Balrampur,26.8467,81.0068,172.8,1.94,12,Croplands
9,Uttar Pradesh,127,Balrampur,926,Gaindas Bujurg,26.9104,81.0313,171.8,1.98,12,Croplands
9,Uttar Pradesh,127,Balrampur,927,Gaisri,26.9887,80.9743,171.3,1.99,12,Croplands
9,Uttar Pradesh,127,Balrampur,928,Harriya Satgharwa,26.8935,80.9159,173.0,1.92,12,Croplands
9,Uttar Pradesh,127,Balrampur,929,Pachpedwa,26.8806,80.8418,173.7,1.89,12,Croplands
9,Uttar Pradesh,127,Balrampur,930,Rehera Bazaar,26.7974,80.7944,175.1,1.84,12,Croplands
9,Uttar Pradesh,127,Balrampur,931,Shriduttganj,26.7999,80.9159,174.1,1.89,12,Croplands
9,Uttar Pradesh,127,Balrampur,932,Tulsipur,26.7491,80.9655,174.3,1.89,12,Croplands
9,Uttar Pradesh,127,Balrampur,933,Utraula,26.754,81.07,173.4,1.93,12,Croplands
9,Uttar Pradesh,128,Banda,934,Baberu,25.4776,80.3948,194.1,1.15,12,Croplands
9,Uttar Pradesh,128,Banda,935,Badokhar Khurd,25.5477,80.4125,193.1,1.18,12,Croplands
9,Uttar Pradesh,128,Banda,936,Bisanda,25.6217,80.3349,192.9,1.18,12,Croplands
9,Uttar Pradesh,128,Banda,937,Jaspura,25.5158,80.2926,194.5,1.12,12,Croplands
9,Uttar Pradesh,128,Banda,938,Kamasin,25.4776,80.2251,195.5,1.08,12,Croplands
9,Uttar Pradesh,128,Banda,939,Mahuva,25.3757,80.222,196.7,1.04,12,Croplands
9,Uttar Pradesh,128,Banda,940,Naraini,25.4235,80.3349,195.2,1.1,12,Croplands
9,Uttar Pradesh,128,Banda,941,Tindwari,25.4075,80.4125,194.8,1.13,12,Croplands
9,Uttar Pradesh,129,Barabanki,942,Bani Kodar,26.8467,81.0068,172.8,1.94,12,Croplands
9,Uttar Pradesh,129,Barabanki,943,Banki,26.887,81.0477,172.0,1.97,12,Croplands
9,Uttar Pradesh,129,Barabanki,944,Dariyabad,26.9538,81.0543,171.1,0.8,12,Croplands
9,Uttar Pradesh,129,Barabanki,945,Dewa,26.8981,80.9649,172.5,1.95,12,Croplands
9,Uttar Pradesh,129,Barabanki,946,Fatehpur,26.9453,80.9346,172.2,1.95,12,Croplands
9,Uttar Pradesh,129,Barabanki,947,Haidargarh,26.9715,80.8654,172.4,1.93,12,Croplands
9,Uttar Pradesh,129,Barabanki,948,Harakh,26.8785,80.8972,173.3,1.91,12,Croplands
9,Uttar Pradesh,129,Barabanki,949,Masauli,26.8673,80.8376,173.9,1.88,12,Croplands
9,Uttar Pradesh,129,Barabanki,951,Nindaura,26.8167,80.7882,174.9,1.84,12,Croplands
9,Uttar Pradesh,129,Barabanki,952,Puredalai,26.8149,80.8972,174.0,1.88,12,Croplands
9,Uttar Pradesh,129,Barabanki,953,Ramnagar,26.7609,80.8907,174.7,1.86,13,Urban and Built-up Lands
9,Uttar Pradesh,129,Barabanki,955,Sidhaur,26.7033,80.9293,175.1,1.85,12,Croplands
9,Uttar Pradesh,129,Barabanki,956,Sirauli Gauspur,26.7953,80.9649,173.7,1.9,12,Croplands
9,Uttar Pradesh,129,Barabanki,957,Suratganj,26.7731,81.0205,173.6,1.92,12,Croplands
9,Uttar Pradesh,129,Barabanki,958,Trivediganj,26.7881,81.0938,172.8,1.95,12,Croplands
9,Uttar Pradesh,130,Bareilly,959,Aalampur Jafarabad,28.3544,79.4778,166.9,1.93,12,Croplands
9,Uttar Pradesh,130,Bareilly,960,Baheri,28.3947,79.5192,166.1,1.97,12,Croplands
9,Uttar Pradesh,130,Bareilly,961,Bhadpura,28.4615,79.5259,165.3,1.99,12,Croplands
9,Uttar Pradesh,130,Bareilly,962,Bhojipura,28.4058,79.4353,166.6,1.94,12,Croplands
9,Uttar Pradesh,130,Bareilly,963,Bhuta,28.453,79.4046,166.3,1.94,12,Croplands
9,Uttar Pradesh,130,Bareilly,964,Bithiri Chainpur,28.4792,79.3344,166.6,1.93,12,Croplands
9,Uttar Pradesh,130,Bareilly,965,Damkhauda,28.3862,79.3666,167.4,1.9,12,Croplands
9,Uttar Pradesh,130,Bareilly,966,Faridpur,28.375,79.3062,168.1,1.87,12,Croplands
9,Uttar Pradesh,130,Bareilly,967,Fatehganj West,28.3244,79.2561,169.1,1.83,12,Croplands
9,Uttar Pradesh,130,Bareilly,968,Kyara,28.3226,79.3666,168.2,1.88,12,Croplands
9,Uttar Pradesh,130,Bareilly,969,Majhgawan,28.2686,79.36,168.9,1.85,12,Croplands
9,Uttar Pradesh,130,Bareilly,970,Mirganj,28.2111,79.3992,169.3,1.84,12,Croplands
9,Uttar Pradesh,130,Bareilly,971,Nawabganj,28.303,79.4353,167.9,1.9,12,Croplands
9,Uttar Pradesh,130,Bareilly,972,Ramnagar,28.2808,79.4917,167.7,1.91,13,Urban and Built-up Lands
9,Uttar Pradesh,130,Bareilly,973,Shergarh,28.2958,79.566,166.9,1.94,12,Croplands
9,Uttar Pradesh,131,Basti,974,Bahadurpur,26.7968,82.8004,159.0,1.44,12,Croplands
9,Uttar Pradesh,131,Basti,975,Bankati,26.8398,82.8399,158.2,1.47,12,Croplands
9,Uttar Pradesh,131,Basti,976,Basti,26.9095,82.8406,157.4,1.5,12,Croplands
9,Uttar Pradesh,131,Basti,977,Dubauliya,26.8495,82.7534,158.8,1.44,12,Croplands
9,Uttar Pradesh,131,Basti,978,Gaur,26.8935,82.7152,158.6,1.44,12,Croplands
9,Uttar Pradesh,131,Basti,979,Harraiya,26.9095,82.6392,159.0,1.42,12,Croplands
9,Uttar Pradesh,131,Basti,980,Kaptanganj,26.8203,82.6853,159.7,1.4,12,Croplands
9,Uttar Pradesh,131,Basti,981,Kudaraha,26.7968,82.6289,160.4,1.37,12,Croplands
9,Uttar Pradesh,131,Basti,982,Paras Rampur,26.7343,82.5944,161.4,1.33,12,Croplands
9,Uttar Pradesh,131,Basti,983,Ramnagar,26.7546,82.7021,160.3,1.38,13,Urban and Built-up Lands
9,Uttar Pradesh,131,Basti,984,Rudauli,26.7002,82.7152,160.9,1.37,12,Croplands
9,Uttar Pradesh,131,Basti,985,Saltaua Gopal Pur,26.6563,82.7758,160.9,1.37,12,Croplands
9,Uttar Pradesh,131,Basti,986,Sau Ghat,26.7546,82.7776,159.7,1.41,12,Croplands
9,Uttar Pradesh,131,Basti,987,Vikram Jot,26.7538,82.8399,159.2,1.44,12,Croplands
9,Uttar Pradesh,132,Bijnor,988,Afzalgarh,29.3732,78.1977,164.9,1.83,12,Croplands
9,Uttar Pradesh,132,Bijnor,989,Budhanpur Seohara,29.4268,78.2313,164.0,1.86,12,Croplands
9,Uttar Pradesh,132,Bijnor,990,Dhampur,29.5043,78.2044,163.3,1.88,12,Croplands
9,Uttar Pradesh,132,Bijnor,991,Haldaur(Khari Jhalu),29.4267,78.1268,164.9,1.82,12,Croplands
9,Uttar Pradesh,132,Bijnor,992,Jalilpur,29.4481,78.0612,165.1,1.8,12,Croplands
9,Uttar Pradesh,132,Bijnor,993,Kiratpur,29.4138,77.9769,166.2,1.76,12,Croplands
9,Uttar Pradesh,132,Bijnor,994,Kotwali,29.358,78.0761,166.1,1.77,12,Croplands
9,Uttar Pradesh,132,Bijnor,995,Mohammedpur Deomal,29.2983,78.0612,166.9,1.74,12,Croplands
9,Uttar Pradesh,132,Bijnor,996,Najibabad,29.2305,78.1121,167.3,1.74,12,Croplands
9,Uttar Pradesh,132,Bijnor,997,Nehtaur,29.324,78.1614,165.8,1.79,12,Croplands
9,Uttar Pradesh,132,Bijnor,998,Noorpur,29.3196,78.2313,165.3,1.82,12,Croplands
9,Uttar Pradesh,133,Budaun,999,Ambiapur,28.0364,79.1843,173.1,1.69,12,Croplands
9,Uttar Pradesh,133,Budaun,1000,Asafpur,28.0767,79.2256,172.3,1.72,12,Croplands
9,Uttar Pradesh,133,Budaun,1001,Bisauli,28.1435,79.2323,171.4,1.75,12,Croplands
9,Uttar Pradesh,133,Budaun,1002,Dahgavan,28.0878,79.1419,172.8,1.69,12,Croplands
9,Uttar Pradesh,133,Budaun,1003,Dataganj,28.135,79.1113,172.5,1.7,12,Croplands
9,Uttar Pradesh,133,Budaun,1005,Islamnagar,28.1613,79.0414,172.7,1.68,13,Urban and Built-up Lands
9,Uttar Pradesh,133,Budaun,1006,Jagat,28.0682,79.0735,173.6,1.66,12,Croplands
9,Uttar Pradesh,133,Budaun,1008,Mion,28.057,79.0132,174.2,1.63,12,Croplands
9,Uttar Pradesh,133,Budaun,1009,Qadar Chowk,28.0065,78.9633,175.2,1.59,12,Croplands
9,Uttar Pradesh,133,Budaun,1011,Sahaswan,28.0047,79.0735,174.4,1.63,12,Croplands
9,Uttar Pradesh,133,Budaun,1012,Salarpur,27.9506,79.0669,175.1,1.61,12,Croplands
9,Uttar Pradesh,133,Budaun,1013,Samrer,27.8931,79.1059,175.4,1.6,12,Croplands
9,Uttar Pradesh,133,Budaun,1014,Ujhani,27.985,79.1419,174.0,1.65,12,Croplands
9,Uttar Pradesh,133,Budaun,1015,Usawan,27.9628,79.1981,173.9,1.66,12,Croplands
9,Uttar Pradesh,133,Budaun,1016,Wazirganj,27.9778,79.2722,173.1,1.7,12,Croplands
9,Uttar Pradesh,134,Bulandshahr,1017,Agauta,28.4097,77.9115,178.8,1.33,12,Croplands
9,Uttar Pradesh,134,Bulandshahr,1018,Anupshahr,28.4477,77.9542,178.0,1.36,12,Croplands
9,Uttar Pradesh,134,Bulandshahr,1019,Araniya,28.5117,77.9659,177.1,1.39,12,Croplands
9,Uttar Pradesh,134,Bulandshahr,1020,Bhawan Bahadur Nagar,28.4597,77.8736,178.5,1.33,13,Urban and Built-up Lands
9,Uttar Pradesh,134,Bulandshahr,1021,Bulandshahr,28.5088,77.8501,178.1,1.34,12,Croplands
9,Uttar Pradesh,134,Bulandshahr,1022,Danpur,28.5429,77.7873,178.2,1.33,12,Croplands
9,Uttar Pradesh,134,Bulandshahr,1023,Dibai,28.448,77.8066,179.2,1.3,12,Croplands
9,Uttar Pradesh,134,Bulandshahr,1024,Gulaothi,28.4477,77.746,179.7,1.28,12,Croplands
9,Uttar Pradesh,134,Bulandshahr,1025,Jahangirabad,28.4097,77.6862,180.6,1.24,12,Croplands
9,Uttar Pradesh,134,Bulandshahr,1026,Khurja,28.3891,77.7933,180.0,1.27,12,Croplands
9,Uttar Pradesh,134,Bulandshahr,1027,Lakhaothi,28.3397,77.7704,180.8,1.24,12,Croplands
9,Uttar Pradesh,134,Bulandshahr,1028,Pahasu,28.2766,77.7873,181.4,1.23,12,Croplands
9,Uttar Pradesh,134,Bulandshahr,1029,Shikarpur,28.3557,77.8501,179.9,1.28,12,Croplands
9,Uttar Pradesh,134,Bulandshahr,1030,Sikandrabad,28.3182,77.8932,180.0,1.28,12,Croplands
9,Uttar Pradesh,134,Bulandshahr,1031,Syana,28.3078,77.9659,179.6,1.31,12,Croplands
9,Uttar Pradesh,134,Bulandshahr,1032,Unchagaon,28.3891,77.9068,179.1,1.32,12,Croplands
9,Uttar Pradesh,135,Chandauli,1033,Berahani,25.2604,83.3274,173.3,1.04,12,Croplands
9,Uttar Pradesh,135,Chandauli,1034,Chahniya,25.3241,83.3516,172.3,1.07,12,Croplands
9,Uttar Pradesh,135,Chandauli,1035,Chakiya,25.4023,83.2954,171.8,1.08,12,Croplands
9,Uttar Pradesh,135,Chandauli,1036,Chandauli,25.3072,83.2378,173.4,1.02,12,Croplands
9,Uttar Pradesh,135,Chandauli,1037,Dhanapur,25.2943,83.1647,174.2,0.98,12,Croplands
9,Uttar Pradesh,135,Chandauli,1038,Naugarh,25.2111,83.1179,175.5,0.93,12,Croplands
9,Uttar Pradesh,135,Chandauli,1039,Niyamatabad,25.2136,83.2378,174.5,0.98,12,Croplands
9,Uttar Pradesh,135,Chandauli,1040,Sahabganj,25.1628,83.2867,174.8,0.98,12,Croplands
9,Uttar Pradesh,135,Chandauli,1041,Sakaldiha,25.1677,83.3898,173.9,1.02,12,Croplands
9,Uttar Pradesh,136,Chitrakoot,1042,Karwi,25.1783,80.9288,193.4,1.24,12,Croplands
9,Uttar Pradesh,136,Chitrakoot,1043,Manikpur,25.2725,80.9029,192.5,1.27,12,Croplands
9,Uttar Pradesh,136,Chitrakoot,1044,Mau,25.263,80.7402,193.9,1.2,12,Croplands
9,Uttar Pradesh,136,Chitrakoot,1045,Pahari,25.1465,80.8207,194.7,1.19,12,Croplands
9,Uttar Pradesh,136,Chitrakoot,1046,Ramnagar,25.0841,80.9029,194.8,1.19,13,Urban and Built-up Lands
9,Uttar Pradesh,137,Deoria,1047,Baitalpur,26.5025,83.8396,154.3,1.74,12,Croplands
9,Uttar Pradesh,137,Deoria,1048,Bankata,26.5404,83.8815,153.5,1.77,12,Croplands
9,Uttar Pradesh,137,Deoria,1049,Barhaj,26.6044,83.8931,152.6,1.8,12,Croplands
9,Uttar Pradesh,137,Deoria,1050,Bhagalpur,26.5524,83.8023,154.0,1.74,12,Croplands
9,Uttar Pradesh,137,Deoria,1051,Bhaluani,26.6016,83.7792,153.5,1.75,12,Croplands
9,Uttar Pradesh,137,Deoria,1052,Bhatni,26.6357,83.7175,153.6,1.74,12,Croplands
9,Uttar Pradesh,137,Deoria,1053,Bhatpar Rani,26.5407,83.7365,154.6,1.71,12,Croplands
9,Uttar Pradesh,137,Deoria,1054,Deoria Sadar,26.5404,83.6769,155.1,1.69,13,Urban and Built-up Lands
9,Uttar Pradesh,137,Deoria,1055,Desai Deoria,26.5025,83.6181,156.0,1.65,12,Croplands
9,Uttar Pradesh,137,Deoria,1056,Gauri Bazar,26.4818,83.7234,155.4,1.68,12,Croplands
9,Uttar Pradesh,137,Deoria,1057,Lar,26.4324,83.7009,156.2,1.65,12,Croplands
9,Uttar Pradesh,137,Deoria,1058,Pathar Dewa,26.3693,83.7175,156.8,1.63,12,Croplands
9,Uttar Pradesh,137,Deoria,1059,Rampur Karkhana,26.4484,83.7792,155.4,1.69,12,Croplands
9,Uttar Pradesh,137,Deoria,1060,Rudrapur,26.4109,83.8215,155.5,1.69,12,Croplands
9,Uttar Pradesh,137,Deoria,1061,Salempur,26.4006,83.8931,155.0,1.72,12,Croplands
9,Uttar Pradesh,137,Deoria,1062,Tarkalua,26.4818,83.835,154.5,1.73,12,Croplands
9,Uttar Pradesh,138,Etah,1063,Aliganj,27.5736,78.7133,182.4,1.31,12,Croplands
9,Uttar Pradesh,138,Etah,1065,Awagarh,27.6437,78.7313,181.4,1.35,12,Croplands
9,Uttar Pradesh,138,Etah,1067,Jaithara,27.7178,78.6523,181.2,1.35,12,Croplands
9,Uttar Pradesh,138,Etah,1068,Jalesar,27.6119,78.6092,182.8,1.29,12,Croplands
9,Uttar Pradesh,138,Etah,1070,Marehra,27.5736,78.5405,183.8,1.25,12,Croplands
9,Uttar Pradesh,138,Etah,1071,Nidhauli Kalan,27.4717,78.5373,185.0,1.2,12,Croplands
9,Uttar Pradesh,138,Etah,1074,Sakit,27.5196,78.6523,183.5,1.27,12,Croplands
9,Uttar Pradesh,138,Etah,1075,Shitalpur,27.5036,78.7313,183.1,1.29,12,Croplands
9,Uttar Pradesh,139,Etawah,1078,Barhpura,26.7762,79.0819,189.0,1.14,12,Croplands
9,Uttar Pradesh,139,Etawah,1079,Basrehar,26.8462,79.0998,188.0,1.18,12,Croplands
9,Uttar Pradesh,139,Etawah,1080,Bharthana,26.9203,79.0213,187.8,1.18,12,Croplands
9,Uttar Pradesh,139,Etawah,1081,Chakarnagar,26.8144,78.9785,189.4,1.12,13,Urban and Built-up Lands
9,Uttar Pradesh,139,Etawah,1082,Jaswantnagar,26.7762,78.9103,190.4,1.07,13,Urban and Built-up Lands
9,Uttar Pradesh,139,Etawah,1083,Mahewa,26.6742,78.9072,191.7,1.03,12,Croplands
9,Uttar Pradesh,139,Etawah,1084,Sefai,26.7221,79.0213,190.2,1.1,12,Croplands
9,Uttar Pradesh,139,Etawah,1085,Takha,26.7061,79.0998,189.7,1.12,12,Croplands
9,Uttar Pradesh,140,Ayodhya,954,Rudauli,26.6499,82.1772,165.8,1.13,12,Croplands
9,Uttar Pradesh,140,Ayodhya,1086,Amaniganj,26.7925,82.2608,163.4,1.22,12,Croplands
9,Uttar Pradesh,140,Ayodhya,1087,Bikapur,26.8461,82.2936,162.5,1.26,12,Croplands
9,Uttar Pradesh,140,Ayodhya,1088,Hariyangatanganj,26.9237,82.2673,161.8,1.28,12,Croplands
9,Uttar Pradesh,140,Ayodhya,1089,Masodha,26.846,82.1916,163.3,1.22,12,Croplands
9,Uttar Pradesh,140,Ayodhya,1090,Mawai,26.8674,82.1275,163.6,1.2,12,Croplands
9,Uttar Pradesh,140,Ayodhya,1091,Maya Bazar,26.8332,82.0453,164.6,1.15,12,Croplands
9,Uttar Pradesh,140,Ayodhya,1092,Milkipur,26.7773,82.1421,164.5,1.17,12,Croplands
9,Uttar Pradesh,140,Ayodhya,1093,Pura Bazar,26.7176,82.1275,165.4,1.14,12,Croplands
9,Uttar Pradesh,140,Ayodhya,1094,Sohawal,26.7434,82.2254,164.3,1.19,12,Croplands
9,Uttar Pradesh,140,Ayodhya,1095,Tarun,26.739,82.2936,163.8,1.21,12,Croplands
9,Uttar Pradesh,141,Farrukhabad,1096,Barhpur,27.3913,79.6402,177.2,1.61,12,Croplands
9,Uttar Pradesh,141,Farrukhabad,1097,Kaimganj,27.4688,79.6489,176.2,1.65,12,Croplands
9,Uttar Pradesh,141,Farrukhabad,1098,Kamalganj,27.5319,79.5432,176.3,1.63,12,Croplands
9,Uttar Pradesh,141,Farrukhabad,1099,Mohamdabad,27.4148,79.5244,177.8,1.58,12,Croplands
9,Uttar Pradesh,141,Farrukhabad,1100,Nawabganj,27.3483,79.4787,179.0,1.53,12,Croplands
9,Uttar Pradesh,141,Farrukhabad,1101,Rajepur,27.2508,79.5432,179.6,1.52,12,Croplands
9,Uttar Pradesh,141,Farrukhabad,1102,Shamsabad,27.3491,79.6173,177.9,1.59,12,Croplands
9,Uttar Pradesh,142,Fatehpur,1103,Airayan,27.1733,81.2773,166.7,0.98,12,Croplands
9,Uttar Pradesh,142,Fatehpur,1104,Amauli,27.2193,81.3152,165.8,1.01,12,Croplands
9,Uttar Pradesh,142,Fatehpur,1105,Asothar,27.2919,81.3086,165.0,1.04,12,Croplands
9,Uttar Pradesh,142,Fatehpur,1106,Bahua,27.2269,81.2239,166.5,0.98,12,Croplands
9,Uttar Pradesh,142,Fatehpur,1107,Bhitaura,27.2659,81.177,166.4,0.98,12,Croplands
9,Uttar Pradesh,142,Fatehpur,1108,Devmai,27.2688,81.0953,167.0,0.95,12,Croplands
9,Uttar Pradesh,142,Fatehpur,1109,Dhata,27.1862,81.1575,167.5,0.94,12,Croplands
9,Uttar Pradesh,142,Fatehpur,1110,Haswa,27.1495,81.1084,168.3,0.9,12,Croplands
9,Uttar Pradesh,142,Fatehpur,1111,Hathgaon,27.0777,81.0953,169.3,0.87,12,Croplands
9,Uttar Pradesh,142,Fatehpur,1112,Khajuha,27.1227,81.195,168.0,0.93,12,Croplands
9,Uttar Pradesh,142,Fatehpur,1113,Malwan,27.0749,81.23,168.3,0.92,12,Croplands
9,Uttar Pradesh,142,Fatehpur,1114,Telyani,27.0546,81.3086,167.9,0.95,12,Croplands
9,Uttar Pradesh,142,Fatehpur,1115,Vijayipur,27.1481,81.2703,167.1,0.97,12,Croplands
9,Uttar Pradesh,143,Firozabad,1116,Araon,27.1521,78.4554,189.5,1.04,12,Croplands
9,Uttar Pradesh,143,Firozabad,1117,Eka,27.2158,78.48,188.6,1.08,12,Croplands
9,Uttar Pradesh,143,Firozabad,1118,Firozabad,27.2941,78.4228,188.1,1.09,12,Croplands
9,Uttar Pradesh,143,Firozabad,1119,Hathwant,27.1989,78.3643,189.7,1.03,12,Croplands
9,Uttar Pradesh,143,Firozabad,1120,Jasrana,27.186,78.29,190.4,0.99,12,Croplands
9,Uttar Pradesh,143,Firozabad,1121,Madanpur,27.1028,78.2424,191.8,0.94,12,Croplands
9,Uttar Pradesh,143,Firozabad,1122,Narkhi,27.1053,78.3643,190.8,0.99,12,Croplands
9,Uttar Pradesh,143,Firozabad,1123,Shikohabad,27.0545,78.414,191.0,0.99,12,Croplands
9,Uttar Pradesh,143,Firozabad,1124,Tundla,27.0595,78.5188,190.1,1.03,12,Croplands
9,Uttar Pradesh,144,Gautam Buddha Nagar,1125,Bisrakh,28.3614,77.5685,182.1,1.17,12,Croplands
9,Uttar Pradesh,144,Gautam Buddha Nagar,1126,Dadri,28.4605,77.507,181.4,1.19,12,Croplands
9,Uttar Pradesh,144,Gautam Buddha Nagar,1127,Dankaur,28.3614,77.3432,183.9,1.08,12,Croplands
9,Uttar Pradesh,144,Gautam Buddha Nagar,1128,Jewar,28.3074,77.507,183.3,1.13,12,Croplands
9,Uttar Pradesh,145,Ghaziabad,1129,Bhojpur,28.6654,77.5008,179.0,1.27,12,Croplands
9,Uttar Pradesh,145,Ghaziabad,1133,Loni,28.7644,77.4392,178.3,1.28,12,Croplands
9,Uttar Pradesh,145,Ghaziabad,1134,Muradnagar,28.6654,77.2749,180.8,1.18,13,Urban and Built-up Lands
9,Uttar Pradesh,145,Ghaziabad,1135,Rajapur,28.6113,77.4392,180.2,1.22,12,Croplands
9,Uttar Pradesh,146,Ghazipur,1137,Bhadaura,25.5833,83.6452,166.8,1.29,12,Croplands
9,Uttar Pradesh,146,Ghazipur,1138,Bhanwarkol,25.6213,83.6868,166.0,1.32,12,Croplands
9,Uttar Pradesh,146,Ghazipur,1139,Devkali,25.6853,83.6983,165.2,1.35,12,Croplands
9,Uttar Pradesh,146,Ghazipur,1140,Ghazipur,25.6333,83.6082,166.5,1.3,12,Croplands
9,Uttar Pradesh,146,Ghazipur,1141,Jakhania,25.6824,83.5853,166.1,1.31,12,Croplands
9,Uttar Pradesh,146,Ghazipur,1142,Karanda,25.7165,83.5241,166.2,1.3,12,Croplands
9,Uttar Pradesh,146,Ghazipur,1143,Kasimabad,25.6216,83.5429,167.2,1.27,12,Croplands
9,Uttar Pradesh,146,Ghazipur,1144,Manihari,25.6213,83.4838,167.7,1.24,12,Croplands
9,Uttar Pradesh,146,Ghazipur,1145,Mardah,25.5833,83.4254,168.6,1.2,12,Croplands
9,Uttar Pradesh,146,Ghazipur,1146,Mohammadabad,25.5626,83.5299,168.0,1.24,12,Croplands
9,Uttar Pradesh,146,Ghazipur,1147,Revatipur,25.5133,83.5076,168.8,1.21,12,Croplands
9,Uttar Pradesh,146,Ghazipur,1148,Sadat,25.4502,83.5241,169.4,1.19,12,Croplands
9,Uttar Pradesh,146,Ghazipur,1149,Saidpur,25.5293,83.5853,168.0,1.25,12,Croplands
9,Uttar Pradesh,146,Ghazipur,1150,Varachakwar,25.4918,83.6273,168.1,1.25,12,Croplands
9,Uttar Pradesh,146,Ghazipur,1151,Virno,25.4814,83.6983,167.6,1.27,12,Croplands
9,Uttar Pradesh,146,Ghazipur,1152,Zamania,25.5626,83.6406,167.1,1.28,12,Croplands
9,Uttar Pradesh,147,Gonda,1153,Babhanjot,27.1358,82.0205,161.2,1.26,12,Croplands
9,Uttar Pradesh,147,Gonda,1154,Belsar,27.1737,82.0626,160.4,1.29,12,Croplands
9,Uttar Pradesh,147,Gonda,1155,Chhapia,27.2377,82.0743,159.6,1.32,12,Croplands
9,Uttar Pradesh,147,Gonda,1156,Colonelganj,27.1858,81.983,160.9,1.27,12,Croplands
9,Uttar Pradesh,147,Gonda,1157,Haldharmau,27.2349,81.9598,160.5,1.28,12,Croplands
9,Uttar Pradesh,147,Gonda,1158,Itiathok,27.269,81.8978,160.6,1.27,12,Croplands
9,Uttar Pradesh,147,Gonda,1159,Jhanjhari,27.174,81.9168,161.6,1.24,12,Croplands
9,Uttar Pradesh,147,Gonda,1160,Katra Bazar,27.1737,81.8569,162.1,1.21,12,Croplands
9,Uttar Pradesh,147,Gonda,1161,Mankapur,27.1358,81.7978,163.0,1.17,12,Croplands
9,Uttar Pradesh,147,Gonda,1162,Mujehana,27.1151,81.9037,162.4,1.21,12,Croplands
9,Uttar Pradesh,147,Gonda,1163,Nawabganj,27.0657,81.881,163.2,1.18,12,Croplands
9,Uttar Pradesh,147,Gonda,1164,Pandri Kripal,27.0026,81.8978,163.8,1.16,12,Croplands
9,Uttar Pradesh,147,Gonda,1165,Paraspur,27.0818,81.9598,162.3,1.22,12,Croplands
9,Uttar Pradesh,147,Gonda,1166,Rupaideeh,27.0443,82.0024,162.4,1.22,12,Croplands
9,Uttar Pradesh,147,Gonda,1167,Tarabganj,27.0339,82.0743,162.0,1.24,12,Croplands
9,Uttar Pradesh,147,Gonda,1168,Wazirganj,27.1151,82.0159,161.5,1.25,12,Croplands
9,Uttar Pradesh,148,Gorakhpur,1169,Bansgaon,26.7543,83.4361,154.5,1.68,12,Croplands
9,Uttar Pradesh,148,Gorakhpur,1170,Barhalganj,26.7849,83.4811,153.7,1.71,12,Croplands
9,Uttar Pradesh,148,Gorakhpur,1171,Belghat,26.839,83.5061,152.9,1.74,12,Croplands
9,Uttar Pradesh,148,Gorakhpur,1172,Bhathat,26.8486,83.4098,153.5,1.7,12,Croplands
9,Uttar Pradesh,148,Gorakhpur,1173,Brahmpur,26.8985,83.3755,153.2,1.71,12,Croplands
9,Uttar Pradesh,148,Gorakhpur,1174,Campierganj,26.8057,83.3568,154.5,1.67,12,Croplands
9,Uttar Pradesh,148,Gorakhpur,1175,Chargawan,26.8345,83.3103,154.5,1.66,12,Croplands
9,Uttar Pradesh,148,Gorakhpur,1176,Gagaha,26.839,83.2449,155.0,1.63,12,Croplands
9,Uttar Pradesh,148,Gorakhpur,1177,Gola,26.771,83.318,155.2,1.64,12,Croplands
9,Uttar Pradesh,148,Gorakhpur,1178,Jangal Kaudia,26.7543,83.2646,155.8,1.61,12,Croplands
9,Uttar Pradesh,148,Gorakhpur,1179,Kauri Ram,26.7098,83.222,156.7,1.57,12,Croplands
9,Uttar Pradesh,148,Gorakhpur,1180,Khajni,26.7225,83.3266,155.7,1.62,12,Croplands
9,Uttar Pradesh,148,Gorakhpur,1181,Khorabar,26.6741,83.3103,156.4,1.59,12,Croplands
9,Uttar Pradesh,148,Gorakhpur,1182,Pali,26.6172,83.3257,157.0,1.58,12,Croplands
9,Uttar Pradesh,148,Gorakhpur,1183,Pipraich,26.7003,83.3755,155.6,1.63,12,Croplands
9,Uttar Pradesh,148,Gorakhpur,1184,Piprauli,26.6601,83.4098,155.8,1.63,12,Croplands
9,Uttar Pradesh,148,Gorakhpur,1185,Sahjanawa,26.6377,83.4704,155.6,1.64,12,Croplands
9,Uttar Pradesh,148,Gorakhpur,1186,Sardarnagar,26.7225,83.4245,154.9,1.66,13,Urban and Built-up Lands
9,Uttar Pradesh,148,Gorakhpur,1187,Uruwa,26.7237,83.4811,154.5,1.68,12,Croplands
9,Uttar Pradesh,148,Gorakhpur,7480,Bharohiya,26.7981,83.4111,154.1,1.68,12,Croplands
9,Uttar Pradesh,149,Hamirpur,1188,Gohand,25.9608,80.2054,189.8,1.27,12,Croplands
9,Uttar Pradesh,149,Hamirpur,1189,Kurara,26.0383,80.214,188.8,1.3,12,Croplands
9,Uttar Pradesh,149,Hamirpur,1190,Maudaha,26.1014,80.1096,188.9,1.28,12,Croplands
9,Uttar Pradesh,149,Hamirpur,1191,Muskara,25.9843,80.0911,190.5,1.23,12,Croplands
9,Uttar Pradesh,149,Hamirpur,1192,Rath,25.9179,80.046,191.6,1.19,12,Croplands
9,Uttar Pradesh,149,Hamirpur,1193,Sarila,25.8203,80.1096,192.3,1.17,12,Croplands
9,Uttar Pradesh,149,Hamirpur,1194,Sumerpur,25.9186,80.1828,190.5,1.24,12,Croplands
9,Uttar Pradesh,150,Hardoi,1195,Ahirori,27.3949,80.1925,172.7,1.83,12,Croplands
9,Uttar Pradesh,150,Hardoi,1196,Bawan,27.4271,80.2372,172.0,1.87,12,Croplands
9,Uttar Pradesh,150,Hardoi,1197,Behendar,27.4834,80.2598,171.1,1.9,12,Croplands
9,Uttar Pradesh,150,Hardoi,1198,Bharawan,27.4402,80.1649,172.4,1.84,12,Croplands
9,Uttar Pradesh,150,Hardoi,1199,Bharkhani,27.491,80.1591,171.8,1.86,12,Croplands
9,Uttar Pradesh,150,Hardoi,1200,Bilgram,27.5386,80.1182,171.6,1.86,12,Croplands
9,Uttar Pradesh,150,Hardoi,1201,Hariyawan,27.4444,80.1072,172.8,1.82,12,Croplands
9,Uttar Pradesh,150,Hardoi,1202,Harpalpur,27.4678,80.0561,172.9,1.81,12,Croplands
9,Uttar Pradesh,150,Hardoi,1203,Kachauna,27.4635,79.9889,173.5,1.78,12,Croplands
9,Uttar Pradesh,150,Hardoi,1204,Kothawan,27.4038,80.0716,173.6,1.79,12,Croplands
9,Uttar Pradesh,150,Hardoi,1205,Madhoganj,27.3786,80.0216,174.3,1.76,12,Croplands
9,Uttar Pradesh,150,Hardoi,1206,Mallawan,27.3263,79.9889,175.2,1.73,12,Croplands
9,Uttar Pradesh,150,Hardoi,1207,Pihani,27.3551,80.0904,174.0,1.78,12,Croplands
9,Uttar Pradesh,150,Hardoi,1208,Sandi,27.3042,80.0868,174.7,1.76,12,Croplands
9,Uttar Pradesh,150,Hardoi,1209,Sandila,27.2513,80.1182,175.0,1.75,12,Croplands
9,Uttar Pradesh,150,Hardoi,1210,Shahabad,27.3425,80.1466,173.7,1.8,12,Croplands
9,Uttar Pradesh,150,Hardoi,1211,Sursa,27.3119,80.1927,173.7,1.8,12,Croplands
9,Uttar Pradesh,150,Hardoi,1212,Tandiyawan,27.3064,80.2598,173.2,1.83,12,Croplands
9,Uttar Pradesh,150,Hardoi,1213,Todarpur,27.3774,80.1892,173.0,1.83,12,Croplands
9,Uttar Pradesh,151,Jalaun,1214,Dakore,26.1429,79.3858,194.2,1.01,12,Croplands
9,Uttar Pradesh,151,Jalaun,1215,Jalaun,26.2066,79.4102,193.2,1.05,12,Croplands
9,Uttar Pradesh,151,Jalaun,1216,Kadaura,26.2849,79.3535,192.8,1.06,12,Croplands
9,Uttar Pradesh,151,Jalaun,1217,Konch,26.1897,79.2955,194.4,0.99,12,Croplands
9,Uttar Pradesh,151,Jalaun,1218,Kuthaund,26.1768,79.2219,195.1,0.96,12,Croplands
9,Uttar Pradesh,151,Jalaun,1219,Madhogarh,26.0936,79.1747,196.5,0.91,12,Croplands
9,Uttar Pradesh,151,Jalaun,1220,Maheva,26.0961,79.2955,195.5,0.96,12,Croplands
9,Uttar Pradesh,151,Jalaun,1221,Nadigaon,26.0453,79.3448,195.7,0.96,12,Croplands
9,Uttar Pradesh,151,Jalaun,1222,Rampura,26.0502,79.4486,194.8,1.0,12,Croplands
9,Uttar Pradesh,152,Jaunpur,1223,Badla Pur,25.7451,82.7424,172.1,1.0,12,Croplands
9,Uttar Pradesh,152,Jaunpur,1224,Baksha,25.7743,82.7875,171.4,1.02,12,Croplands
9,Uttar Pradesh,152,Jaunpur,1225,Barasathi,25.8263,82.8146,170.6,1.06,12,Croplands
9,Uttar Pradesh,152,Jaunpur,1226,Dharma Pur,25.7873,82.7198,171.8,1.0,12,Croplands
9,Uttar Pradesh,152,Jaunpur,1227,Dobhi,25.8373,82.7226,171.2,1.02,12,Croplands
9,Uttar Pradesh,152,Jaunpur,1228,Jalal Pur,25.8888,82.6943,170.8,1.03,12,Croplands
9,Uttar Pradesh,152,Jaunpur,1229,Karanja Kala,25.7978,82.669,172.1,0.99,12,Croplands
9,Uttar Pradesh,152,Jaunpur,1230,Kerakat,25.8309,82.6274,172.0,0.98,12,Croplands
9,Uttar Pradesh,152,Jaunpur,1231,Khuthan,25.8431,82.5651,172.4,0.96,12,Croplands
9,Uttar Pradesh,152,Jaunpur,1232,Machchali Shahar,25.7685,82.6283,172.8,0.96,12,Croplands
9,Uttar Pradesh,152,Jaunpur,1233,Maharaj Ganj,25.7598,82.5736,173.3,0.93,12,Croplands
9,Uttar Pradesh,152,Jaunpur,1234,Mariyahu,25.7236,82.5241,174.1,0.9,12,Croplands
9,Uttar Pradesh,152,Jaunpur,1235,Mufti Ganj,25.7216,82.6283,173.3,0.94,12,Croplands
9,Uttar Pradesh,152,Jaunpur,1236,Mungra Badshah Pur,25.6777,82.6017,174.1,0.91,12,Croplands
9,Uttar Pradesh,152,Jaunpur,1237,Ram Nagar,25.6202,82.6024,174.7,0.89,13,Urban and Built-up Lands
9,Uttar Pradesh,152,Jaunpur,1238,Ram Pur,25.6924,82.669,173.3,0.94,12,Croplands
9,Uttar Pradesh,152,Jaunpur,1239,Shah Ganj,25.6463,82.6906,173.7,0.93,12,Croplands
9,Uttar Pradesh,152,Jaunpur,1240,Sikrara,25.6109,82.7408,173.7,0.94,12,Croplands
9,Uttar Pradesh,152,Jaunpur,1241,Sirkoni,25.7028,82.7198,172.8,0.97,12,Croplands
9,Uttar Pradesh,152,Jaunpur,1242,Suitha Kala,25.6893,82.7733,172.5,0.99,12,Croplands
9,Uttar Pradesh,152,Jaunpur,1243,Sujan Ganj,25.7026,82.8353,171.9,1.02,12,Croplands
9,Uttar Pradesh,153,Jhansi,1244,Babina,25.4486,78.6294,208.6,1.63,12,Croplands
9,Uttar Pradesh,153,Jhansi,1245,Badagaon,25.5187,78.6472,207.6,1.67,12,Croplands
9,Uttar Pradesh,153,Jhansi,1246,Bamaur,25.5927,78.5696,207.3,1.66,12,Croplands
9,Uttar Pradesh,153,Jhansi,1247,Bangra,25.4868,78.5272,208.9,1.61,12,Croplands
9,Uttar Pradesh,153,Jhansi,1248,Chirgaon,25.4486,78.4598,209.9,1.56,12,Croplands
9,Uttar Pradesh,153,Jhansi,1249,Gursarai,25.3467,78.4567,211.2,1.52,12,Croplands
9,Uttar Pradesh,153,Jhansi,1250,Mauranipur,25.3945,78.5696,209.7,1.59,12,Croplands
9,Uttar Pradesh,153,Jhansi,1251,Moth,25.3785,78.6472,209.3,1.61,12,Croplands
9,Uttar Pradesh,154,Amroha,1252,Amroha,28.877,78.5302,168.2,1.76,12,Croplands
9,Uttar Pradesh,154,Amroha,1253,Dhanaura,28.9628,78.5251,167.2,1.8,12,Croplands
9,Uttar Pradesh,154,Amroha,1254,Gajraula,29.0018,78.3862,167.9,1.76,12,Croplands
9,Uttar Pradesh,154,Amroha,1255,Gangeshwari,28.877,78.4068,169.2,1.71,12,Croplands
9,Uttar Pradesh,154,Amroha,1256,Hasanpur,28.7911,78.4119,170.2,1.68,12,Croplands
9,Uttar Pradesh,154,Amroha,1257,Joya,28.7521,78.5508,169.6,1.72,12,Croplands
9,Uttar Pradesh,155,Kannauj,1258,Chhibramau,27.0316,79.9819,178.8,1.61,12,Croplands
9,Uttar Pradesh,155,Kannauj,1259,Gughrapur,27.1016,79.9999,177.8,1.64,12,Croplands
9,Uttar Pradesh,155,Kannauj,1260,Haseran,27.1757,79.9212,177.5,1.64,12,Croplands
9,Uttar Pradesh,155,Kannauj,1261,Jalalabad,27.0698,79.8783,179.1,1.58,12,Croplands
9,Uttar Pradesh,155,Kannauj,1262,Kannauj,27.0316,79.8099,180.1,1.54,12,Croplands
9,Uttar Pradesh,155,Kannauj,1263,Saurikh,26.9296,79.8068,181.4,1.49,12,Croplands
9,Uttar Pradesh,155,Kannauj,1264,Talgram,26.9775,79.9212,179.9,1.56,12,Croplands
9,Uttar Pradesh,155,Kannauj,1265,Umarda,26.9615,79.9999,179.5,1.58,12,Croplands
9,Uttar Pradesh,156,Kanpur Dehat,1266,Akbarpur,26.4395,79.9199,186.4,1.34,12,Croplands
9,Uttar Pradesh,156,Kanpur Dehat,1267,Amrodha,26.4977,79.9491,185.4,1.38,12,Croplands
9,Uttar Pradesh,156,Kanpur Dehat,1268,Derapur,26.5766,79.9093,184.8,1.39,12,Croplands
9,Uttar Pradesh,156,Kanpur Dehat,1269,Jhinjhak,26.4909,79.8409,186.4,1.33,12,Croplands
9,Uttar Pradesh,156,Kanpur Dehat,1270,Maitha,26.4977,79.77,186.9,1.31,12,Croplands
9,Uttar Pradesh,156,Kanpur Dehat,1271,Malasa,26.4395,79.6986,188.1,1.26,12,Croplands
9,Uttar Pradesh,156,Kanpur Dehat,1272,Rajpur,26.4077,79.8107,187.6,1.29,12,Croplands
9,Uttar Pradesh,156,Kanpur Dehat,1273,Rasulabad,26.3452,79.8253,188.3,1.27,12,Croplands
9,Uttar Pradesh,156,Kanpur Dehat,1274,Sandalpur,26.3024,79.9093,188.1,1.28,12,Croplands
9,Uttar Pradesh,156,Kanpur Dehat,1275,Sarbankhera,26.4077,79.9084,186.8,1.33,12,Croplands
9,Uttar Pradesh,157,Kanpur Nagar,1276,Bhitargaon,26.388,80.2721,184.2,1.46,12,Croplands
9,Uttar Pradesh,157,Kanpur Nagar,1277,Bilhaur,26.4462,80.3012,183.2,1.5,12,Croplands
9,Uttar Pradesh,157,Kanpur Nagar,1278,Chaubeypur,26.5251,80.2615,182.6,1.51,12,Croplands
9,Uttar Pradesh,157,Kanpur Nagar,1279,Ghatampur,26.4394,80.1931,184.2,1.45,12,Croplands
9,Uttar Pradesh,157,Kanpur Nagar,1280,Kakwan,26.4462,80.1222,184.7,1.43,12,Croplands
9,Uttar Pradesh,157,Kanpur Nagar,1281,Kalyanpur,26.388,80.0508,185.9,1.38,12,Croplands
9,Uttar Pradesh,157,Kanpur Nagar,1282,Patara,26.3562,80.1629,185.4,1.41,12,Croplands
9,Uttar Pradesh,157,Kanpur Nagar,1283,Sarsol,26.2937,80.1776,186.1,1.39,12,Croplands
9,Uttar Pradesh,157,Kanpur Nagar,1284,Shivrajpur,26.2509,80.2615,185.9,1.4,12,Croplands
9,Uttar Pradesh,157,Kanpur Nagar,1285,Vidhunu,26.3562,80.2606,184.6,1.45,12,Croplands
9,Uttar Pradesh,158,Kaushambi,1286,Chail,25.499,81.4769,185.2,1.59,12,Croplands
9,Uttar Pradesh,158,Kaushambi,1287,Kara,25.5691,81.4946,184.2,1.63,12,Croplands
9,Uttar Pradesh,158,Kaushambi,1288,Kaushambi,25.6432,81.417,183.9,1.62,12,Croplands
9,Uttar Pradesh,158,Kaushambi,1289,Manjhanpur,25.5373,81.3746,185.6,1.56,12,Croplands
9,Uttar Pradesh,158,Kaushambi,1290,Mooratganj,25.499,81.3072,186.6,1.52,12,Croplands
9,Uttar Pradesh,158,Kaushambi,1291,Nevada,25.3971,81.3041,187.8,1.48,12,Croplands
9,Uttar Pradesh,158,Kaushambi,1292,Sarsawan,25.445,81.417,186.3,1.54,12,Croplands
9,Uttar Pradesh,158,Kaushambi,1293,Sirathu,25.429,81.4946,185.9,1.57,12,Croplands
9,Uttar Pradesh,159,Kheri,1294,Bankeyganj,27.9054,80.86,161.3,1.11,12,Croplands
9,Uttar Pradesh,159,Kheri,1295,Behjam,27.9457,80.9012,160.4,1.14,12,Croplands
9,Uttar Pradesh,159,Kheri,1296,Bijuwa,28.0125,80.9079,159.6,1.17,12,Croplands
9,Uttar Pradesh,159,Kheri,1297,Dhaurhara,27.9568,80.8177,161.0,1.11,12,Croplands
9,Uttar Pradesh,159,Kheri,1298,Isanagar,28.0039,80.7871,160.7,1.12,13,Urban and Built-up Lands
9,Uttar Pradesh,159,Kheri,1299,Kumbhigola,28.0302,80.7172,160.9,1.1,12,Croplands
9,Uttar Pradesh,159,Kheri,1300,Lakhimpur,27.9372,80.7493,161.8,1.07,12,Croplands
9,Uttar Pradesh,159,Kheri,1301,Mitauli,27.926,80.6891,162.4,1.05,12,Croplands
9,Uttar Pradesh,159,Kheri,1302,Mohammadi,27.8754,80.6392,163.4,1.01,12,Croplands
9,Uttar Pradesh,159,Kheri,1303,Nakaha,27.8736,80.7493,162.5,1.05,12,Croplands
9,Uttar Pradesh,159,Kheri,1304,Nighasan,27.8196,80.7427,163.2,1.02,12,Croplands
9,Uttar Pradesh,159,Kheri,1305,Palia,27.762,80.7817,163.6,1.02,12,Croplands
9,Uttar Pradesh,159,Kheri,1306,Pasgawan,27.854,80.8177,162.2,1.07,12,Croplands
9,Uttar Pradesh,159,Kheri,1307,Phoolbehar,27.8317,80.8738,162.0,1.08,12,Croplands
9,Uttar Pradesh,159,Kheri,1308,Ramia Behar,27.8468,80.9478,161.3,1.12,12,Croplands
9,Uttar Pradesh,160,Kushi Nagar,1309,Dudhahi,26.7501,83.9749,150.2,1.89,12,Croplands
9,Uttar Pradesh,160,Kushi Nagar,1310,Fazilnagar,26.7904,84.0158,149.4,1.92,13,Urban and Built-up Lands
9,Uttar Pradesh,160,Kushi Nagar,1311,Hata,26.8572,84.0224,148.5,1.95,12,Croplands
9,Uttar Pradesh,160,Kushi Nagar,1312,Kaptainganj,26.8015,83.9331,149.9,1.89,12,Croplands
9,Uttar Pradesh,160,Kushi Nagar,1313,Kasaya,26.8486,83.9028,149.6,1.9,12,Croplands
9,Uttar Pradesh,160,Kushi Nagar,1314,Khadda,26.8749,83.8337,149.8,1.88,12,Croplands
9,Uttar Pradesh,160,Kushi Nagar,1315,Motichak,26.7707,83.8058,151.3,1.83,12,Croplands
9,Uttar Pradesh,160,Kushi Nagar,1316,Nebua Naurangia,26.7201,83.7565,152.3,1.79,12,Croplands
9,Uttar Pradesh,160,Kushi Nagar,1317,Padrauna,26.7183,83.8654,151.5,1.83,12,Croplands
9,Uttar Pradesh,160,Kushi Nagar,1318,Ramkola,26.6643,83.8589,152.2,1.81,12,Croplands
9,Uttar Pradesh,160,Kushi Nagar,1319,Seorahi,26.6067,83.8975,152.5,1.8,12,Croplands
9,Uttar Pradesh,160,Kushi Nagar,1320,Sukrauli,26.6987,83.9331,151.2,1.85,12,Croplands
9,Uttar Pradesh,160,Kushi Nagar,1321,Tamkuhiraj,26.6764,83.9886,151.0,1.87,12,Croplands
9,Uttar Pradesh,160,Kushi Nagar,1322,Vishunpura,26.6915,84.0619,150.2,1.9,12,Croplands
9,Uttar Pradesh,160,Kushi Nagar,7110,Kubernath,26.7819,83.8654,150.7,1.86,12,Croplands
9,Uttar Pradesh,161,Lalitpur,1323,Bar,24.6913,78.4733,218.9,1.27,12,Croplands
9,Uttar Pradesh,161,Lalitpur,1324,Birdha,24.7771,78.4683,217.9,1.3,12,Croplands
9,Uttar Pradesh,161,Lalitpur,1325,Jakhaura,24.8161,78.3345,218.5,1.26,12,Croplands
9,Uttar Pradesh,161,Lalitpur,1326,Mandawara,24.6913,78.3543,219.9,1.22,12,Croplands
9,Uttar Pradesh,161,Lalitpur,1327,Mehroni,24.6055,78.3593,220.9,1.19,12,Croplands
9,Uttar Pradesh,161,Lalitpur,1328,Talbehat,24.5665,78.4931,220.3,1.22,12,Croplands
9,Uttar Pradesh,162,Lucknow,1329,Bakshi-Ka-Talab,26.8547,80.9819,172.9,1.93,12,Croplands
9,Uttar Pradesh,162,Lucknow,1330,Chinhat,26.9248,80.9999,171.9,1.97,12,Croplands
9,Uttar Pradesh,162,Lucknow,1331,Gosaiganj,26.9989,80.9214,171.6,1.97,12,Croplands
9,Uttar Pradesh,162,Lucknow,1332,Kakori,26.8929,80.8785,173.3,1.91,12,Croplands
9,Uttar Pradesh,162,Lucknow,1333,Mal,26.8547,80.8103,174.3,1.87,12,Croplands
9,Uttar Pradesh,162,Lucknow,1334,Malihabad,26.7528,80.8071,175.5,1.82,12,Croplands
9,Uttar Pradesh,162,Lucknow,1335,Mohanlalganj,26.8007,80.9214,174.0,1.89,12,Croplands
9,Uttar Pradesh,162,Lucknow,1336,Sarojaninagar,26.7846,80.9999,173.6,1.91,13,Urban and Built-up Lands
9,Uttar Pradesh,163,Hathras,1337,Hasayan,27.5955,78.113,186.9,1.08,12,Croplands
9,Uttar Pradesh,163,Hathras,1338,Hathras,27.673,78.1217,186.0,1.12,12,Croplands
9,Uttar Pradesh,163,Hathras,1339,Mursan,27.736,78.0158,186.0,1.1,12,Croplands
9,Uttar Pradesh,163,Hathras,1340,Sadabad,27.619,77.9971,187.6,1.05,12,Croplands
9,Uttar Pradesh,163,Hathras,1341,Sasni,27.5525,77.9513,188.8,1.0,12,Croplands
9,Uttar Pradesh,163,Hathras,1342,Sehpau,27.455,78.0158,189.4,0.99,12,Croplands
9,Uttar Pradesh,163,Hathras,1343,Sikandrarao,27.5532,78.09,187.6,1.06,12,Croplands
9,Uttar Pradesh,164,Maharajganj,1344,Bridgemanganj,26.1097,84.5665,153.2,1.87,12,Croplands
9,Uttar Pradesh,164,Maharajganj,1345,Dhani,26.1593,84.6018,152.3,1.9,12,Croplands
9,Uttar Pradesh,164,Maharajganj,1346,Ghughli,26.2346,84.5865,151.5,1.93,12,Croplands
9,Uttar Pradesh,164,Maharajganj,1347,Lakshmipur,26.1638,84.5063,153.0,1.87,12,Croplands
9,Uttar Pradesh,164,Maharajganj,1348,Mahrajganj,26.1955,84.4511,153.0,1.86,12,Croplands
9,Uttar Pradesh,164,Maharajganj,1349,Mithaura,26.1818,84.3673,153.9,1.82,12,Croplands
9,Uttar Pradesh,164,Maharajganj,1350,Nautanwa,26.1097,84.4461,154.1,1.82,12,Croplands
9,Uttar Pradesh,164,Maharajganj,1351,Nichlaul,26.0602,84.4107,155.0,1.79,12,Croplands
9,Uttar Pradesh,164,Maharajganj,1352,Paniyara,25.9849,84.426,155.8,1.76,12,Croplands
9,Uttar Pradesh,164,Maharajganj,1353,Partawal,26.0557,84.5063,154.3,1.82,12,Croplands
9,Uttar Pradesh,164,Maharajganj,1354,Pharenda,26.0239,84.5615,154.2,1.83,12,Croplands
9,Uttar Pradesh,164,Maharajganj,1355,Siswa,26.0376,84.6453,153.4,1.87,12,Croplands
9,Uttar Pradesh,165,Mahoba,1356,Charkhari,25.2916,79.9309,200.1,0.89,12,Croplands
9,Uttar Pradesh,165,Mahoba,1357,Jaitpur,25.3907,79.8711,199.3,0.9,12,Croplands
9,Uttar Pradesh,165,Mahoba,1358,Kabrai,25.2916,79.7117,201.8,0.8,12,Croplands
9,Uttar Pradesh,165,Mahoba,1359,Panwari,25.2376,79.8711,201.2,0.84,12,Croplands
9,Uttar Pradesh,166,Mainpuri,1360,Barnahal,27.2281,79.0858,183.6,1.33,12,Croplands
9,Uttar Pradesh,166,Mainpuri,1361,Bewar,27.2918,79.1104,182.6,1.36,12,Croplands
9,Uttar Pradesh,166,Mainpuri,1362,Ghiror,27.3701,79.0532,182.1,1.37,12,Croplands
9,Uttar Pradesh,166,Mainpuri,1363,Jageer,27.275,78.9946,183.7,1.31,12,Croplands
9,Uttar Pradesh,166,Mainpuri,1364,Karhal,27.262,78.9203,184.5,1.27,12,Croplands
9,Uttar Pradesh,166,Mainpuri,1365,Kishni,27.1788,78.8727,185.9,1.22,12,Croplands
9,Uttar Pradesh,166,Mainpuri,1366,Kuraoli,27.1813,78.9946,184.9,1.27,12,Croplands
9,Uttar Pradesh,166,Mainpuri,1367,Mainpuri,27.1305,79.0444,185.1,1.27,12,Croplands
9,Uttar Pradesh,166,Mainpuri,1368,Sultanganj,27.1355,79.1492,184.2,1.31,12,Croplands
9,Uttar Pradesh,167,Mathura,1369,Baldeo,27.4919,77.735,191.2,0.89,12,Croplands
9,Uttar Pradesh,167,Mathura,1370,Chaumuha,27.5502,77.7644,190.3,0.93,12,Croplands
9,Uttar Pradesh,167,Mathura,1371,Chhata,27.629,77.7243,189.7,0.94,12,Croplands
9,Uttar Pradesh,167,Mathura,1372,Farah,27.5433,77.6552,191.2,0.88,12,Croplands
9,Uttar Pradesh,167,Mathura,1373,Govardhan,27.5502,77.5837,191.7,0.85,12,Croplands
9,Uttar Pradesh,167,Mathura,1374,Mat,27.4919,77.5116,193.0,0.8,12,Croplands
9,Uttar Pradesh,167,Mathura,1375,Mathura,27.4602,77.6248,192.5,0.83,12,Croplands
9,Uttar Pradesh,167,Mathura,1376,Nandgaon,27.3977,77.6395,193.1,0.81,12,Croplands
9,Uttar Pradesh,167,Mathura,1377,Nohjhil,27.3548,77.7243,192.9,0.83,12,Croplands
9,Uttar Pradesh,167,Mathura,1378,Raya,27.4602,77.7234,191.7,0.87,12,Croplands
9,Uttar Pradesh,168,Mau,1379,Badraon,26.8467,81.0068,172.8,1.94,12,Croplands
9,Uttar Pradesh,168,Mau,1380,Dohri Ghat,26.9104,81.0313,171.8,1.98,12,Croplands
9,Uttar Pradesh,168,Mau,1381,Fatehpur Madaun,26.9887,80.9743,171.3,1.99,12,Croplands
9,Uttar Pradesh,168,Mau,1382,Ghosi,26.8935,80.9159,173.0,1.92,12,Croplands
9,Uttar Pradesh,168,Mau,1383,Kopaganj,26.8806,80.8418,173.7,1.89,12,Croplands
9,Uttar Pradesh,168,Mau,1384,Mohammadabad Gohana,26.7974,80.7944,175.1,1.84,12,Croplands
9,Uttar Pradesh,168,Mau,1385,Pardaha,26.7999,80.9159,174.1,1.89,12,Croplands
9,Uttar Pradesh,168,Mau,1386,Ranipur,26.7491,80.9655,174.3,1.89,12,Croplands
9,Uttar Pradesh,168,Mau,1387,Ratanpura,26.754,81.07,173.4,1.93,12,Croplands
9,Uttar Pradesh,169,Meerut,1388,Daurala,28.9986,77.7664,172.9,1.51,12,Croplands
9,Uttar Pradesh,169,Meerut,1389,Hastinapur,29.0482,77.8027,172.0,1.54,12,Croplands
9,Uttar Pradesh,169,Meerut,1390,Janikhurd,29.1235,77.787,171.2,1.56,12,Croplands
9,Uttar Pradesh,169,Meerut,1391,Kharkhoda,29.0527,77.7046,172.7,1.5,12,Croplands
9,Uttar Pradesh,169,Meerut,1392,Machra,29.0844,77.6479,172.8,1.49,12,Croplands
9,Uttar Pradesh,169,Meerut,1393,Mawana Kalan,29.0707,77.5619,173.7,1.45,12,Croplands
9,Uttar Pradesh,169,Meerut,1394,Meerut,28.9986,77.6428,173.9,1.46,12,Croplands
9,Uttar Pradesh,169,Meerut,1395,Parikshitgarh,28.9491,77.6065,174.8,1.42,12,Croplands
9,Uttar Pradesh,169,Meerut,1396,Rajpura,28.8738,77.6222,175.5,1.4,12,Croplands
9,Uttar Pradesh,169,Meerut,1397,Rohta,28.9446,77.7046,174.0,1.46,12,Croplands
9,Uttar Pradesh,169,Meerut,1398,Sardhana,28.9128,77.7612,174.0,1.47,12,Croplands
9,Uttar Pradesh,169,Meerut,1399,Sarurpur Khurd,28.9265,77.8473,173.1,1.51,12,Croplands
9,Uttar Pradesh,170,Mirzapur,1400,Chhanvey,25.1343,82.6268,180.4,1.9,12,Croplands
9,Uttar Pradesh,170,Mirzapur,1401,Hallia,25.1839,82.6619,179.5,1.94,12,Croplands
9,Uttar Pradesh,170,Mirzapur,1402,Jamalpur,25.2592,82.6467,178.7,1.96,12,Croplands
9,Uttar Pradesh,170,Mirzapur,1403,Kon,25.1884,82.5671,180.2,1.9,12,Croplands
9,Uttar Pradesh,170,Mirzapur,1404,Lalganj,25.2201,82.5123,180.3,1.89,12,Croplands
9,Uttar Pradesh,170,Mirzapur,1405,Majhawa,25.2064,82.4292,181.1,1.85,12,Croplands
9,Uttar Pradesh,170,Mirzapur,1406,Nagar (City),25.1343,82.5074,181.3,1.86,13,Urban and Built-up Lands
9,Uttar Pradesh,170,Mirzapur,1407,Narainpur,25.0848,82.4723,182.2,1.82,12,Croplands
9,Uttar Pradesh,170,Mirzapur,1408,Pahari,25.0095,82.4875,183.0,1.8,12,Croplands
9,Uttar Pradesh,170,Mirzapur,1409,Patehra,25.0803,82.5671,181.5,1.86,12,Croplands
9,Uttar Pradesh,170,Mirzapur,1410,Rajgarh,25.0485,82.6218,181.4,1.87,12,Croplands
9,Uttar Pradesh,170,Mirzapur,1411,Shikhar,25.0622,82.705,180.6,1.91,12,Croplands
9,Uttar Pradesh,171,Moradabad,1415,Bhagatpur Tanda,28.8389,78.8385,166.2,1.87,12,Croplands
9,Uttar Pradesh,171,Moradabad,1416,Bilari,28.909,78.8568,165.2,1.91,12,Croplands
9,Uttar Pradesh,171,Moradabad,1417,Chhajlet,28.9831,78.7768,165.0,1.9,12,Croplands
9,Uttar Pradesh,171,Moradabad,1418,Dilari,28.8772,78.7332,166.6,1.84,12,Croplands
9,Uttar Pradesh,171,Moradabad,1419,Kundarki,28.8389,78.6637,167.6,1.8,12,Croplands
9,Uttar Pradesh,171,Moradabad,1420,Moradabad,28.737,78.6605,168.9,1.76,12,Croplands
9,Uttar Pradesh,171,Moradabad,1421,Munda Pandey,28.7849,78.7768,167.4,1.82,12,Croplands
9,Uttar Pradesh,171,Moradabad,1424,Thakurdwara,28.7689,78.8568,166.9,1.85,12,Croplands
9,Uttar Pradesh,172,Muzaffarnagar,1425,Baghara,29.4705,77.7697,167.2,1.7,12,Croplands
9,Uttar Pradesh,172,Muzaffarnagar,1426,Budhana,29.5342,77.7949,166.2,1.73,12,Croplands
9,Uttar Pradesh,172,Muzaffarnagar,1427,Charthawal,29.6124,77.7364,165.8,1.74,12,Croplands
9,Uttar Pradesh,172,Muzaffarnagar,1428,Jansath,29.5173,77.6766,167.4,1.68,12,Croplands
9,Uttar Pradesh,172,Muzaffarnagar,1431,Khatauli,29.5044,77.6007,168.1,1.64,12,Croplands
9,Uttar Pradesh,172,Muzaffarnagar,1432,Morna,29.4212,77.5521,169.5,1.59,12,Croplands
9,Uttar Pradesh,172,Muzaffarnagar,1433,Muzaffarnagar,29.4236,77.6766,168.5,1.64,13,Urban and Built-up Lands
9,Uttar Pradesh,172,Muzaffarnagar,1434,Purkaji,29.3729,77.7274,168.7,1.64,12,Croplands
9,Uttar Pradesh,172,Muzaffarnagar,1435,Shahpur,29.3778,77.8345,167.8,1.68,12,Croplands
9,Uttar Pradesh,173,Pilibhit,1439,Amariya,28.6312,79.8659,160.5,1.0,12,Croplands
9,Uttar Pradesh,173,Pilibhit,1440,Barkhera,28.7087,79.8748,159.5,1.03,12,Croplands
9,Uttar Pradesh,173,Pilibhit,1441,Bilsanda,28.7718,79.7678,159.6,1.02,12,Croplands
9,Uttar Pradesh,173,Pilibhit,1442,Bisalpur,28.6547,79.7489,161.2,0.96,12,Croplands
9,Uttar Pradesh,173,Pilibhit,1443,Lalaurikhera,28.5882,79.7026,162.3,0.92,12,Croplands
9,Uttar Pradesh,173,Pilibhit,1444,Marori,28.4907,79.7678,163.0,0.9,12,Croplands
9,Uttar Pradesh,173,Pilibhit,1445,Puranpur,28.589,79.8428,161.2,0.97,12,Croplands
9,Uttar Pradesh,174,Pratapgarh,1446,Aspur Deosara,26.8467,81.0068,172.8,1.94,12,Croplands
9,Uttar Pradesh,174,Pratapgarh,1447,Baba Belkharnath Dham,26.8825,81.0498,172.0,1.97,12,Croplands
9,Uttar Pradesh,174,Pratapgarh,1448,Babaganj,26.9438,81.0656,171.1,0.8,12,Croplands
9,Uttar Pradesh,174,Pratapgarh,1449,Bihar,26.8951,80.9732,172.5,1.95,12,Croplands
9,Uttar Pradesh,174,Pratapgarh,1450,Gaura,26.9454,80.9564,172.0,1.96,12,Croplands
9,Uttar Pradesh,174,Pratapgarh,1451,Kalakankar,26.9853,80.902,172.0,1.95,12,Croplands
9,Uttar Pradesh,174,Pratapgarh,1452,Kunda,26.8898,80.9097,173.0,1.92,12,Croplands
9,Uttar Pradesh,174,Pratapgarh,1453,Lakshamanpur,26.8989,80.8518,173.4,1.9,12,Croplands
9,Uttar Pradesh,174,Pratapgarh,1454,Lalganj,26.8732,80.7874,174.2,1.86,12,Croplands
9,Uttar Pradesh,174,Pratapgarh,1455,Magraura,26.8368,80.8866,173.9,1.89,12,Croplands
9,Uttar Pradesh,174,Pratapgarh,1456,Mandhata,26.7945,80.8518,174.7,1.86,12,Croplands
9,Uttar Pradesh,174,Pratapgarh,1457,Patti,26.7317,80.8488,175.4,1.83,12,Croplands
9,Uttar Pradesh,174,Pratapgarh,1458,Pratapgarh (Sadar),26.7947,80.9296,174.0,1.89,13,Urban and Built-up Lands
9,Uttar Pradesh,174,Pratapgarh,1459,Rampur Sanramgarh,26.748,80.9564,174.4,1.88,12,Croplands
9,Uttar Pradesh,174,Pratapgarh,1460,Sandwa Chandrika,26.7177,81.0182,174.2,1.89,12,Croplands
9,Uttar Pradesh,174,Pratapgarh,1461,Sangipur,26.8103,80.991,173.3,1.92,12,Croplands
9,Uttar Pradesh,174,Pratapgarh,1462,Shivgarh,26.8109,81.0498,172.9,1.94,12,Croplands
9,Uttar Pradesh,175,Rae Bareli,1463,Amawan,26.221,81.3159,177.8,1.81,12,Croplands
9,Uttar Pradesh,175,Rae Bareli,1464,Bachharawan,26.2549,81.3595,177.1,1.85,12,Croplands
9,Uttar Pradesh,175,Rae Bareli,1466,Chhatoh,26.3136,81.3788,176.2,1.88,12,Croplands
9,Uttar Pradesh,175,Rae Bareli,1467,Dalmau,26.2678,81.2858,177.5,1.82,12,Croplands
9,Uttar Pradesh,175,Rae Bareli,1468,Deenshah Gaura,26.3186,81.2749,177.0,1.84,12,Croplands
9,Uttar Pradesh,175,Rae Bareli,1469,Dih,26.3629,81.2278,176.8,1.84,12,Croplands
9,Uttar Pradesh,175,Rae Bareli,1470,Harchandpur,26.2678,81.2256,178.0,1.8,12,Croplands
9,Uttar Pradesh,175,Rae Bareli,1471,Jagatpur,26.2847,81.1711,178.2,1.78,12,Croplands
9,Uttar Pradesh,175,Rae Bareli,1472,Khiron,26.2703,81.1047,178.9,1.75,12,Croplands
9,Uttar Pradesh,175,Rae Bareli,1473,Lalganj,26.221,81.1954,178.8,1.77,12,Croplands
9,Uttar Pradesh,175,Rae Bareli,1474,Mahrajganj,26.1871,81.1519,179.5,1.74,12,Croplands
9,Uttar Pradesh,175,Rae Bareli,1475,Rahi,26.1283,81.1326,180.4,1.7,12,Croplands
9,Uttar Pradesh,175,Rae Bareli,1476,Rohania,26.1742,81.2256,179.1,1.76,12,Croplands
9,Uttar Pradesh,175,Rae Bareli,1477,Salon,26.1234,81.2365,179.6,1.74,12,Croplands
9,Uttar Pradesh,175,Rae Bareli,1478,Sareni,26.079,81.2836,179.8,1.75,12,Croplands
9,Uttar Pradesh,175,Rae Bareli,1479,Sataon,26.1742,81.2858,178.6,1.78,12,Croplands
9,Uttar Pradesh,175,Rae Bareli,1480,Shivgarh,26.1573,81.3403,178.4,1.8,12,Croplands
9,Uttar Pradesh,175,Rae Bareli,1483,Unchahar,26.1717,81.4067,177.7,1.83,12,Croplands
9,Uttar Pradesh,176,Rampur,1484,Bilaspur,28.7782,79.0872,165.0,1.95,12,Croplands
9,Uttar Pradesh,176,Rampur,1485,Chamraon,28.8641,79.0821,164.0,1.98,12,Croplands
9,Uttar Pradesh,176,Rampur,1486,Milak,28.9031,78.9433,164.6,1.94,12,Croplands
9,Uttar Pradesh,176,Rampur,1487,Saidnagar,28.7782,78.9639,166.0,1.9,13,Urban and Built-up Lands
9,Uttar Pradesh,176,Rampur,1488,Shahabad,28.6924,78.969,166.9,1.86,12,Croplands
9,Uttar Pradesh,176,Rampur,1489,Suar,28.6534,79.1078,166.3,1.9,12,Croplands
9,Uttar Pradesh,177,Saharanpur,1490,Ballia Kheri,29.9657,77.6085,162.5,1.83,12,Croplands
9,Uttar Pradesh,177,Saharanpur,1491,Deoband,30.0193,77.6423,161.6,1.86,12,Croplands
9,Uttar Pradesh,177,Saharanpur,1492,Gangoh,30.0968,77.6152,160.9,1.88,12,Croplands
9,Uttar Pradesh,177,Saharanpur,1493,Muzaffarabad,30.0192,77.5372,162.5,1.82,12,Croplands
9,Uttar Pradesh,177,Saharanpur,1494,Nagal,30.0406,77.4712,162.7,1.8,12,Croplands
9,Uttar Pradesh,177,Saharanpur,1495,Nakur,30.0063,77.3864,163.8,1.76,12,Croplands
9,Uttar Pradesh,177,Saharanpur,1496,Nanauta,29.9505,77.4862,163.7,1.77,12,Croplands
9,Uttar Pradesh,177,Saharanpur,1497,Puwarka,29.8908,77.4712,164.5,1.74,12,Croplands
9,Uttar Pradesh,177,Saharanpur,1498,Rampur Maniharan,29.823,77.5224,164.9,1.74,12,Croplands
9,Uttar Pradesh,177,Saharanpur,1499,Sadauli Qadeem,29.9165,77.572,163.4,1.8,12,Croplands
9,Uttar Pradesh,177,Saharanpur,1500,Sarsawan,29.9121,77.6423,162.9,1.82,12,Croplands
9,Uttar Pradesh,178,Sant Kabeer Nagar,1501,Baghauli,26.7882,83.0833,156.9,1.55,12,Croplands
9,Uttar Pradesh,178,Sant Kabeer Nagar,1502,Belhar Kala,26.8519,83.1078,155.9,1.58,12,Croplands
9,Uttar Pradesh,178,Sant Kabeer Nagar,1503,Hainsar Bazar,26.9302,83.0508,155.4,1.59,12,Croplands
9,Uttar Pradesh,178,Sant Kabeer Nagar,1504,Khalilabad,26.835,82.9925,157.0,1.53,12,Croplands
9,Uttar Pradesh,178,Sant Kabeer Nagar,1505,Mehdawal,26.8221,82.9185,157.8,1.5,12,Croplands
9,Uttar Pradesh,178,Sant Kabeer Nagar,1506,Nath Nagar,26.7389,82.8711,159.2,1.44,13,Urban and Built-up Lands
9,Uttar Pradesh,178,Sant Kabeer Nagar,1507,Pauli,26.7414,82.9925,158.2,1.49,12,Croplands
9,Uttar Pradesh,178,Sant Kabeer Nagar,1508,Santha,26.6906,83.0421,158.4,1.49,12,Croplands
9,Uttar Pradesh,178,Sant Kabeer Nagar,1509,Semariyawan,26.6956,83.1465,157.5,1.54,12,Croplands
9,Uttar Pradesh,179,Bhadohi,1510,Abhauli,25.3945,82.6284,177.2,0.81,12,Croplands
9,Uttar Pradesh,179,Bhadohi,1511,Aurai,25.4803,82.6234,176.2,0.84,12,Croplands
9,Uttar Pradesh,179,Bhadohi,1512,Bhadohi,25.5194,82.4888,176.9,0.8,12,Croplands
9,Uttar Pradesh,179,Bhadohi,1513,Deegh,25.3945,82.5087,178.2,1.96,12,Croplands
9,Uttar Pradesh,179,Bhadohi,1514,Gyanpur,25.3087,82.5137,179.2,1.93,12,Croplands
9,Uttar Pradesh,179,Bhadohi,1515,Suriyavan,25.2697,82.6483,178.6,1.97,12,Croplands
9,Uttar Pradesh,180,Shahjahanpur,1516,Banda,27.8557,79.9792,168.9,1.93,12,Croplands
9,Uttar Pradesh,180,Shahjahanpur,1517,Bhawal Khera,27.896,80.0205,168.1,1.97,12,Croplands
9,Uttar Pradesh,180,Shahjahanpur,1518,Dadrol,27.9629,80.0272,167.2,2.0,12,Croplands
9,Uttar Pradesh,180,Shahjahanpur,1519,Jaitipur,27.9071,79.937,168.6,1.94,12,Croplands
9,Uttar Pradesh,180,Shahjahanpur,1520,Jalalabad,27.9543,79.9064,168.3,1.94,12,Croplands
9,Uttar Pradesh,180,Shahjahanpur,1521,Kalan,27.9806,79.8366,168.5,1.93,12,Croplands
9,Uttar Pradesh,180,Shahjahanpur,1522,Kanth,27.8875,79.8686,169.4,1.9,12,Croplands
9,Uttar Pradesh,180,Shahjahanpur,1523,Khudaganj Katra,27.8763,79.8085,170.0,1.87,12,Croplands
9,Uttar Pradesh,180,Shahjahanpur,1524,Khutar,27.8258,79.7586,171.0,1.83,12,Croplands
9,Uttar Pradesh,180,Shahjahanpur,1525,Madnapur,27.824,79.8686,170.2,1.88,12,Croplands
9,Uttar Pradesh,180,Shahjahanpur,1526,Mirzapur,27.7699,79.862,170.9,1.85,12,Croplands
9,Uttar Pradesh,180,Shahjahanpur,1527,Nigohi,27.7124,79.901,171.2,1.85,12,Croplands
9,Uttar Pradesh,180,Shahjahanpur,1528,Powayan,27.8043,79.937,169.9,1.9,12,Croplands
9,Uttar Pradesh,180,Shahjahanpur,1529,Sindhauli,27.7821,79.9931,169.7,1.91,12,Croplands
9,Uttar Pradesh,180,Shahjahanpur,1530,Tilhar,27.7971,80.067,168.9,1.95,12,Croplands
9,Uttar Pradesh,181,Shravasti,1531,Ekona,27.7213,81.961,154.7,1.47,12,Croplands
9,Uttar Pradesh,181,Shravasti,1532,Gilaula,27.8155,81.9345,153.7,1.5,12,Croplands
9,Uttar Pradesh,181,Shravasti,1533,Hariharpur Rani,27.806,81.7682,155.2,1.43,12,Croplands
9,Uttar Pradesh,181,Shravasti,1534,Jamunaha,27.6895,81.8505,155.9,1.42,12,Croplands
9,Uttar Pradesh,181,Shravasti,1535,Sirsiya,27.627,81.9345,156.0,1.42,12,Croplands
9,Uttar Pradesh,182,Siddharth Nagar,1536,Bansi,27.2734,82.9241,152.3,1.68,12,Croplands
9,Uttar Pradesh,182,Siddharth Nagar,1537,Barhni,27.3164,82.9638,151.5,1.71,12,Croplands
9,Uttar Pradesh,182,Siddharth Nagar,1538,Bhanwapur,27.3861,82.9644,150.7,1.74,12,Croplands
9,Uttar Pradesh,182,Siddharth Nagar,1539,Birdpur,27.3261,82.8769,152.1,1.68,12,Croplands
9,Uttar Pradesh,182,Siddharth Nagar,1540,Domariyaganj,27.37,82.8385,151.9,1.68,12,Croplands
9,Uttar Pradesh,182,Siddharth Nagar,1541,Itwa,27.3861,82.7622,152.3,1.66,12,Croplands
9,Uttar Pradesh,182,Siddharth Nagar,1542,Jogia,27.2968,82.8085,153.0,1.64,12,Croplands
9,Uttar Pradesh,182,Siddharth Nagar,1543,Khesraha,27.2734,82.7518,153.7,1.61,12,Croplands
9,Uttar Pradesh,182,Siddharth Nagar,1544,Khuniyaon,27.2108,82.7172,154.7,1.57,12,Croplands
9,Uttar Pradesh,182,Siddharth Nagar,1545,Lotan,27.2311,82.8254,153.6,1.62,12,Croplands
9,Uttar Pradesh,182,Siddharth Nagar,1546,Mithwal,27.1768,82.8385,154.2,1.61,12,Croplands
9,Uttar Pradesh,182,Siddharth Nagar,1547,Naugarh,27.1328,82.8994,154.2,1.61,12,Croplands
9,Uttar Pradesh,182,Siddharth Nagar,1548,Shoharatgarh,27.2311,82.9012,153.0,1.65,12,Croplands
9,Uttar Pradesh,182,Siddharth Nagar,1549,Uska Bazar,27.2304,82.9638,152.5,1.68,12,Croplands
9,Uttar Pradesh,183,Sitapur,1550,Ailiya,27.5619,80.7436,166.3,0.92,12,Croplands
9,Uttar Pradesh,183,Sitapur,1551,Behta,27.5941,80.7884,165.6,0.95,12,Croplands
9,Uttar Pradesh,183,Sitapur,1552,Biswan,27.6505,80.811,164.7,0.98,12,Croplands
9,Uttar Pradesh,183,Sitapur,1553,Gondlamau,27.6072,80.716,166.0,0.93,12,Croplands
9,Uttar Pradesh,183,Sitapur,1554,Hargaon,27.658,80.7101,165.4,0.95,12,Croplands
9,Uttar Pradesh,183,Sitapur,1555,Kasmanda,27.7056,80.6692,165.2,0.95,12,Croplands
9,Uttar Pradesh,183,Sitapur,1556,Khairabad,27.6114,80.6582,166.4,0.91,12,Croplands
9,Uttar Pradesh,183,Sitapur,1557,Laharpur,27.6348,80.6069,166.5,0.9,12,Croplands
9,Uttar Pradesh,183,Sitapur,1558,Machhrehta,27.6305,80.5397,167.1,0.87,12,Croplands
9,Uttar Pradesh,183,Sitapur,1559,Mahmudabad,27.5708,80.6225,167.2,0.88,12,Croplands
9,Uttar Pradesh,183,Sitapur,1560,Maholi,27.5456,80.5724,167.9,0.85,12,Croplands
9,Uttar Pradesh,183,Sitapur,1561,Misrikh,27.4933,80.5397,168.8,0.81,12,Croplands
9,Uttar Pradesh,183,Sitapur,1562,Pahala,27.5222,80.6414,167.6,0.87,12,Croplands
9,Uttar Pradesh,183,Sitapur,1563,Parsendi,27.4712,80.6377,168.2,0.84,12,Croplands
9,Uttar Pradesh,183,Sitapur,1564,Pisawan,27.4183,80.6692,168.6,0.84,12,Croplands
9,Uttar Pradesh,183,Sitapur,1565,Rampur Mathura,27.5095,80.6976,167.3,0.88,12,Croplands
9,Uttar Pradesh,183,Sitapur,1566,Reusa,27.479,80.7438,167.3,0.89,12,Croplands
9,Uttar Pradesh,183,Sitapur,1567,Sakran,27.4734,80.811,166.8,0.91,12,Croplands
9,Uttar Pradesh,183,Sitapur,1568,Sidhauli,27.5444,80.7403,166.5,0.91,12,Croplands
9,Uttar Pradesh,184,Sonbhadra,1569,Babhani,24.422,83.1216,185.0,1.82,12,Croplands
9,Uttar Pradesh,184,Sonbhadra,1570,Chatra,24.4803,83.1503,184.0,1.85,12,Croplands
9,Uttar Pradesh,184,Sonbhadra,1571,Chopan,24.5591,83.1112,183.4,1.87,12,Croplands
9,Uttar Pradesh,184,Sonbhadra,1572,Dudhi,24.4734,83.0439,185.0,1.81,12,Croplands
9,Uttar Pradesh,184,Sonbhadra,1573,Ghorawal,24.4803,82.9742,185.4,1.78,12,Croplands
9,Uttar Pradesh,184,Sonbhadra,1574,Myorpur,24.3278,83.0286,186.8,1.74,12,Croplands
9,Uttar Pradesh,184,Sonbhadra,1575,Nagwa,24.2849,83.1112,186.7,1.76,12,Croplands
9,Uttar Pradesh,184,Sonbhadra,1576,Robertsganj,24.3903,83.1103,185.4,1.8,12,Croplands
9,Uttar Pradesh,184,Sonbhadra,7380,Kone,24.3903,83.0142,186.2,1.76,12,Croplands
9,Uttar Pradesh,184,Sonbhadra,7381,Karma,24.422,82.904,186.7,1.73,12,Croplands
9,Uttar Pradesh,185,Sultanpur,1577,Akhand Nagar,26.2582,82.1284,170.9,0.95,13,Urban and Built-up Lands
9,Uttar Pradesh,185,Sultanpur,1579,Baldirai,26.3012,82.1677,170.0,0.99,12,Croplands
9,Uttar Pradesh,185,Sultanpur,1580,Bhadaiya,26.3709,82.1683,169.2,1.02,12,Croplands
9,Uttar Pradesh,185,Sultanpur,1583,Dhanpatganj,26.3109,82.0815,170.6,0.96,12,Croplands
9,Uttar Pradesh,185,Sultanpur,1584,Dostpur,26.3549,82.0435,170.4,0.96,12,Croplands
9,Uttar Pradesh,185,Sultanpur,1585,Dubepur,26.3709,81.9679,170.8,0.94,12,Croplands
9,Uttar Pradesh,185,Sultanpur,1588,Jaisinghpur,26.2817,82.0138,171.5,0.92,12,Croplands
9,Uttar Pradesh,185,Sultanpur,1590,Kadipur,26.2582,81.9576,172.2,0.89,12,Croplands
9,Uttar Pradesh,185,Sultanpur,1591,Kurebhar,26.216,82.0305,172.2,0.9,12,Croplands
9,Uttar Pradesh,185,Sultanpur,1592,Kurwar,26.1616,82.0435,172.7,0.88,12,Croplands
9,Uttar Pradesh,185,Sultanpur,1593,Lambhua,26.1177,82.1039,172.8,0.89,12,Croplands
9,Uttar Pradesh,185,Sultanpur,1594,Motigarpur,26.216,82.1057,171.6,0.93,12,Croplands
9,Uttar Pradesh,185,Sultanpur,1596,P.P.Kamaicha,26.2152,82.1677,171.1,0.95,12,Croplands
9,Uttar Pradesh,185,Sultanpur,6714,Karaudikala,26.1957,81.9233,173.3,0.85,12,Croplands
9,Uttar Pradesh,186,Unnao,1600,Asoha,26.5471,80.5482,180.0,1.64,12,Croplands
9,Uttar Pradesh,186,Unnao,1601,Auras,26.585,80.5902,179.3,1.67,12,Croplands
9,Uttar Pradesh,186,Unnao,1602,Bangarmau,26.649,80.6017,178.4,1.7,12,Croplands
9,Uttar Pradesh,186,Unnao,1603,Bichhiya,26.597,80.5109,179.7,1.64,12,Croplands
9,Uttar Pradesh,186,Unnao,1604,Bighapur,26.6462,80.4878,179.3,1.65,12,Croplands
9,Uttar Pradesh,186,Unnao,1605,Fatehpur Chaurasi,26.6802,80.4261,179.4,1.64,12,Croplands
9,Uttar Pradesh,186,Unnao,1606,Ganj Moradabad,26.5853,80.4451,180.4,1.61,12,Croplands
9,Uttar Pradesh,186,Unnao,1607,Hasanganj,26.585,80.3855,180.9,1.59,12,Croplands
9,Uttar Pradesh,186,Unnao,1608,Hilauli,26.5471,80.3267,181.8,1.55,12,Croplands
9,Uttar Pradesh,186,Unnao,1609,Mianganj,26.5264,80.432,181.2,1.58,12,Croplands
9,Uttar Pradesh,186,Unnao,1610,Nawabganj,26.477,80.4095,182.0,1.55,12,Croplands
9,Uttar Pradesh,186,Unnao,1611,Purwa,26.4139,80.4261,182.6,1.54,12,Croplands
9,Uttar Pradesh,186,Unnao,1612,Safipur,26.493,80.4878,181.2,1.59,12,Croplands
9,Uttar Pradesh,186,Unnao,1613,Sikandarpur Karan,26.4555,80.5302,181.3,1.59,12,Croplands
9,Uttar Pradesh,186,Unnao,1614,Sikandarpur Sarausi,26.4451,80.6017,180.8,1.62,12,Croplands
9,Uttar Pradesh,186,Unnao,1615,Sumerpur,26.5264,80.5436,180.3,1.63,12,Croplands
9,Uttar Pradesh,187,Varanasi,1616,Arajiline,25.3328,83.0564,174.6,0.96,12,Croplands
9,Uttar Pradesh,187,Varanasi,1617,Baragaon,25.4029,83.0741,173.6,0.99,12,Croplands
9,Uttar Pradesh,187,Varanasi,1618,Chiraigaon,25.477,82.9966,173.3,0.99,12,Croplands
9,Uttar Pradesh,187,Varanasi,1619,Cholapur,25.3711,82.9543,174.9,0.93,12,Croplands
9,Uttar Pradesh,187,Varanasi,1620,Harahua,25.3328,82.8869,175.9,0.89,12,Croplands
9,Uttar Pradesh,187,Varanasi,1621,Kashi Vidyapeeth,25.2309,82.8838,177.2,0.85,12,Croplands
9,Uttar Pradesh,187,Varanasi,1622,Pindra,25.2788,82.9966,175.7,0.91,12,Croplands
9,Uttar Pradesh,187,Varanasi,1623,Sevapuri,25.2628,83.0741,175.3,0.93,12,Croplands
9,Uttar Pradesh,633,Kasganj,1064,Amanpur,27.813,78.7113,179.6,1.41,12,Croplands
9,Uttar Pradesh,633,Kasganj,1066,Ganj Dundwara,27.8905,78.72,178.6,1.44,12,Croplands
9,Uttar Pradesh,633,Kasganj,1069,Kasganj,27.9535,78.6139,178.6,1.43,12,Croplands
9,Uttar Pradesh,633,Kasganj,1072,Patiyali,27.8364,78.5951,180.2,1.37,12,Croplands
9,Uttar Pradesh,633,Kasganj,1073,Sahawar,27.77,78.5492,181.4,1.33,12,Croplands
9,Uttar Pradesh,633,Kasganj,1076,Sidhpura,27.6724,78.6139,182.0,1.31,12,Croplands
9,Uttar Pradesh,633,Kasganj,1077,Soron,27.7707,78.6883,180.2,1.38,12,Croplands
9,Uttar Pradesh,640,Amethi,1465,Bahadurpur,26.3043,82.1659,170.0,0.99,12,Croplands
9,Uttar Pradesh,640,Amethi,1481,Singhpur,26.1396,82.1594,172.0,0.92,12,Croplands
9,Uttar Pradesh,640,Amethi,1482,Tiloi,26.2331,82.1215,171.2,0.94,12,Croplands
9,Uttar Pradesh,640,Amethi,1578,Amethi,26.2582,82.1284,170.9,0.95,12,Croplands
9,Uttar Pradesh,640,Amethi,1581,Bhadar,26.3769,82.1594,169.2,1.01,12,Croplands
9,Uttar Pradesh,640,Amethi,1582,Bhetua,26.3119,82.0754,170.7,0.95,12,Croplands
9,Uttar Pradesh,640,Amethi,1586,Gauriganj,26.3509,82.0289,170.6,0.95,12,Croplands
9,Uttar Pradesh,640,Amethi,1587,Jagdishpur,26.3538,81.9478,171.2,0.92,12,Croplands
9,Uttar Pradesh,640,Amethi,1589,Jamo,26.2712,82.0096,171.7,0.91,12,Croplands
9,Uttar Pradesh,640,Amethi,1595,Musafir Khana,26.2345,81.9608,172.5,0.88,12,Croplands
9,Uttar Pradesh,640,Amethi,1597,Sangrampur,26.1627,81.9478,173.5,0.84,12,Croplands
9,Uttar Pradesh,640,Amethi,1598,Shahgarh,26.2077,82.0467,172.1,0.9,12,Croplands
9,Uttar Pradesh,640,Amethi,1599,Shukul Bazar,26.1599,82.0814,172.4,0.9,12,Croplands
9,Uttar Pradesh,659,Sambhal,1004,Gunnaur,28.8772,78.7332,166.6,1.84,12,Croplands
9,Uttar Pradesh,659,Sambhal,1007,Junawai,28.8389,78.6637,167.6,1.8,12,Croplands
9,Uttar Pradesh,659,Sambhal,1010,Rajpura,28.7849,78.7768,167.4,1.82,12,Croplands
9,Uttar Pradesh,659,Sambhal,1412,Asmauli,28.8389,78.8385,166.2,1.87,12,Croplands
9,Uttar Pradesh,659,Sambhal,1413,Bahjoi,28.909,78.8568,165.2,1.91,12,Croplands
9,Uttar Pradesh,659,Sambhal,1414,Baniyakhera,28.9831,78.7768,165.0,1.9,12,Croplands
9,Uttar Pradesh,659,Sambhal,1422,Panwasa,28.737,78.6605,168.9,1.76,12,Croplands
9,Uttar Pradesh,659,Sambhal,1423,Sambhal,28.7689,78.8568,166.9,1.85,12,Croplands
9,Uttar Pradesh,660,Shamli,1429,Kairana,29.4705,77.7697,167.2,1.7,12,Croplands
9,Uttar Pradesh,660,Shamli,1430,Kandhla,29.5647,77.7428,166.3,1.72,12,Croplands
9,Uttar Pradesh,660,Shamli,1436,Shamli,29.5552,77.5737,167.7,1.65,12,Croplands
9,Uttar Pradesh,660,Shamli,1437,Thana Bhawan,29.4387,77.6574,168.5,1.64,12,Croplands
9,Uttar Pradesh,660,Shamli,1438,Un,29.3762,77.7428,168.5,1.65,12,Croplands
9,Uttar Pradesh,661,Hapur,1130,Dhaulana,28.6654,77.5008,179.0,1.27,12,Croplands
9,Uttar Pradesh,661,Hapur,1131,Garh Mukteshwar,28.7644,77.4392,178.3,1.28,12,Croplands
9,Uttar Pradesh,661,Hapur,1132,Hapur,28.6654,77.2749,180.8,1.18,12,Croplands
9,Uttar Pradesh,661,Hapur,1136,Simbhawali,28.6113,77.4392,180.2,1.22,12,Croplands
10,Bihar,188,Araria,1624,Araria,26.1329,87.5173,66.4,1.86,12,Croplands
10,Bihar,188,Araria,1625,Bhargama,26.1966,87.5416,65.7,1.9,12,Croplands
10,Bihar,188,Araria,1626,Forbesganj,26.2748,87.4849,65.4,1.9,12,Croplands
10,Bihar,188,Araria,1627,Jokihat,26.1797,87.4269,66.4,1.84,12,Croplands
10,Bihar,188,Araria,1628,Kursakanta,26.1668,87.3533,66.9,1.81,12,Croplands
10,Bihar,188,Araria,1629,Narpatganj,26.0836,87.3062,67.8,1.76,12,Croplands
10,Bihar,188,Araria,1630,Palasi,26.0861,87.4269,67.2,1.81,12,Croplands
10,Bihar,188,Araria,1631,Raniganj,26.0353,87.4762,67.3,1.8,12,Croplands
10,Bihar,188,Araria,1632,Sikty,26.0402,87.58,66.8,1.85,12,Croplands
10,Bihar,189,Aurangabad,1633,Aurangabad,19.8702,75.4035,177.0,1.71,12,Croplands
10,Bihar,189,Aurangabad,1634,Barun,19.9237,75.4346,176.4,1.74,12,Croplands
10,Bihar,189,Aurangabad,1635,Daudnagar,20.0013,75.4097,175.9,1.76,13,Urban and Built-up Lands
10,Bihar,189,Aurangabad,1636,Deo,19.9237,75.3378,176.9,1.7,12,Croplands
10,Bihar,189,Aurangabad,1637,Goh,19.9451,75.277,177.1,1.69,12,Croplands
10,Bihar,189,Aurangabad,1638,Haspura,19.9108,75.1989,177.7,1.64,12,Croplands
10,Bihar,189,Aurangabad,1639,Kutumba,19.8549,75.2909,177.7,1.66,12,Croplands
10,Bihar,189,Aurangabad,1640,Madanpur,19.7953,75.277,178.3,1.63,12,Croplands
10,Bihar,189,Aurangabad,1641,Nabinagar,19.7275,75.3242,178.6,1.62,13,Urban and Built-up Lands
10,Bihar,189,Aurangabad,1642,Obra,19.821,75.3699,177.6,1.68,12,Croplands
10,Bihar,189,Aurangabad,1643,Rafiganj,19.8166,75.4346,177.3,1.7,12,Croplands
10,Bihar,190,Banka,1644,Amarpur,24.8854,86.9836,79.0,1.15,12,Croplands
10,Bihar,190,Banka,1645,Banka,24.9389,87.0159,78.4,1.18,12,Croplands
10,Bihar,190,Banka,1646,Barahat,25.0165,86.99,77.9,1.2,12,Croplands
10,Bihar,190,Banka,1647,Bausi,24.9389,86.9155,78.9,1.14,12,Croplands
10,Bihar,190,Banka,1648,Belhar,24.9603,86.8524,79.1,1.13,12,Croplands
10,Bihar,190,Banka,1649,Chandan,24.926,86.7715,79.7,1.08,12,Croplands
10,Bihar,190,Banka,1650,Dhuraiya,24.8701,86.8668,79.7,1.09,12,Croplands
10,Bihar,190,Banka,1651,Fullidumar,24.8105,86.8524,80.3,1.07,12,Croplands
10,Bihar,190,Banka,1652,Katoria,24.7427,86.9014,80.6,1.06,12,Croplands
10,Bihar,190,Banka,1653,Rajaun,24.8362,86.9487,79.6,1.11,12,Croplands
10,Bihar,190,Banka,1654,Shambhuganj,24.8318,87.0159,79.3,1.14,12,Croplands
10,Bihar,191,Begusarai,1655,Bachhwara,25.4244,86.1935,78.6,1.05,12,Croplands
10,Bihar,191,Begusarai,1656,Bakhri,25.4583,86.2368,78.1,1.08,12,Croplands
10,Bihar,191,Begusarai,1657,Ballia,25.5171,86.2559,77.6,1.11,12,Croplands
10,Bihar,191,Begusarai,1658,Barauni,25.4712,86.1636,78.4,1.05,12,Croplands
10,Bihar,191,Begusarai,1659,Begusarai,25.522,86.1527,78.1,1.07,12,Croplands
10,Bihar,191,Begusarai,1660,Bhagwanpur,25.5664,86.106,77.9,1.07,12,Croplands
10,Bihar,191,Begusarai,1661,Birpur,25.4712,86.1037,78.7,1.03,12,Croplands
10,Bihar,191,Begusarai,1662,Cheria Bariarpur,25.4881,86.0496,78.8,1.02,12,Croplands
10,Bihar,191,Begusarai,1663,Chhaurahi,25.4737,85.9837,79.3,0.98,12,Croplands
10,Bihar,191,Begusarai,1664,Dandari,25.4244,86.0738,79.2,1.0,12,Croplands
10,Bihar,191,Begusarai,1665,Gadhpura,25.3905,86.0306,79.7,0.97,12,Croplands
10,Bihar,191,Begusarai,1666,Khodawandpur,25.3318,86.0114,80.3,0.94,12,Croplands
10,Bihar,191,Begusarai,1667,Mansurchak,25.3776,86.1037,79.5,0.99,12,Croplands
10,Bihar,191,Begusarai,1668,Matihani,25.3268,86.1146,79.8,0.98,12,Croplands
10,Bihar,191,Begusarai,1669,Nawkothi,25.2825,86.1614,79.9,0.98,12,Croplands
10,Bihar,191,Begusarai,1670,Sahebpur Kamal,25.3776,86.1636,79.2,1.02,12,Croplands
10,Bihar,191,Begusarai,1671,Samho Akha Kurha,25.3607,86.2177,79.0,1.03,12,Croplands
10,Bihar,191,Begusarai,1672,Teghra,25.3751,86.2836,78.6,1.06,12,Croplands
10,Bihar,192,Bhagalpur,1673,Bihpur,25.2445,87.0316,75.9,1.31,12,Croplands
10,Bihar,192,Bhagalpur,1674,Kahalgaon,25.3776,86.9108,75.4,1.32,12,Croplands
10,Bihar,192,Bhagalpur,1675,Gopalpur,25.2824,87.0731,75.4,1.34,12,Croplands
10,Bihar,192,Bhagalpur,1676,Goradih,25.3464,87.0845,74.8,1.37,12,Croplands
10,Bihar,192,Bhagalpur,1677,Ismailpur,25.2944,86.9947,75.7,1.32,12,Croplands
10,Bihar,192,Bhagalpur,1678,Jagdishpur,25.3436,86.9718,75.4,1.33,12,Croplands
10,Bihar,192,Bhagalpur,1679,Kharik,25.2827,86.9296,76.1,1.28,12,Croplands
10,Bihar,192,Bhagalpur,1680,Narayanpur,25.2824,86.8706,76.4,1.26,12,Croplands
10,Bihar,192,Bhagalpur,1681,Nathnagar,25.2445,86.8125,77.0,1.22,13,Urban and Built-up Lands
10,Bihar,192,Bhagalpur,1682,Naugachhia,25.2238,86.9166,76.6,1.26,12,Croplands
10,Bihar,192,Bhagalpur,1683,Pirpainti,25.1744,86.8944,77.1,1.23,12,Croplands
10,Bihar,192,Bhagalpur,1684,Rangrachowk,25.1113,86.9108,77.6,1.21,12,Croplands
10,Bihar,192,Bhagalpur,1685,Sabour,25.1904,86.9718,76.6,1.26,12,Croplands
10,Bihar,192,Bhagalpur,1686,Shahkund,25.1529,87.0138,76.7,1.27,12,Croplands
10,Bihar,192,Bhagalpur,1687,Sonhaula,25.1425,87.0845,76.4,1.29,12,Croplands
10,Bihar,192,Bhagalpur,1688,Sultanganj,25.2238,87.027,76.1,1.3,12,Croplands
10,Bihar,193,Bhojpur,1689,Agiaon,25.474,84.5964,86.2,1.63,12,Croplands
10,Bihar,193,Bhojpur,1690,Ara,25.517,84.6354,85.7,1.66,12,Croplands
10,Bihar,193,Bhojpur,1691,Barhara,25.5867,84.6361,85.1,1.69,12,Croplands
10,Bihar,193,Bhojpur,1692,Behea,25.5267,84.5498,86.0,1.63,12,Croplands
10,Bihar,193,Bhojpur,1693,Charpokhari,25.5706,84.5121,85.9,1.63,12,Croplands
10,Bihar,193,Bhojpur,1694,Garhani,25.5867,84.437,86.1,1.61,12,Croplands
10,Bihar,193,Bhojpur,1695,Jagdishpur,25.4974,84.4826,86.6,1.59,12,Croplands
10,Bihar,193,Bhojpur,1696,Koilwar,25.474,84.4268,87.1,1.56,12,Croplands
10,Bihar,193,Bhojpur,1697,Piro,25.4114,84.3927,87.7,1.52,12,Croplands
10,Bihar,193,Bhojpur,1698,Sahar,25.4317,84.4992,87.1,1.57,12,Croplands
10,Bihar,193,Bhojpur,1699,Sandesh,25.3774,84.5121,87.4,1.56,12,Croplands
10,Bihar,193,Bhojpur,1700,Shahpur,25.3335,84.5721,87.5,1.56,12,Croplands
10,Bihar,193,Bhojpur,1701,Tarari,25.4317,84.5739,86.7,1.6,12,Croplands
10,Bihar,193,Bhojpur,1702,Udwantnagar,25.431,84.6354,86.4,1.63,13,Urban and Built-up Lands
10,Bihar,194,Buxar,1703,Brahmpur,25.5722,84.032,88.3,1.44,12,Croplands
10,Bihar,194,Buxar,1704,Buxar,25.6258,84.0645,87.7,1.48,12,Croplands
10,Bihar,194,Buxar,1705,Chakki,25.7034,84.0385,87.2,1.5,12,Croplands
10,Bihar,194,Buxar,1706,Chausa,25.6258,83.9636,88.2,1.44,12,Croplands
10,Bihar,194,Buxar,1707,Chougain,25.6471,83.9001,88.3,1.42,12,Croplands
10,Bihar,194,Buxar,1708,Dumraon,25.6129,83.8188,89.0,1.37,12,Croplands
10,Bihar,194,Buxar,1709,Itarhi,25.557,83.9146,89.0,1.39,12,Croplands
10,Bihar,194,Buxar,1710,Kesath,25.4974,83.9001,89.5,1.36,12,Croplands
10,Bihar,194,Buxar,1711,Nawanagar,25.4296,83.9493,89.8,1.35,13,Urban and Built-up Lands
10,Bihar,194,Buxar,1712,Rajpur,25.5231,83.997,88.8,1.41,12,Croplands
10,Bihar,194,Buxar,1713,Simri,25.5187,84.0645,88.5,1.43,12,Croplands
10,Bihar,195,Darbhanga,1714,Alinagar,26.1552,85.9507,74.0,1.24,13,Urban and Built-up Lands
10,Bihar,195,Darbhanga,1715,Bahadurpur,26.1891,85.9942,73.5,1.27,12,Croplands
10,Bihar,195,Darbhanga,1716,Baheri,26.2478,86.0135,73.0,1.3,12,Croplands
10,Bihar,195,Darbhanga,1717,Benipur,26.202,85.9206,73.8,1.25,12,Croplands
10,Bihar,195,Darbhanga,1718,Biraul,26.2528,85.9096,73.4,1.26,12,Croplands
10,Bihar,195,Darbhanga,1719,Darbhanga,26.2971,85.8626,73.3,1.26,12,Croplands
10,Bihar,195,Darbhanga,1720,Gaurabauram,26.202,85.8603,74.1,1.22,12,Croplands
10,Bihar,195,Darbhanga,1721,Ghanshyampur,26.2189,85.8059,74.2,1.21,12,Croplands
10,Bihar,195,Darbhanga,1722,Hanuman Nagar,26.2045,85.7395,74.7,1.18,13,Urban and Built-up Lands
10,Bihar,195,Darbhanga,1723,Hayaghat,26.1552,85.8302,74.6,1.19,12,Croplands
10,Bihar,195,Darbhanga,1724,Jale,26.1213,85.7867,75.1,1.16,12,Croplands
10,Bihar,195,Darbhanga,1725,Keotirunway,26.0625,85.7674,75.7,1.13,12,Croplands
10,Bihar,195,Darbhanga,1726,Kiratpur,26.1083,85.8603,74.8,1.19,12,Croplands
10,Bihar,195,Darbhanga,1727,Kusheshwar Asthan,26.0576,85.8713,75.2,1.17,12,Croplands
10,Bihar,195,Darbhanga,1728,Kusheswar Asthan East,26.0132,85.9183,75.3,1.17,12,Croplands
10,Bihar,195,Darbhanga,1729,Manigachhi,26.1083,85.9206,74.5,1.21,12,Croplands
10,Bihar,195,Darbhanga,1730,Singhwara,26.0915,85.975,74.4,1.23,12,Croplands
10,Bihar,195,Darbhanga,1731,Tardih,26.1059,86.0413,73.9,1.26,12,Croplands
10,Bihar,196,Gaya,1732,Amas,24.785,85.0522,89.5,1.53,12,Croplands
10,Bihar,196,Gaya,1733,Atri,24.8106,85.0981,89.0,1.56,12,Croplands
10,Bihar,196,Gaya,1734,Bankey Bazar,24.857,85.1302,88.5,1.59,12,Croplands
10,Bihar,196,Gaya,1735,Barachatti,24.8232,85.0348,89.2,1.54,12,Croplands
10,Bihar,196,Gaya,1736,Belaganj,24.8708,85.0473,88.8,1.57,12,Croplands
10,Bihar,196,Gaya,1737,Bodhgaya,24.9242,85.0338,88.4,1.58,12,Croplands
10,Bihar,196,Gaya,1738,Dobhi,24.839,84.9927,89.3,1.53,12,Croplands
10,Bihar,196,Gaya,1739,Dumaria,24.8807,84.9645,89.1,1.54,12,Croplands
10,Bihar,196,Gaya,1740,Fatehpur,24.9098,84.9133,89.2,1.53,12,Croplands
10,Bihar,196,Gaya,1741,Gaya Town,24.8232,84.9506,89.7,1.51,13,Urban and Built-up Lands
10,Bihar,196,Gaya,1742,Guraru,24.8345,84.8982,89.8,1.49,12,Croplands
10,Bihar,196,Gaya,1743,Gurua,24.8223,84.8394,90.2,1.46,12,Croplands
10,Bihar,196,Gaya,1744,Imamganj,24.785,84.9332,90.1,1.49,12,Croplands
10,Bihar,196,Gaya,1745,Khizarsarai,24.7593,84.8873,90.5,1.46,12,Croplands
10,Bihar,196,Gaya,1746,Konch,24.7129,84.8552,91.0,1.43,12,Croplands
10,Bihar,196,Gaya,1747,Manpur,24.7467,84.9506,90.3,1.48,12,Croplands
10,Bihar,196,Gaya,1748,Mohanpur,24.6991,84.9381,90.7,1.45,12,Croplands
10,Bihar,196,Gaya,1749,Mohra,24.6457,84.9516,91.1,1.44,12,Croplands
10,Bihar,196,Gaya,1750,Neemchak Bathani,24.7309,84.9927,90.2,1.49,12,Croplands
10,Bihar,196,Gaya,1751,Paraiya,24.6892,85.021,90.4,1.48,12,Croplands
10,Bihar,196,Gaya,1752,Sherghatty,24.6601,85.0721,90.4,1.49,12,Croplands
10,Bihar,196,Gaya,1753,Tankuppa,24.7467,85.0348,89.9,1.51,12,Croplands
10,Bihar,196,Gaya,1754,Tekari,24.7354,85.0872,89.7,1.53,12,Croplands
10,Bihar,196,Gaya,1755,Wazirganj,24.7477,85.1461,89.3,1.56,12,Croplands
10,Bihar,197,Gopalganj,1756,Baikunthpur,26.4664,84.5032,78.8,1.99,12,Croplands
10,Bihar,197,Gopalganj,1757,Barauli,26.5094,84.5426,78.2,0.82,12,Croplands
10,Bihar,197,Gopalganj,1758,Bhorey,26.5791,84.5432,77.7,0.85,12,Croplands
10,Bihar,197,Gopalganj,1759,Bijaipur,26.5191,84.4563,78.6,1.99,12,Croplands
10,Bihar,197,Gopalganj,1760,Gopalganj,26.5631,84.4182,78.4,1.99,12,Croplands
10,Bihar,197,Gopalganj,1761,Hathua,26.5791,84.3424,78.7,1.97,12,Croplands
10,Bihar,197,Gopalganj,1762,Kataiya,26.4899,84.3884,79.1,1.95,12,Croplands
10,Bihar,197,Gopalganj,1763,Kuchaikote,26.4664,84.3321,79.6,1.92,12,Croplands
10,Bihar,197,Gopalganj,1764,Manjha,26.4039,84.2978,80.3,1.88,12,Croplands
10,Bihar,197,Gopalganj,1765,Panchdeori,26.4242,84.4052,79.6,1.93,12,Croplands
10,Bihar,197,Gopalganj,1766,Phulwariya,26.3698,84.4182,80.0,1.92,12,Croplands
10,Bihar,197,Gopalganj,1767,Sidhwaliya,26.3259,84.4787,80.0,1.92,12,Croplands
10,Bihar,197,Gopalganj,1768,Thawe,26.4242,84.4805,79.2,1.96,12,Croplands
10,Bihar,197,Gopalganj,1769,Uchkagaon,26.4235,84.5426,78.9,1.99,12,Croplands
10,Bihar,198,Jamui,1770,Barhat,24.9214,86.285,82.2,0.88,12,Croplands
10,Bihar,198,Jamui,1771,Chakai,24.9797,86.3138,81.6,0.92,12,Croplands
10,Bihar,198,Jamui,1772,Gidhor,25.0585,86.2745,81.2,0.93,12,Croplands
10,Bihar,198,Jamui,1773,Islamnagar Aliganj,24.9728,86.207,82.2,0.87,13,Urban and Built-up Lands
10,Bihar,198,Jamui,1774,Jamui,24.9797,86.137,82.5,0.85,12,Croplands
10,Bihar,198,Jamui,1775,Jhajha,24.9214,86.0664,83.3,2.0,12,Croplands
10,Bihar,198,Jamui,1776,Khaira,24.8896,86.1772,83.0,0.83,12,Croplands
10,Bihar,198,Jamui,1777,Laxmipur,24.8272,86.1916,83.4,0.81,12,Croplands
10,Bihar,198,Jamui,1778,Sikandra,24.7843,86.2745,83.4,0.82,12,Croplands
10,Bihar,198,Jamui,1779,Sono,24.8896,86.2736,82.5,0.87,12,Croplands
10,Bihar,199,Jehanabad,1780,Ghoshi,25.2134,85.0451,86.1,1.7,12,Croplands
10,Bihar,199,Jehanabad,1781,Hulasganj,25.2909,85.0536,85.4,1.74,12,Croplands
10,Bihar,199,Jehanabad,1782,Jehanabad,25.354,84.9499,85.4,1.72,12,Croplands
10,Bihar,199,Jehanabad,1783,Kako,25.2369,84.9315,86.4,1.67,12,Croplands
10,Bihar,199,Jehanabad,1784,Makhdumpur,25.1704,84.8867,87.2,1.62,12,Croplands
10,Bihar,199,Jehanabad,1785,Modanganj,25.0729,84.9499,87.7,1.61,12,Croplands
10,Bihar,199,Jehanabad,1786,Ratni Faridpur,25.1712,85.0226,86.5,1.68,12,Croplands
10,Bihar,200,Kaimur (Bhabua),1787,Adhaura,25.047,83.6651,94.3,1.08,12,Croplands
10,Bihar,200,Kaimur (Bhabua),1788,Bhabua,25.1005,83.6975,93.7,1.12,12,Croplands
10,Bihar,200,Kaimur (Bhabua),1789,Bhagwanpur,25.1781,83.6716,93.2,1.14,12,Croplands
10,Bihar,200,Kaimur (Bhabua),1790,Chainpur,25.1005,83.597,94.2,1.08,12,Croplands
10,Bihar,200,Kaimur (Bhabua),1791,Chand,25.1219,83.5338,94.4,1.06,12,Croplands
10,Bihar,200,Kaimur (Bhabua),1792,Durgawati,25.0876,83.4528,95.0,1.02,12,Croplands
10,Bihar,200,Kaimur (Bhabua),1793,Kudra,25.0317,83.5482,95.0,1.03,12,Croplands
10,Bihar,200,Kaimur (Bhabua),1794,Mohania,24.9721,83.5338,95.6,1.0,12,Croplands
10,Bihar,200,Kaimur (Bhabua),1795,Nuaon,24.9043,83.5828,95.9,0.99,12,Croplands
10,Bihar,200,Kaimur (Bhabua),1796,Ramgarh,24.9978,83.6303,94.9,1.05,12,Croplands
10,Bihar,200,Kaimur (Bhabua),1797,Rampur,24.9934,83.6975,94.6,1.08,12,Croplands
10,Bihar,201,Katihar,1798,Amdabad,25.5385,87.6303,70.5,1.67,12,Croplands
10,Bihar,201,Katihar,1799,Azamnagar,25.5764,87.6719,70.0,1.7,13,Urban and Built-up Lands
10,Bihar,201,Katihar,1800,Balrampur,25.6404,87.6834,69.5,1.73,12,Croplands
10,Bihar,201,Katihar,1801,Barari,25.5885,87.5934,70.3,1.67,12,Croplands
10,Bihar,201,Katihar,1802,Barsoi,25.6376,87.5704,70.0,1.68,12,Croplands
10,Bihar,201,Katihar,1803,Dandkhora,25.6717,87.5093,70.1,1.67,12,Croplands
10,Bihar,201,Katihar,1804,Falka,25.5767,87.5281,70.7,1.64,12,Croplands
10,Bihar,201,Katihar,1805,Hasanganj,25.5764,87.469,71.0,1.62,12,Croplands
10,Bihar,201,Katihar,1806,Kadwa,25.5385,87.4107,71.6,1.58,12,Croplands
10,Bihar,201,Katihar,1807,Katihar,25.5178,87.5151,71.3,1.61,12,Croplands
10,Bihar,201,Katihar,1808,Korha,25.4684,87.4928,71.8,1.58,12,Croplands
10,Bihar,201,Katihar,1809,Kursela,25.4053,87.5093,72.2,1.57,12,Croplands
10,Bihar,201,Katihar,1810,Manihari,25.4845,87.5704,71.3,1.62,12,Croplands
10,Bihar,201,Katihar,1811,Mansahi,25.447,87.6125,71.4,1.62,12,Croplands
10,Bihar,201,Katihar,1812,Pranpur,25.4366,87.6834,71.1,1.65,12,Croplands
10,Bihar,201,Katihar,1813,Sameli,25.5178,87.6258,70.7,1.66,12,Croplands
10,Bihar,202,Khagaria,1814,Alauli,25.511,86.5324,76.3,1.22,12,Croplands
10,Bihar,202,Khagaria,1815,Beldaur,25.5884,86.5409,75.6,1.25,12,Croplands
10,Bihar,202,Khagaria,1816,Chautham,25.6515,86.4369,75.6,1.24,12,Croplands
10,Bihar,202,Khagaria,1817,Gogri,25.5344,86.4185,76.6,1.18,12,Croplands
10,Bihar,202,Khagaria,1818,Khagaria,25.468,86.3735,77.4,1.14,12,Croplands
10,Bihar,202,Khagaria,1819,Mansi,25.3704,86.4369,77.9,1.12,12,Croplands
10,Bihar,202,Khagaria,1820,Parbatta,25.4687,86.5098,76.7,1.19,12,Croplands
10,Bihar,203,Kishanganj,1821,Bahadurganj,26.1026,88.0033,64.2,0.84,12,Croplands
10,Bihar,203,Kishanganj,1822,Dighalbank,26.1801,88.0119,63.5,0.88,12,Croplands
10,Bihar,203,Kishanganj,1823,Kishanganj,26.2432,87.9074,63.5,0.86,12,Croplands
10,Bihar,203,Kishanganj,1824,Kochadhaman,26.1261,87.8889,64.5,0.81,12,Croplands
10,Bihar,203,Kishanganj,1825,Pothia,26.0596,87.8437,65.3,1.96,12,Croplands
10,Bihar,203,Kishanganj,1826,Terhagachh,25.9621,87.9074,65.8,1.95,12,Croplands
10,Bihar,203,Kishanganj,1827,Thakurganj,26.0604,87.9806,64.6,0.82,12,Croplands
10,Bihar,204,Lakhisarai,1828,Barahiya,25.1677,86.1553,80.9,0.93,12,Croplands
10,Bihar,204,Lakhisarai,1829,Channan,25.2452,86.1638,80.2,0.96,12,Croplands
10,Bihar,204,Lakhisarai,1830,Halsi,25.3083,86.0601,80.2,0.95,12,Croplands
10,Bihar,204,Lakhisarai,1831,Lakhisarai,25.1912,86.0418,81.3,0.89,12,Croplands
10,Bihar,204,Lakhisarai,1832,Pipariya,25.1247,85.9969,82.0,0.85,12,Croplands
10,Bihar,204,Lakhisarai,1833,Ramgarh Chowk,25.0272,86.0601,82.5,0.83,12,Croplands
10,Bihar,204,Lakhisarai,1834,Surajgarha,25.1255,86.1328,81.3,0.9,12,Croplands
10,Bihar,205,Madhepura,1835,Alamnagar,25.9164,86.8535,71.4,1.51,13,Urban and Built-up Lands
10,Bihar,205,Madhepura,1836,Bihariganj,25.9624,86.891,70.8,1.54,12,Croplands
10,Bihar,205,Madhepura,1837,Chausa,26.035,86.8845,70.3,1.57,12,Croplands
10,Bihar,205,Madhepura,1838,Gamhariya,25.97,86.8007,71.2,1.51,12,Croplands
10,Bihar,205,Madhepura,1839,Ghelarh,26.009,86.7544,71.2,1.51,12,Croplands
10,Bihar,205,Madhepura,1840,Gwalpara,26.0119,86.6735,71.5,1.47,12,Croplands
10,Bihar,205,Madhepura,1841,Kumarkhand,25.9293,86.7351,71.9,1.47,12,Croplands
10,Bihar,205,Madhepura,1842,Madhepura,25.8926,86.6865,72.4,1.43,12,Croplands
10,Bihar,205,Madhepura,1843,Murliganj,25.8208,86.6735,73.1,1.4,12,Croplands
10,Bihar,205,Madhepura,1844,Purani,25.8658,86.7721,72.2,1.46,12,Croplands
10,Bihar,205,Madhepura,1845,Shankarpur,25.818,86.8067,72.4,1.45,12,Croplands
10,Bihar,205,Madhepura,1846,Singheshwar,25.7977,86.8845,72.2,1.47,12,Croplands
10,Bihar,205,Madhepura,1847,Udakishunganj,25.8912,86.8467,71.6,1.5,12,Croplands
10,Bihar,206,Madhubani,1848,Andhratharhi,26.9638,84.1941,76.3,0.86,12,Croplands
10,Bihar,206,Madhubani,1849,Babu Barhi,26.993,84.2397,75.9,0.89,12,Croplands
10,Bihar,206,Madhubani,1850,Basopatti,27.045,84.2671,75.3,0.92,12,Croplands
10,Bihar,206,Madhubani,1851,Benipatti,27.0061,84.1713,76.1,0.87,12,Croplands
10,Bihar,206,Madhubani,1852,Bisfi,27.056,84.1741,75.7,0.89,12,Croplands
10,Bihar,206,Madhubani,1853,Ghoghardiha,27.1075,84.1455,75.4,0.9,12,Croplands
10,Bihar,206,Madhubani,1854,Harlakhi,27.0165,84.12,76.3,0.85,12,Croplands
10,Bihar,206,Madhubani,1855,Jainagar,27.0496,84.0779,76.2,0.85,13,Urban and Built-up Lands
10,Bihar,206,Madhubani,1856,Jhanjharpur,27.0618,84.0149,76.4,0.83,12,Croplands
10,Bihar,206,Madhubani,1857,Kaluahi,26.9872,84.0788,76.7,0.83,12,Croplands
10,Bihar,206,Madhubani,1858,Khajauli,26.9786,84.0235,77.1,0.8,12,Croplands
10,Bihar,206,Madhubani,1859,Ladania,26.9423,83.9735,77.6,1.97,12,Croplands
10,Bihar,206,Madhubani,1860,Lakhnaur,26.9403,84.0788,77.1,0.81,12,Croplands
10,Bihar,206,Madhubani,1861,Laukaha (Khutauna),26.8964,84.0519,77.6,1.98,12,Croplands
10,Bihar,206,Madhubani,1862,Laukahi,26.839,84.0526,78.0,1.96,12,Croplands
10,Bihar,206,Madhubani,1863,Madhepur,26.9111,84.12,77.1,0.81,12,Croplands
10,Bihar,206,Madhubani,1864,Rahika,26.908,84.2253,76.6,0.85,12,Croplands
10,Bihar,206,Madhubani,1865,Madhwapur,26.865,84.1418,77.4,0.8,12,Croplands
10,Bihar,206,Madhubani,1866,Pandaul,26.8296,84.1925,77.4,0.81,12,Croplands
10,Bihar,206,Madhubani,1867,Phulparas,26.9215,84.1713,76.8,0.84,12,Croplands
10,Bihar,206,Madhubani,1868,Rajnagar,26.9213,84.288,76.2,0.88,13,Urban and Built-up Lands
10,Bihar,207,Munger,1869,Asarganj,25.3656,86.5475,77.3,1.17,12,Croplands
10,Bihar,207,Munger,1870,Bariyarpur,25.4293,86.5717,76.7,1.2,12,Croplands
10,Bihar,207,Munger,1871,Dharhara,25.5075,86.5154,76.4,1.21,12,Croplands
10,Bihar,207,Munger,1872,Jamalpur,25.4124,86.4578,77.4,1.15,12,Croplands
10,Bihar,207,Munger,1873,Kharagpur,25.3995,86.3846,77.9,1.11,12,Croplands
10,Bihar,207,Munger,1874,Munger Sadar,25.3163,86.3378,78.8,1.06,13,Urban and Built-up Lands
10,Bihar,207,Munger,1875,Sangrampur,25.3187,86.4578,78.2,1.11,12,Croplands
10,Bihar,207,Munger,1876,Tarapur,25.268,86.5067,78.3,1.11,12,Croplands
10,Bihar,207,Munger,1877,Tetiabambar,25.2729,86.6099,77.8,1.15,12,Croplands
10,Bihar,208,Muzaffarpur,1878,Aurai,26.1575,85.379,76.8,1.01,12,Croplands
10,Bihar,208,Muzaffarpur,1879,Bandra,26.1954,85.4208,76.3,1.05,12,Croplands
10,Bihar,208,Muzaffarpur,1880,Bochahan,26.2595,85.4323,75.8,1.08,12,Croplands
10,Bihar,208,Muzaffarpur,1881,Gaighat,26.2075,85.3418,76.6,1.02,12,Croplands
10,Bihar,208,Muzaffarpur,1882,Kanti,26.2566,85.3188,76.4,1.03,12,Croplands
10,Bihar,208,Muzaffarpur,1883,Katra,26.2907,85.2573,76.4,1.02,12,Croplands
10,Bihar,208,Muzaffarpur,1884,Kurhani,26.1957,85.2762,77.1,0.99,12,Croplands
10,Bihar,208,Muzaffarpur,1885,Marwan,26.1954,85.2168,77.4,0.96,12,Croplands
10,Bihar,208,Muzaffarpur,1886,Minapur,26.1575,85.1582,77.9,0.93,12,Croplands
10,Bihar,208,Muzaffarpur,1887,Motipur,26.1368,85.2631,77.6,0.96,12,Croplands
10,Bihar,208,Muzaffarpur,1888,Muraul,26.0875,85.2407,78.1,0.93,12,Croplands
10,Bihar,208,Muzaffarpur,1889,Mushahari,26.0244,85.2573,78.5,0.91,12,Croplands
10,Bihar,208,Muzaffarpur,1890,Paroo,26.1035,85.3188,77.6,0.97,12,Croplands
10,Bihar,208,Muzaffarpur,1891,Sahebganj,26.066,85.361,77.7,0.97,12,Croplands
10,Bihar,208,Muzaffarpur,1892,Sakra,26.0556,85.4323,77.4,1.0,12,Croplands
10,Bihar,208,Muzaffarpur,1893,Saraiya,26.1368,85.3744,77.0,1.0,12,Croplands
10,Bihar,209,Nalanda,1894,Asthawan,25.1259,85.5134,84.4,1.86,12,Croplands
10,Bihar,209,Nalanda,1895,Ben,25.1565,85.5578,84.0,1.89,12,Croplands
10,Bihar,209,Nalanda,1896,Biharsharif,25.2106,85.5825,83.4,1.92,12,Croplands
10,Bihar,209,Nalanda,1897,Bind,25.1696,85.4888,84.2,1.86,12,Croplands
10,Bihar,209,Nalanda,1898,Chandi,25.2202,85.4876,83.8,1.88,12,Croplands
10,Bihar,209,Nalanda,1899,Ekangarsarai,25.2701,85.4537,83.6,1.89,12,Croplands
10,Bihar,209,Nalanda,1900,Giriak,25.1773,85.4353,84.4,1.85,12,Croplands
10,Bihar,209,Nalanda,1901,Harnaut,25.2061,85.3894,84.4,1.84,12,Croplands
10,Bihar,209,Nalanda,1902,Hilsa,25.2106,85.3249,84.7,1.81,12,Croplands
10,Bihar,209,Nalanda,1903,Islampur,25.1426,85.3969,84.9,1.82,12,Croplands
10,Bihar,209,Nalanda,1904,Karai Parsurai,25.1259,85.3443,85.3,1.79,12,Croplands
10,Bihar,209,Nalanda,1905,Katrisarai,25.0814,85.3023,85.8,1.75,12,Croplands
10,Bihar,209,Nalanda,1906,Nagar Nausa,25.0941,85.4054,85.2,1.8,13,Urban and Built-up Lands
10,Bihar,209,Nalanda,1907,Noorsarai,25.0457,85.3894,85.7,1.77,12,Croplands
10,Bihar,209,Nalanda,1908,Parbalpur,24.9888,85.4045,86.1,1.76,12,Croplands
10,Bihar,209,Nalanda,1909,Rahui,25.0719,85.4537,85.2,1.81,12,Croplands
10,Bihar,209,Nalanda,1910,Rajgir,25.0317,85.4876,85.3,1.81,12,Croplands
10,Bihar,209,Nalanda,1911,Sarmera,25.0093,85.5473,85.2,1.82,12,Croplands
10,Bihar,209,Nalanda,1912,Silao,25.0941,85.502,84.7,1.84,12,Croplands
10,Bihar,209,Nalanda,1913,Tharthari,25.0953,85.5578,84.4,1.86,12,Croplands
10,Bihar,210,Nawada,1914,Akbarpur,24.8867,85.6035,85.9,1.8,12,Croplands
10,Bihar,210,Nawada,1915,Gobindpur,24.9297,85.6424,85.4,1.83,12,Croplands
10,Bihar,210,Nawada,1916,Hisua,24.9994,85.643,84.8,1.86,12,Croplands
10,Bihar,210,Nawada,1917,Kashichak,24.9394,85.5572,85.7,1.8,12,Croplands
10,Bihar,210,Nawada,1918,Kawakole,24.9833,85.5196,85.5,1.8,12,Croplands
10,Bihar,210,Nawada,1919,Mescaur,24.9994,85.4449,85.8,1.78,12,Croplands
10,Bihar,210,Nawada,1920,Nardiganj,24.9102,85.4902,86.3,1.76,12,Croplands
10,Bihar,210,Nawada,1921,Narhat,24.8867,85.4347,86.7,1.73,12,Croplands
10,Bihar,210,Nawada,1922,Nawada,24.8242,85.4008,87.4,1.69,12,Croplands
10,Bihar,210,Nawada,1923,Pakri Barawan,24.8444,85.5068,86.7,1.74,12,Croplands
10,Bihar,210,Nawada,1924,Rajauli,24.7901,85.5196,87.1,1.72,12,Croplands
10,Bihar,210,Nawada,1925,Roh,24.7462,85.5793,87.1,1.73,12,Croplands
10,Bihar,210,Nawada,1926,Sirdala,24.8444,85.5811,86.3,1.77,12,Croplands
10,Bihar,210,Nawada,1927,Warisaliganj,24.8437,85.6424,86.0,1.79,12,Croplands
10,Bihar,211,Pashchim Champaran,1928,Bagaha-I,27.0794,84.4029,74.4,0.99,12,Croplands
10,Bihar,211,Pashchim Champaran,1929,Bagaha-Ii,27.1133,84.4467,73.9,1.02,12,Croplands
10,Bihar,211,Pashchim Champaran,1930,Bairia,27.1721,84.4662,73.3,1.06,12,Croplands
10,Bihar,211,Pashchim Champaran,1931,Bettiah,27.1262,84.3725,74.1,1.0,12,Croplands
10,Bihar,211,Pashchim Champaran,1932,Bhitaha,27.177,84.3615,73.8,1.02,12,Croplands
10,Bihar,211,Pashchim Champaran,1933,Chanpatia,27.2214,84.314,73.7,1.01,12,Croplands
10,Bihar,211,Pashchim Champaran,1934,Gaunaha,27.1262,84.3118,74.4,0.98,12,Croplands
10,Bihar,211,Pashchim Champaran,1935,Jogapatti,27.1431,84.2569,74.6,0.96,12,Croplands
10,Bihar,211,Pashchim Champaran,1936,Lauriya,27.1287,84.19,75.0,0.93,12,Croplands
10,Bihar,211,Pashchim Champaran,1937,Madhubani,27.0794,84.2814,75.0,0.94,12,Croplands
10,Bihar,211,Pashchim Champaran,1938,Mainatand,27.0455,84.2376,75.4,0.91,12,Croplands
10,Bihar,211,Pashchim Champaran,1939,Majhaulia,26.9868,84.2181,76.0,0.88,12,Croplands
10,Bihar,211,Pashchim Champaran,1940,Narkatiaganj,27.0326,84.3118,75.2,0.94,12,Croplands
10,Bihar,211,Pashchim Champaran,1941,Nautan,26.9818,84.3228,75.5,0.92,12,Croplands
10,Bihar,211,Pashchim Champaran,1942,Piprasi,26.9375,84.3703,75.6,0.92,12,Croplands
10,Bihar,211,Pashchim Champaran,1943,Ramnagar,27.0326,84.3725,74.9,0.96,13,Urban and Built-up Lands
10,Bihar,211,Pashchim Champaran,1944,Sikta,27.0157,84.4274,74.7,0.98,12,Croplands
10,Bihar,211,Pashchim Champaran,1945,Thakrahan,27.0301,84.4943,74.3,1.01,12,Croplands
10,Bihar,212,Patna,1946,Athamalgola,25.6013,85.1975,82.2,1.92,12,Croplands
10,Bihar,212,Patna,1947,Bakhtiarpur,25.628,85.2433,81.8,1.95,12,Croplands
10,Bihar,212,Patna,1948,Barh,25.6762,85.2741,81.2,1.98,12,Croplands
10,Bihar,212,Patna,1949,Belchchi,25.6408,85.1784,82.0,1.93,12,Croplands
10,Bihar,212,Patna,1950,Bihta,25.6893,85.1881,81.5,1.95,12,Croplands
10,Bihar,212,Patna,1951,Bikram,25.7424,85.17,81.2,1.96,12,Croplands
10,Bihar,212,Patna,1952,Daniyawan,25.6552,85.1334,82.1,1.92,12,Croplands
10,Bihar,212,Patna,1953,Dhanarua,25.6947,85.1007,81.9,1.92,12,Croplands
10,Bihar,212,Patna,1954,Dinapur,25.7191,85.0453,82.0,1.91,12,Croplands
10,Bihar,212,Patna,1955,Dulhin Bazar,25.6354,85.091,82.5,1.89,12,Croplands
10,Bihar,212,Patna,1956,Fatuha,25.6408,85.0367,82.7,1.87,12,Croplands
10,Bihar,212,Patna,1957,Ghoswari,25.6209,84.9792,83.1,1.84,12,Croplands
10,Bihar,212,Patna,1958,Khusrupur,25.5939,85.0781,82.9,1.87,12,Croplands
10,Bihar,212,Patna,1959,Maner,25.5618,85.0367,83.3,1.84,12,Croplands
10,Bihar,212,Patna,1960,Masaurhi,25.5103,85.0135,83.9,1.81,12,Croplands
10,Bihar,212,Patna,1961,Mokama,25.5571,85.103,83.0,1.86,12,Croplands
10,Bihar,212,Patna,1962,Naubatpur,25.5079,85.1007,83.4,1.84,12,Croplands
10,Bihar,212,Patna,1963,Paliganj,25.4575,85.1266,83.7,1.83,12,Croplands
10,Bihar,212,Patna,1964,Pandarak,25.5484,85.1497,82.9,1.88,12,Croplands
10,Bihar,212,Patna,1965,Patna Sadar,25.5133,85.1881,83.0,1.88,13,Urban and Built-up Lands
10,Bihar,212,Patna,1966,Phulwari,25.4959,85.2466,82.8,1.9,12,Croplands
10,Bihar,212,Patna,1967,Punpun,25.5732,85.1887,82.5,1.9,12,Croplands
10,Bihar,212,Patna,1968,Sampatchak,25.5746,85.2433,82.2,1.93,12,Croplands
10,Bihar,213,Purbi Champaran,1969,Adapur,26.5833,84.8938,75.9,0.99,12,Croplands
10,Bihar,213,Purbi Champaran,1970,Areraj,26.6062,84.9412,75.4,1.02,12,Croplands
10,Bihar,213,Purbi Champaran,1971,Banjariya,26.648,84.9774,74.9,1.05,12,Croplands
10,Bihar,213,Purbi Champaran,1972,Bankatwa,26.6181,84.8796,75.7,1.0,12,Croplands
10,Bihar,213,Purbi Champaran,1973,Chakia (Pipra),26.6628,84.8995,75.2,1.02,12,Croplands
10,Bihar,213,Purbi Champaran,1974,Chawradano,26.7157,84.8972,74.8,1.05,12,Croplands
10,Bihar,213,Purbi Champaran,1975,Chiraiya,26.6366,84.8438,75.7,0.99,12,Croplands
10,Bihar,213,Purbi Champaran,1976,Dhaka,26.6823,84.8269,75.4,1.0,12,Croplands
10,Bihar,213,Purbi Champaran,1977,Ghorasahan,26.7214,84.7871,75.3,1.0,12,Croplands
10,Bihar,213,Purbi Champaran,1978,Harsidhi,26.6301,84.8031,75.9,0.97,12,Croplands
10,Bihar,213,Purbi Champaran,1979,Kalyanpur,26.6554,84.7573,76.0,0.97,12,Croplands
10,Bihar,213,Purbi Champaran,1980,Kesaria,26.6625,84.6987,76.2,0.94,12,Croplands
10,Bihar,213,Purbi Champaran,1981,Kotwa,26.6018,84.7765,76.3,0.95,12,Croplands
10,Bihar,213,Purbi Champaran,1982,Madhuban,26.5948,84.7233,76.6,0.93,12,Croplands
10,Bihar,213,Purbi Champaran,1983,Mehsi,26.5666,84.6732,77.1,0.9,12,Croplands
10,Bihar,213,Purbi Champaran,1984,Motihari,26.5648,84.7765,76.6,0.94,12,Croplands
10,Bihar,213,Purbi Champaran,1985,Paharpur,26.5289,84.7407,77.1,0.91,12,Croplands
10,Bihar,213,Purbi Champaran,1986,Pakridayal,26.4785,84.7227,77.6,0.88,12,Croplands
10,Bihar,213,Purbi Champaran,1987,Patahi,26.5365,84.8031,76.7,0.94,12,Croplands
10,Bihar,213,Purbi Champaran,1988,Phenhara,26.4884,84.8015,77.1,0.92,12,Croplands
10,Bihar,213,Purbi Champaran,1989,Pipra Kothi,26.4394,84.824,77.4,0.91,12,Croplands
10,Bihar,213,Purbi Champaran,1990,Ramgarhwa,26.5301,84.8438,76.5,0.95,12,Croplands
10,Bihar,213,Purbi Champaran,1991,Raxaul,26.4923,84.8772,76.7,0.95,12,Croplands
10,Bihar,213,Purbi Champaran,1992,Sangrampur,26.4677,84.9296,76.6,0.96,12,Croplands
10,Bihar,213,Purbi Champaran,1993,Sugauli,26.5486,84.8796,76.2,0.97,12,Croplands
10,Bihar,213,Purbi Champaran,1994,Tetariya,26.5389,84.9324,76.0,0.99,12,Croplands
10,Bihar,213,Purbi Champaran,1995,Turkaulia,26.5501,84.9902,75.6,1.02,12,Croplands
10,Bihar,214,Purnia,1996,Amour,25.7769,87.5344,69.1,1.72,12,Croplands
10,Bihar,214,Purnia,1997,Baisa,25.8199,87.5735,68.6,1.76,12,Croplands
10,Bihar,214,Purnia,1998,Baisi,25.8896,87.5742,68.0,1.79,12,Croplands
10,Bihar,214,Purnia,1999,Banmankhi,25.8296,87.4877,68.9,1.73,12,Croplands
10,Bihar,214,Purnia,2000,Barhara,25.8735,87.4499,68.8,1.73,12,Croplands
10,Bihar,214,Purnia,2001,Bhawanipur,25.8896,87.3745,69.0,1.71,12,Croplands
10,Bihar,214,Purnia,2002,Dagraua,25.8003,87.4203,69.5,1.69,12,Croplands
10,Bihar,214,Purnia,2003,Dhamdaha,25.7769,87.3643,70.0,1.66,12,Croplands
10,Bihar,214,Purnia,2004,Jalalgarh,25.7143,87.3301,70.6,1.62,12,Croplands
10,Bihar,214,Purnia,2005,Kasba,25.7346,87.4369,69.9,1.67,12,Croplands
10,Bihar,214,Purnia,2006,Krityanand Nagar,25.6803,87.4499,70.3,1.65,13,Urban and Built-up Lands
10,Bihar,214,Purnia,2007,Purnia East,25.6363,87.51,70.4,1.66,12,Croplands
10,Bihar,214,Purnia,2008,Rupouli,25.7346,87.5118,69.6,1.7,12,Croplands
10,Bihar,214,Purnia,2009,Srinagar,25.7339,87.5735,69.3,1.72,13,Urban and Built-up Lands
10,Bihar,215,Rohtas,2010,Akorhigola,24.6932,84.0621,95.1,1.1,12,Croplands
10,Bihar,215,Rohtas,2011,Bikramganj,24.7254,84.1058,94.7,1.13,12,Croplands
10,Bihar,215,Rohtas,2012,Chenari,24.7818,84.1278,94.1,1.16,12,Croplands
10,Bihar,215,Rohtas,2013,Dawath,24.7385,84.0352,94.9,1.11,12,Croplands
10,Bihar,215,Rohtas,2014,Dehri,24.7893,84.0294,94.5,1.13,12,Croplands
10,Bihar,215,Rohtas,2015,Dinara,24.8369,83.9895,94.4,1.13,12,Croplands
10,Bihar,215,Rohtas,2016,Karakat,24.7427,83.9788,95.2,1.09,12,Croplands
10,Bihar,215,Rohtas,2017,Kargahar,24.7661,83.9288,95.2,1.08,12,Croplands
10,Bihar,215,Rohtas,2018,Kochas,24.7618,83.8631,95.6,1.05,12,Croplands
10,Bihar,215,Rohtas,2019,Nasriganj,24.7021,83.944,95.7,1.06,12,Croplands
10,Bihar,215,Rohtas,2020,Nawhatta,24.6769,83.8951,96.1,1.03,12,Croplands
10,Bihar,215,Rohtas,2021,Nokha,24.6246,83.8631,96.7,1.0,12,Croplands
10,Bihar,215,Rohtas,2022,Rajpur,24.6535,83.9624,96.0,1.05,12,Croplands
10,Bihar,215,Rohtas,2023,Rohtas,24.6025,83.9588,96.4,1.02,12,Croplands
10,Bihar,215,Rohtas,2024,Sanjhouli,24.5496,83.9895,96.7,1.02,12,Croplands
10,Bihar,215,Rohtas,2025,Sasaram,24.6408,84.0173,95.8,1.06,12,Croplands
10,Bihar,215,Rohtas,2026,Sheosagar,24.6103,84.0623,95.8,1.07,12,Croplands
10,Bihar,215,Rohtas,2027,Surajpura,24.6047,84.1278,95.5,1.09,12,Croplands
10,Bihar,215,Rohtas,2028,Tilouthu,24.6757,84.0589,95.3,1.09,12,Croplands
10,Bihar,216,Saharsa,2029,Banma Itahari,25.8772,86.6529,72.7,1.41,12,Croplands
10,Bihar,216,Saharsa,2030,Kahara,25.9355,86.682,72.1,1.45,12,Croplands
10,Bihar,216,Saharsa,2031,Mahishi,26.0143,86.6424,71.7,1.46,12,Croplands
10,Bihar,216,Saharsa,2032,Nauhatta,25.9286,86.5743,72.7,1.4,12,Croplands
10,Bihar,216,Saharsa,2033,Patarghat,25.9355,86.5037,73.0,1.38,12,Croplands
10,Bihar,216,Saharsa,2034,Salkhua,25.8772,86.4326,73.8,1.32,12,Croplands
10,Bihar,216,Saharsa,2035,Sattar Kattaiya,25.8455,86.5442,73.5,1.36,12,Croplands
10,Bihar,216,Saharsa,2036,Simri Bakhtiarpur,25.783,86.5588,73.9,1.34,12,Croplands
10,Bihar,216,Saharsa,2037,Sonbarsa,25.7401,86.6424,73.9,1.35,12,Croplands
10,Bihar,216,Saharsa,2038,Sour Bazar,25.8455,86.6415,73.0,1.39,12,Croplands
10,Bihar,217,Samastipur,2039,Bibhutpur,25.8636,85.8388,76.9,1.08,12,Croplands
10,Bihar,217,Samastipur,2040,Bithan,25.8942,85.8835,76.4,1.11,12,Croplands
10,Bihar,217,Samastipur,2041,Dalsinghsarai,25.9483,85.9083,75.9,1.14,12,Croplands
10,Bihar,217,Samastipur,2042,Hasanpur,25.9073,85.814,76.7,1.09,12,Croplands
10,Bihar,217,Samastipur,2043,Kalyanpur,25.9578,85.8128,76.3,1.11,12,Croplands
10,Bihar,217,Samastipur,2044,Khanpur,26.0077,85.7787,76.0,1.11,12,Croplands
10,Bihar,217,Samastipur,2045,Mohanpur,25.915,85.7602,76.9,1.07,12,Croplands
10,Bihar,217,Samastipur,2046,Mohiuddinagar,25.9437,85.714,76.9,1.06,13,Urban and Built-up Lands
10,Bihar,217,Samastipur,2047,Morwa,25.9483,85.6491,77.2,1.04,12,Croplands
10,Bihar,217,Samastipur,2048,Patori,25.8803,85.7216,77.3,1.04,12,Croplands
10,Bihar,217,Samastipur,2049,Pusa,25.8636,85.6686,77.7,1.01,12,Croplands
10,Bihar,217,Samastipur,2050,Rosera,25.819,85.6264,78.3,0.98,12,Croplands
10,Bihar,217,Samastipur,2051,Samastipur,25.8318,85.7301,77.7,1.02,12,Croplands
10,Bihar,217,Samastipur,2052,Sarairanjan,25.7834,85.714,78.2,1.0,12,Croplands
10,Bihar,217,Samastipur,2053,Shivaji Nagar,25.7265,85.7292,78.5,0.98,13,Urban and Built-up Lands
10,Bihar,217,Samastipur,2054,Singhia,25.8095,85.7787,77.6,1.04,12,Croplands
10,Bihar,217,Samastipur,2055,Tajpur,25.7693,85.8128,77.8,1.03,12,Croplands
10,Bihar,217,Samastipur,2056,Ujiarpur,25.747,85.8729,77.7,1.05,12,Croplands
10,Bihar,217,Samastipur,2057,Vidyapati Nagar,25.8318,85.8273,77.2,1.06,13,Urban and Built-up Lands
10,Bihar,217,Samastipur,2058,Warisnagar,25.8329,85.8835,76.9,1.09,13,Urban and Built-up Lands
10,Bihar,218,Saran,2059,Amnour,25.9204,84.8711,81.3,1.92,12,Croplands
10,Bihar,218,Saran,2060,Baniapur,25.951,84.9157,80.8,1.95,12,Croplands
10,Bihar,218,Saran,2061,Chhapra,26.0051,84.9406,80.3,1.98,12,Croplands
10,Bihar,218,Saran,2062,Dariapur,25.9641,84.8463,81.1,1.92,12,Croplands
10,Bihar,218,Saran,2063,Dighwara,26.0147,84.845,80.7,1.94,12,Croplands
10,Bihar,218,Saran,2064,Ekma,26.0646,84.811,80.4,1.95,12,Croplands
10,Bihar,218,Saran,2065,Garkha,25.9718,84.7924,81.3,1.91,12,Croplands
10,Bihar,218,Saran,2066,Isuapur,26.0006,84.7462,81.3,1.9,12,Croplands
10,Bihar,218,Saran,2067,Jalalpur,26.0051,84.6813,81.6,1.87,12,Croplands
10,Bihar,218,Saran,2068,Lahladpur,25.9371,84.7538,81.7,1.88,12,Croplands
10,Bihar,218,Saran,2069,Maker,25.9204,84.7008,82.1,1.85,12,Croplands
10,Bihar,218,Saran,2070,Manjhi,25.8759,84.6585,82.7,1.81,12,Croplands
10,Bihar,218,Saran,2071,Marhaurah,25.8886,84.7623,82.1,1.86,12,Croplands
10,Bihar,218,Saran,2072,Mashrakh,25.8402,84.7462,82.5,1.83,12,Croplands
10,Bihar,218,Saran,2073,Nagra,25.7833,84.7614,82.9,1.82,12,Croplands
10,Bihar,218,Saran,2074,Panapur,25.8664,84.811,82.0,1.87,12,Croplands
10,Bihar,218,Saran,2075,Parsa,25.8262,84.845,82.2,1.87,12,Croplands
10,Bihar,218,Saran,2076,Revelganj,25.8038,84.9052,82.0,1.88,12,Croplands
10,Bihar,218,Saran,2077,Sonepur,25.8886,84.8596,81.6,1.9,12,Croplands
10,Bihar,218,Saran,2078,Taraiya,25.8898,84.9157,81.3,1.92,12,Croplands
10,Bihar,219,Sheikhpura,2079,Ariari,25.1419,85.9226,82.3,0.83,12,Croplands
10,Bihar,219,Sheikhpura,2080,Barbigha,25.2277,85.9176,81.6,0.86,12,Croplands
10,Bihar,219,Sheikhpura,2081,Chewara,25.2668,85.7832,81.9,0.82,12,Croplands
10,Bihar,219,Sheikhpura,2082,Ghatkusumbha,25.1419,85.8031,82.8,1.98,12,Croplands
10,Bihar,219,Sheikhpura,2083,Shekhopur Sarai,25.0171,85.9425,83.2,1.98,12,Croplands
10,Bihar,219,Sheikhpura,2084,Sheikhpura,25.0561,85.8081,83.5,1.95,12,Croplands
10,Bihar,220,Sheohar,2085,Dumari Katsari,26.5137,85.3549,74.1,1.15,12,Croplands
10,Bihar,220,Sheohar,2086,Piprahi,26.608,85.3287,73.5,1.17,12,Croplands
10,Bihar,220,Sheohar,2087,Purnahiya,26.5985,85.1642,74.4,1.11,12,Croplands
10,Bihar,220,Sheohar,2088,Sheohar,26.482,85.2456,74.9,1.09,12,Croplands
10,Bihar,220,Sheohar,2089,Tariyani,26.4195,85.3287,75.0,1.1,12,Croplands
10,Bihar,221,Sitamarhi,2090,Bairgania,26.5797,85.5698,72.5,1.26,12,Croplands
10,Bihar,221,Sitamarhi,2091,Bajpatti,26.6155,85.6127,72.0,1.29,12,Croplands
10,Bihar,221,Sitamarhi,2092,Bathanaha,26.6768,85.6285,71.4,1.32,12,Croplands
10,Bihar,221,Sitamarhi,2093,Belsand,26.6281,85.5363,72.3,1.27,12,Croplands
10,Bihar,221,Sitamarhi,2094,Bokhra,26.6784,85.5196,72.0,1.28,12,Croplands
10,Bihar,221,Sitamarhi,2095,Choraut,26.7183,85.4652,71.9,1.27,12,Croplands
10,Bihar,221,Sitamarhi,2096,Dumra,26.6228,85.4729,72.7,1.24,12,Croplands
10,Bihar,221,Sitamarhi,2097,Majorganj,26.6319,85.4151,72.9,1.22,12,Croplands
10,Bihar,221,Sitamarhi,2098,Nanpur,26.6062,85.3509,73.4,1.18,12,Croplands
10,Bihar,221,Sitamarhi,2099,Parihar,26.5698,85.4499,73.2,1.21,12,Croplands
10,Bihar,221,Sitamarhi,2100,Parsauni,26.5275,85.4151,73.7,1.18,12,Croplands
10,Bihar,221,Sitamarhi,2101,Pupri,26.4647,85.4122,74.2,1.15,12,Croplands
10,Bihar,221,Sitamarhi,2102,Riga,26.5277,85.4928,73.3,1.21,12,Croplands
10,Bihar,221,Sitamarhi,2103,Runnisaidpur,26.481,85.5196,73.6,1.2,12,Croplands
10,Bihar,221,Sitamarhi,2104,Sonbarsa,26.4507,85.5812,73.5,1.21,12,Croplands
10,Bihar,221,Sitamarhi,2105,Suppi,26.5433,85.554,72.9,1.24,12,Croplands
10,Bihar,221,Sitamarhi,2106,Sursand,26.5439,85.6127,72.6,1.26,12,Croplands
10,Bihar,222,Siwan,2107,Andar,26.221,84.4163,81.2,1.85,12,Croplands
10,Bihar,222,Siwan,2108,Barharia,26.2531,84.4606,80.7,1.89,12,Croplands
10,Bihar,222,Siwan,2109,Basantpur,26.3095,84.4829,80.1,1.92,12,Croplands
10,Bihar,222,Siwan,2110,Bhagwanpur Hat,26.2662,84.389,80.9,1.86,12,Croplands
10,Bihar,222,Siwan,2111,Darauli,26.317,84.3832,80.5,1.88,12,Croplands
10,Bihar,222,Siwan,2112,Daraundha,26.3646,84.3428,80.4,1.88,12,Croplands
10,Bihar,222,Siwan,2113,Goriakothi,26.2705,84.3319,81.2,1.84,12,Croplands
10,Bihar,222,Siwan,2114,Guthani,26.2939,84.2813,81.2,1.83,12,Croplands
10,Bihar,222,Siwan,2115,Hasan Pura,26.2896,84.2148,81.6,1.8,12,Croplands
10,Bihar,222,Siwan,2116,Hussainganj,26.2299,84.2967,81.7,1.81,12,Croplands
10,Bihar,222,Siwan,2117,Lakri Nabiganj,26.2046,84.2471,82.1,1.78,12,Croplands
10,Bihar,222,Siwan,2118,Maharajganj,26.1524,84.2148,82.7,1.75,12,Croplands
10,Bihar,222,Siwan,2119,Mairwa,26.1812,84.3153,82.0,1.8,12,Croplands
10,Bihar,222,Siwan,2120,Nautan,26.1302,84.3117,82.4,1.78,12,Croplands
10,Bihar,222,Siwan,2121,Pachrukhi,26.0773,84.3428,82.7,1.77,12,Croplands
10,Bihar,222,Siwan,2122,Raghunathpur,26.1686,84.3709,81.8,1.82,12,Croplands
10,Bihar,222,Siwan,2123,Siswan,26.138,84.4165,81.8,1.82,12,Croplands
10,Bihar,222,Siwan,2124,Siwan,26.1324,84.4829,81.5,1.85,12,Croplands
10,Bihar,222,Siwan,2125,Ziradei,26.2034,84.4131,81.3,1.85,12,Croplands
10,Bihar,223,Supaul,2126,Basantpur,26.1153,86.6556,70.8,1.51,12,Croplands
10,Bihar,223,Supaul,2127,Chhatapur,26.1689,86.6883,70.2,1.54,12,Croplands
10,Bihar,223,Supaul,2128,Kishanpur,26.2464,86.6621,69.7,1.56,12,Croplands
10,Bihar,223,Supaul,2129,Marauna,26.1688,86.5869,70.7,1.5,12,Croplands
10,Bihar,223,Supaul,2130,Nirmali,26.1902,86.5232,70.9,1.49,12,Croplands
10,Bihar,223,Supaul,2131,Pipra,26.1559,86.4414,71.5,1.44,12,Croplands
10,Bihar,223,Supaul,2132,Pratapganj,26.1001,86.5377,71.5,1.46,12,Croplands
10,Bihar,223,Supaul,2133,Raghopur,26.0404,86.5232,72.1,1.43,12,Croplands
10,Bihar,223,Supaul,2134,Saraigarh Bhaptiyahi,25.9726,86.5726,72.4,1.42,12,Croplands
10,Bihar,223,Supaul,2135,Supaul,26.0661,86.6204,71.4,1.47,12,Croplands
10,Bihar,223,Supaul,2136,Tribeniganj,26.0617,86.6883,71.1,1.5,12,Croplands
10,Bihar,224,Vaishali,2137,Bhagwanpur,26.0046,85.1392,79.3,0.86,12,Croplands
10,Bihar,224,Vaishali,2138,Bidupur,26.0425,85.1809,78.8,0.89,12,Croplands
10,Bihar,224,Vaishali,2139,Chehrakala,26.1065,85.1925,78.2,0.92,12,Croplands
10,Bihar,224,Vaishali,2140,Desri,26.0545,85.1021,79.1,0.86,12,Croplands
10,Bihar,224,Vaishali,2141,Garaul,26.1037,85.0791,78.8,0.87,12,Croplands
10,Bihar,224,Vaishali,2142,Hajipur,26.1377,85.0177,78.8,0.86,12,Croplands
10,Bihar,224,Vaishali,2143,Jandaha,26.0428,85.0365,79.5,0.83,12,Croplands
10,Bihar,224,Vaishali,2144,Lalganj,26.0425,84.9772,79.8,0.81,12,Croplands
10,Bihar,224,Vaishali,2145,Mahnar,26.0046,84.9187,80.4,1.97,12,Croplands
10,Bihar,224,Vaishali,2146,Mahua,25.9839,85.0235,80.0,0.8,12,Croplands
10,Bihar,224,Vaishali,2147,Patedhi Belsar,25.9345,85.0011,80.5,1.97,12,Croplands
10,Bihar,224,Vaishali,2148,Patepur,25.8714,85.0177,80.9,1.96,12,Croplands
10,Bihar,224,Vaishali,2149,Raghopur,25.9505,85.0791,80.0,0.81,12,Croplands
10,Bihar,224,Vaishali,2150,Rajapakar,25.913,85.1213,80.1,0.81,12,Croplands
10,Bihar,224,Vaishali,2151,Sahdei Buzurg,25.9026,85.1925,79.8,0.84,12,Croplands
10,Bihar,224,Vaishali,2152,Vaishali,25.9839,85.1346,79.5,0.85,12,Croplands
10,Bihar,611,Arwal,6505,Arwal,25.2455,84.7236,87.4,1.59,12,Croplands
10,Bihar,611,Arwal,6506,Kaler,25.3397,84.6977,86.8,1.61,12,Croplands
10,Bihar,611,Arwal,6507,Kapri,25.3302,84.5349,87.7,1.55,12,Croplands
10,Bihar,611,Arwal,6508,Sonbhadra-Bansi-Surajpur,25.1512,84.6977,88.3,1.54,12,Croplands
10,Bihar,611,Arwal,6509,Kurtha,25.2137,84.6155,88.2,1.53,12,Croplands
11,Sikkim,225,Gangtok,2153,Nandok,27.3847,88.6479,1993.4,17.62,4,Deciduous Broadleaf Forest
11,Sikkim,225,Gangtok,2154,Pakyong,27.3916,88.5764,1984.4,17.44,4,Deciduous Broadleaf Forest
11,Sikkim,225,Gangtok,6532,Khamdong,27.3916,88.7569,2011.4,17.89,4,Deciduous Broadleaf Forest
11,Sikkim,225,Gangtok,6533,Duga,27.3333,88.7275,1992.5,17.82,4,Deciduous Broadleaf Forest
11,Sikkim,225,Gangtok,6534,Rakdong Tintek,27.3016,88.6174,1968.0,17.54,4,Deciduous Broadleaf Forest
11,Sikkim,225,Gangtok,6535,Ranka,27.2391,88.6322,1954.6,17.58,4,Deciduous Broadleaf Forest
11,Sikkim,225,Gangtok,6536,Rhenock,27.3016,88.7159,1982.8,17.79,4,Deciduous Broadleaf Forest
11,Sikkim,225,Gangtok,6537,Reghu,27.1962,88.7168,1956.6,17.79,4,Deciduous Broadleaf Forest
11,Sikkim,225,Gangtok,6562,Martam,27.4704,88.7168,2025.1,17.79,4,Deciduous Broadleaf Forest
11,Sikkim,225,Gangtok,7137,Parkha,27.3333,88.5044,1959.0,17.26,4,Deciduous Broadleaf Forest
11,Sikkim,226,Mangan,2155,Chungthang,27.6667,88.561,2050.8,17.4,4,Deciduous Broadleaf Forest
11,Sikkim,226,Mangan,2156,Mangan,27.6667,88.3372,2017.3,16.84,4,Deciduous Broadleaf Forest
11,Sikkim,226,Mangan,6522,Passingdang,27.6126,88.5,2028.2,17.25,4,Deciduous Broadleaf Forest
11,Sikkim,226,Mangan,6523,Kabi Tingda,27.7658,88.5,2066.4,17.25,4,Deciduous Broadleaf Forest
11,Sikkim,227,Namchi,2157,Namchi,27.4034,88.4956,1975.2,17.24,4,Deciduous Broadleaf Forest
11,Sikkim,227,Namchi,2158,Ravangla,27.3716,88.3736,1948.9,16.93,4,Deciduous Broadleaf Forest
11,Sikkim,227,Namchi,6524,Temi,27.2314,88.3019,1903.1,16.75,4,Deciduous Broadleaf Forest
11,Sikkim,227,Namchi,6525,Wok,27.2793,88.4167,1932.3,17.04,4,Deciduous Broadleaf Forest
11,Sikkim,227,Namchi,6526,Yangang,27.2633,88.4956,1940.2,17.24,4,Deciduous Broadleaf Forest
11,Sikkim,227,Namchi,6527,Sumbuk,27.3333,88.3051,1929.1,16.76,4,Deciduous Broadleaf Forest
11,Sikkim,227,Namchi,6563,Jorethang,27.3333,88.4775,1955.0,17.19,4,Deciduous Broadleaf Forest
11,Sikkim,227,Namchi,6564,Namthang,27.4775,88.4167,1981.9,17.04,4,Deciduous Broadleaf Forest
11,Sikkim,228,Gyalshing,2159,Gyalshing,27.3916,88.1598,1921.9,16.4,4,Deciduous Broadleaf Forest
11,Sikkim,228,Gyalshing,2160,Soreng,27.1962,88.3001,1894.1,16.75,4,Deciduous Broadleaf Forest
11,Sikkim,228,Gyalshing,6528,Yuksom,27.3016,88.2992,1920.3,16.75,4,Deciduous Broadleaf Forest
11,Sikkim,228,Gyalshing,6529,Dentam,27.3847,88.2312,1930.9,16.58,4,Deciduous Broadleaf Forest
11,Sikkim,228,Gyalshing,6530,Kaluk,27.3016,88.2008,1905.5,16.5,4,Deciduous Broadleaf Forest
11,Sikkim,228,Gyalshing,6531,Daramdin,27.4704,88.3001,1962.6,16.75,4,Deciduous Broadleaf Forest
11,Sikkim,228,Gyalshing,7138,Arithang Chongrang,27.3333,88.3108,1929.9,16.78,4,Deciduous Broadleaf Forest
11,Sikkim,228,Gyalshing,7139,Hee Martam,27.3333,88.0877,1896.5,16.22,4,Deciduous Broadleaf Forest
11,Sikkim,228,Gyalshing,7140,Chumbong Chakung,27.3916,88.3402,1948.9,16.85,4,Deciduous Broadleaf Forest
11,Sikkim,228,Gyalshing,7141,Mangalbarey,27.2391,88.2155,1892.1,16.54,4,Deciduous Broadleaf Forest
12,Arunachal Pradesh,229,Changlang,2161,Bordumsa,27.3742,96.4153,3155.8,17.04,4,Deciduous Broadleaf Forest
12,Arunachal Pradesh,229,Changlang,2162,Changlang,27.4379,96.44,3175.5,17.1,4,Deciduous Broadleaf Forest
12,Arunachal Pradesh,229,Changlang,2166,Khagam-Miao,27.421,96.324,3153.8,16.81,4,Deciduous Broadleaf Forest
12,Arunachal Pradesh,229,Changlang,2167,Nampong,27.3274,96.324,3130.4,16.81,4,Deciduous Broadleaf Forest
12,Arunachal Pradesh,229,Changlang,6814,Khimiyang,27.4081,96.2496,3139.5,16.62,4,Deciduous Broadleaf Forest
12,Arunachal Pradesh,229,Changlang,6815,Manmao,27.3249,96.2019,3111.5,16.5,4,Deciduous Broadleaf Forest
12,Arunachal Pradesh,229,Changlang,6816,Diyun,27.5162,96.3827,3186.5,16.96,4,Deciduous Broadleaf Forest
12,Arunachal Pradesh,229,Changlang,6817,Vijoynagar,27.2766,96.3739,3125.2,16.93,4,Deciduous Broadleaf Forest
12,Arunachal Pradesh,229,Changlang,7179,Yatdam,27.2816,96.4788,3142.2,17.2,4,Deciduous Broadleaf Forest
12,Arunachal Pradesh,230,Dibang Valley,2169,Anini-Mepi,28.9434,95.8552,3464.1,25.64,4,Deciduous Broadleaf Forest
12,Arunachal Pradesh,230,Dibang Valley,7027,Anelih Arzu,28.8576,95.9735,3460.4,25.93,4,Deciduous Broadleaf Forest
12,Arunachal Pradesh,230,Dibang Valley,7028,Etalin Malinye,28.7327,95.8295,3407.6,25.57,4,Deciduous Broadleaf Forest
12,Arunachal Pradesh,231,East Kameng,2172,Bameng,27.5998,92.9831,2697.4,18.46,4,Deciduous Broadleaf Forest
12,Arunachal Pradesh,231,East Kameng,2174,Chayangtajo,27.7403,92.8859,2718.0,18.21,4,Deciduous Broadleaf Forest
12,Arunachal Pradesh,231,East Kameng,2180,Seppa,27.5576,92.9601,2683.4,18.4,4,Deciduous Broadleaf Forest
12,Arunachal Pradesh,231,East Kameng,7071,Bana,27.6773,92.9918,2718.1,18.48,4,Deciduous Broadleaf Forest
12,Arunachal Pradesh,231,East Kameng,7072,Pipu,27.5568,92.8213,2662.4,18.05,4,Deciduous Broadleaf Forest
12,Arunachal Pradesh,231,East Kameng,7073,Khenewa,27.6233,92.8671,2685.9,18.17,4,Deciduous Broadleaf Forest
12,Arunachal Pradesh,231,East Kameng,7345,Sawa,27.4593,92.8859,2647.7,18.21,4,Deciduous Broadleaf Forest
12,Arunachal Pradesh,232,East Siang,2186,Mebo,28.0493,95.4056,3173.2,24.51,4,Deciduous Broadleaf Forest
12,Arunachal Pradesh,232,East Siang,7053,Pasighat,28.1351,95.2882,3177.0,24.22,4,Deciduous Broadleaf Forest
12,Arunachal Pradesh,232,East Siang,7054,Ruksin,27.9245,95.2627,3120.5,24.16,4,Deciduous Broadleaf Forest
12,Arunachal Pradesh,233,Kurung Kumey,2193,Damin,28.0072,93.2684,2842.1,19.17,4,Deciduous Broadleaf Forest
12,Arunachal Pradesh,233,Kurung Kumey,2195,Koloriang,28.093,93.2633,2862.7,19.16,4,Deciduous Broadleaf Forest
12,Arunachal Pradesh,233,Kurung Kumey,2196,Nyapin,28.1321,93.1256,2851.9,18.81,4,Deciduous Broadleaf Forest
12,Arunachal Pradesh,233,Kurung Kumey,7079,Sangram,27.9214,93.1511,2803.0,18.88,4,Deciduous Broadleaf Forest
12,Arunachal Pradesh,233,Kurung Kumey,7080,Sarli,27.8824,93.2889,2813.9,19.22,4,Deciduous Broadleaf Forest
12,Arunachal Pradesh,233,Kurung Kumey,7082,Parsiparlo,28.0072,93.146,2823.7,18.87,4,Deciduous Broadleaf Forest
12,Arunachal Pradesh,234,Lohit,2214,Tezu,27.8883,96.4045,3282.8,17.01,4,Deciduous Broadleaf Forest
12,Arunachal Pradesh,234,Lohit,2216,Wakro,27.8883,96.2312,3256.8,16.58,4,Deciduous Broadleaf Forest
12,Arunachal Pradesh,235,Lower Dibang Valley,2218,Hunli-Kronli,28.3402,95.8172,3307.6,25.54,4,Deciduous Broadleaf Forest
12,Arunachal Pradesh,235,Lower Dibang Valley,2222,Roing,28.1295,95.7916,3251.1,25.48,4,Deciduous Broadleaf Forest
12,Arunachal Pradesh,235,Lower Dibang Valley,7052,Dambuk,28.2543,95.9348,3303.8,25.84,4,Deciduous Broadleaf Forest
12,Arunachal Pradesh,236,Lower Subansiri,2225,Hong-Hari,27.5602,93.8444,2816.7,20.61,4,Deciduous Broadleaf Forest
12,Arunachal Pradesh,236,Lower Subansiri,2233,Ziro-I,27.5602,93.6208,2783.2,20.05,4,Deciduous Broadleaf Forest
12,Arunachal Pradesh,236,Lower Subansiri,2236,Ziro-Ii,27.5062,93.7834,2794.1,20.46,4,Deciduous Broadleaf Forest
12,Arunachal Pradesh,236,Lower Subansiri,7075,Pistana,27.6593,93.7834,2832.3,20.46,4,Deciduous Broadleaf Forest
12,Arunachal Pradesh,237,Papum Pare,2238,Doimukh,27.4346,93.5237,2737.2,19.81,4,Deciduous Broadleaf Forest
12,Arunachal Pradesh,237,Papum Pare,2243,Sagalee,27.1849,93.6859,2699.1,20.21,4,Deciduous Broadleaf Forest
12,Arunachal Pradesh,237,Papum Pare,6810,Mengio,27.2239,93.549,2688.3,19.87,4,Deciduous Broadleaf Forest
12,Arunachal Pradesh,237,Papum Pare,6811,Borum,27.3956,93.6606,2748.0,20.15,4,Deciduous Broadleaf Forest
12,Arunachal Pradesh,237,Papum Pare,6812,Balijan,27.3098,93.6656,2727.3,20.16,4,Deciduous Broadleaf Forest
12,Arunachal Pradesh,237,Papum Pare,6813,Kimin,27.3098,93.544,2709.0,19.86,4,Deciduous Broadleaf Forest
12,Arunachal Pradesh,238,Tawang,2247,Jang-Thingbu,28.218,94.7891,3122.9,22.97,4,Deciduous Broadleaf Forest
12,Arunachal Pradesh,238,Tawang,2249,Lumla,28.3428,94.646,3132.6,22.62,4,Deciduous Broadleaf Forest
12,Arunachal Pradesh,238,Tawang,2251,Tawang,28.1322,94.6716,3083.8,22.68,4,Deciduous Broadleaf Forest
12,Arunachal Pradesh,238,Tawang,6806,Kitpi,28.3038,94.784,3143.6,22.96,4,Deciduous Broadleaf Forest
12,Arunachal Pradesh,238,Tawang,6807,Zemithang Dudunghar,28.0932,94.8096,3094.7,23.02,4,Deciduous Broadleaf Forest
12,Arunachal Pradesh,238,Tawang,6808,Mukto Bongkhar,28.218,94.6665,3104.5,22.67,4,Deciduous Broadleaf Forest
12,Arunachal Pradesh,239,Tirap,7076,Namsang,26.9359,95.5733,2920.0,24.93,4,Deciduous Broadleaf Forest
12,Arunachal Pradesh,239,Tirap,7077,Khonsa,27.1149,95.408,2939.9,24.52,4,Deciduous Broadleaf Forest
12,Arunachal Pradesh,239,Tirap,7078,Lazu,26.9984,95.4899,2923.1,24.72,4,Deciduous Broadleaf Forest
12,Arunachal Pradesh,239,Tirap,7145,Dadam,27.1244,95.5733,2967.1,24.93,4,Deciduous Broadleaf Forest
12,Arunachal Pradesh,239,Tirap,7146,Borduria,27.0302,95.5996,2947.5,25.0,4,Deciduous Broadleaf Forest
12,Arunachal Pradesh,240,Upper Siang,2270,Mariyang,28.9457,94.8433,3312.9,23.11,4,Deciduous Broadleaf Forest
12,Arunachal Pradesh,240,Upper Siang,2271,Tuting,28.7351,94.869,3264.1,23.17,4,Deciduous Broadleaf Forest
12,Arunachal Pradesh,240,Upper Siang,2272,Yingkiong,28.6961,95.0078,3275.2,23.52,4,Deciduous Broadleaf Forest
12,Arunachal Pradesh,240,Upper Siang,7066,Geku,28.8209,94.9873,3303.3,23.47,4,Deciduous Broadleaf Forest
12,Arunachal Pradesh,240,Upper Siang,7067,Singa Gelling,28.8209,94.8639,3284.8,23.16,4,Deciduous Broadleaf Forest
12,Arunachal Pradesh,240,Upper Siang,7068,Jengging,28.9067,94.9821,3324.0,23.46,4,Deciduous Broadleaf Forest
12,Arunachal Pradesh,241,Upper Subansiri,2275,Giba,28.3839,93.8103,3017.5,20.53,4,Deciduous Broadleaf Forest
12,Arunachal Pradesh,241,Upper Subansiri,2276,Daporijo,28.4628,93.952,3058.5,20.88,4,Deciduous Broadleaf Forest
12,Arunachal Pradesh,241,Upper Subansiri,2278,Dumporijo,28.3771,93.8824,3026.6,20.71,4,Deciduous Broadleaf Forest
12,Arunachal Pradesh,241,Upper Subansiri,2281,Nacho,28.2939,93.8517,3001.2,20.63,4,Deciduous Broadleaf Forest
12,Arunachal Pradesh,241,Upper Subansiri,2285,Taliha,28.2939,93.951,3016.1,20.88,4,Deciduous Broadleaf Forest
12,Arunachal Pradesh,241,Upper Subansiri,6798,Limeking,28.3257,93.7376,2992.1,20.34,4,Deciduous Broadleaf Forest
12,Arunachal Pradesh,241,Upper Subansiri,6799,Payeng,28.2314,93.8666,2987.8,20.67,4,Deciduous Broadleaf Forest
12,Arunachal Pradesh,241,Upper Subansiri,6800,Chetam,28.3839,93.9924,3044.8,20.98,4,Deciduous Broadleaf Forest
12,Arunachal Pradesh,241,Upper Subansiri,6801,Baririjo,28.3257,93.9628,3025.8,20.91,4,Deciduous Broadleaf Forest
12,Arunachal Pradesh,241,Upper Subansiri,6803,Siyum,28.1886,93.952,2989.9,20.88,4,Deciduous Broadleaf Forest
12,Arunachal Pradesh,242,West Kameng,2287,Dirang,27.2953,92.4472,2540.9,17.12,4,Deciduous Broadleaf Forest
12,Arunachal Pradesh,242,West Kameng,2289,Kalaktang,27.3896,92.4209,2560.5,17.05,4,Deciduous Broadleaf Forest
12,Arunachal Pradesh,242,West Kameng,2294,Thrizino,27.2011,92.4209,2513.4,17.05,4,Deciduous Broadleaf Forest
12,Arunachal Pradesh,242,West Kameng,6804,Nafra,27.38,92.2552,2533.3,16.64,4,Deciduous Broadleaf Forest
12,Arunachal Pradesh,242,West Kameng,6805,Singchung,27.2635,92.3372,2516.5,16.84,4,Deciduous Broadleaf Forest
12,Arunachal Pradesh,243,West Siang,2299,Along West,28.2826,94.6213,3113.8,22.55,4,Deciduous Broadleaf Forest
12,Arunachal Pradesh,243,West Siang,2307,Liromoba-Yomcha,28.1294,94.6213,3075.5,22.55,4,Deciduous Broadleaf Forest
12,Arunachal Pradesh,243,West Siang,7058,Along East,28.1835,94.6826,3098.3,22.71,4,Deciduous Broadleaf Forest
12,Arunachal Pradesh,243,West Siang,7061,Darak,28.1835,94.4577,3064.5,22.14,4,Deciduous Broadleaf Forest
12,Arunachal Pradesh,628,Anjaw,2207,Hawai-Walong,28.1405,96.8348,3410.3,18.09,4,Deciduous Broadleaf Forest
12,Arunachal Pradesh,628,Anjaw,2208,Hayuliang,28.0414,96.6714,3361.1,17.68,4,Deciduous Broadleaf Forest
12,Arunachal Pradesh,628,Anjaw,7069,Chaglagam,28.0414,96.896,3394.8,18.24,4,Deciduous Broadleaf Forest
12,Arunachal Pradesh,628,Anjaw,7070,Manchal,27.9874,96.8348,3372.1,18.09,4,Deciduous Broadleaf Forest
12,Arunachal Pradesh,666,Longding,6794,Pongchau,26.8623,95.1653,2840.4,23.91,4,Deciduous Broadleaf Forest
12,Arunachal Pradesh,666,Longding,6796,Niausa,26.9614,95.3269,2889.4,24.32,4,Deciduous Broadleaf Forest
12,Arunachal Pradesh,666,Longding,7029,Kanubari,26.8623,95.3875,2873.7,24.47,4,Deciduous Broadleaf Forest
12,Arunachal Pradesh,666,Longding,7030,Wakka,26.8083,95.3269,2851.1,24.32,4,Deciduous Broadleaf Forest
12,Arunachal Pradesh,677,Kra Daadi,2192,Chambang,27.9977,93.7631,2913.9,20.41,4,Deciduous Broadleaf Forest
12,Arunachal Pradesh,677,Kra Daadi,2197,Palin,28.1225,93.6203,2923.7,20.05,4,Deciduous Broadleaf Forest
12,Arunachal Pradesh,677,Kra Daadi,2202,Tali,27.9119,93.6458,2874.8,20.11,4,Deciduous Broadleaf Forest
12,Arunachal Pradesh,677,Kra Daadi,7081,Pipsorang,27.9977,93.6407,2895.5,20.1,4,Deciduous Broadleaf Forest
12,Arunachal Pradesh,677,Kra Daadi,7083,Yangte,27.8728,93.7835,2885.7,20.46,4,Deciduous Broadleaf Forest
12,Arunachal Pradesh,677,Kra Daadi,7084,Gangte,28.0835,93.758,2934.6,20.39,4,Deciduous Broadleaf Forest
12,Arunachal Pradesh,678,Namsai,7025,Lekang,27.7512,95.8213,3161.0,25.55,4,Deciduous Broadleaf Forest
12,Arunachal Pradesh,678,Namsai,7149,Namsai,27.5406,95.7959,3104.5,25.49,4,Deciduous Broadleaf Forest
12,Arunachal Pradesh,678,Namsai,7150,Chowkham,27.6654,95.9383,3157.1,25.85,4,Deciduous Broadleaf Forest
12,Arunachal Pradesh,679,Siang,2189,Pangin,28.5457,94.7347,3196.6,22.84,4,Deciduous Broadleaf Forest
12,Arunachal Pradesh,679,Siang,2305,Kaying Payum,28.5067,94.873,3207.6,23.18,4,Deciduous Broadleaf Forest
12,Arunachal Pradesh,679,Siang,2311,Rumgong,28.296,94.8986,3158.8,23.25,4,Deciduous Broadleaf Forest
12,Arunachal Pradesh,679,Siang,7055,Riga,28.335,94.7603,3147.8,22.9,4,Deciduous Broadleaf Forest
12,Arunachal Pradesh,679,Siang,7346,Rebo Parging,28.4209,94.7552,3168.5,22.89,4,Deciduous Broadleaf Forest
12,Arunachal Pradesh,679,Siang,7347,Boleng,28.4209,94.8781,3186.9,23.2,4,Deciduous Broadleaf Forest
12,Arunachal Pradesh,718,Kamle,2232,Tamen-Raga,27.7779,94.011,2896.1,21.03,4,Deciduous Broadleaf Forest
12,Arunachal Pradesh,718,Kamle,6802,Puchi Geko,27.7779,94.1841,2922.1,21.46,4,Deciduous Broadleaf Forest
12,Arunachal Pradesh,719,Lower Siang,2303,Gensi,27.7778,94.7479,3006.6,22.87,4,Deciduous Broadleaf Forest
12,Arunachal Pradesh,719,Lower Siang,7056,Ramle Bango,27.653,94.6053,2954.0,22.51,4,Deciduous Broadleaf Forest
12,Arunachal Pradesh,719,Lower Siang,7060,Likabali,27.8636,94.6308,3010.5,22.58,4,Deciduous Broadleaf Forest
12,Arunachal Pradesh,723,Pakke Kessang,2175,Pakkekessang,27.1152,93.1217,2597.1,18.8,4,Deciduous Broadleaf Forest
12,Arunachal Pradesh,723,Pakke Kessang,7074,Seijosa,27.1152,92.9497,2571.3,18.37,4,Deciduous Broadleaf Forest
12,Arunachal Pradesh,724,Leparada,2300,Basar,27.9355,94.7727,3049.8,22.93,4,Deciduous Broadleaf Forest
12,Arunachal Pradesh,724,Leparada,7062,Daring,28.0213,94.6554,3053.6,22.64,4,Deciduous Broadleaf Forest
12,Arunachal Pradesh,724,Leparada,7090,Tirbin,27.8107,94.6299,2997.2,22.57,4,Deciduous Broadleaf Forest
12,Arunachal Pradesh,725,Shi Yomi,2309,Mechuka-Tato,29.2039,94.1788,3277.8,21.45,4,Deciduous Broadleaf Forest
12,Arunachal Pradesh,725,Shi Yomi,7059,Manigoan,29.2039,94.3543,3304.1,21.89,4,Deciduous Broadleaf Forest
13,Nagaland,244,Dimapur,2313,Dhansiripar,26.0366,93.6416,1407.9,11.1,4,Deciduous Broadleaf Forest
13,Nagaland,244,Dimapur,2314,Kuhuboto,25.9117,93.6616,1387.0,11.15,4,Deciduous Broadleaf Forest
13,Nagaland,244,Dimapur,2315,Medziphema,25.8259,93.6666,1372.0,11.17,4,Deciduous Broadleaf Forest
13,Nagaland,244,Dimapur,2316,Niuland,25.7869,93.8018,1375.8,11.5,4,Deciduous Broadleaf Forest
13,Nagaland,244,Dimapur,6748,Chumukedima,25.9976,93.7768,1411.7,11.44,4,Deciduous Broadleaf Forest
13,Nagaland,244,Dimapur,6749,Aghunaqa,25.9117,93.7818,1396.7,11.45,4,Deciduous Broadleaf Forest
13,Nagaland,245,Kohima,2317,Chiephobozou,25.7404,94.1617,1396.2,12.4,4,Deciduous Broadleaf Forest
13,Nagaland,245,Kohima,2318,Jakhama,25.6863,94.0391,1376.7,12.1,4,Deciduous Broadleaf Forest
13,Nagaland,245,Kohima,2320,Kohima,25.6199,93.9941,1361.1,11.99,4,Deciduous Broadleaf Forest
13,Nagaland,245,Kohima,2323,Tseminyu,25.6206,94.1305,1372.1,12.33,4,Deciduous Broadleaf Forest
13,Nagaland,245,Kohima,6737,Sechu Zubza,25.5223,94.0575,1348.6,12.14,4,Deciduous Broadleaf Forest
13,Nagaland,245,Kohima,6738,Botsa,25.6629,94.1531,1381.6,12.38,4,Deciduous Broadleaf Forest
13,Nagaland,245,Kohima,6739,Chunlikha,25.8034,94.0575,1399.2,12.14,4,Deciduous Broadleaf Forest
13,Nagaland,246,Mokokchung,2324,Changtongya,26.3232,94.574,1534.1,13.43,4,Deciduous Broadleaf Forest
13,Nagaland,246,Mokokchung,2325,Kubolong,26.4652,94.5416,1557.1,13.35,4,Deciduous Broadleaf Forest
13,Nagaland,246,Mokokchung,2326,Longchem,26.3701,94.4836,1535.3,13.21,4,Deciduous Broadleaf Forest
13,Nagaland,246,Mokokchung,2327,Mangkolemba,26.3571,94.4098,1527.1,13.02,4,Deciduous Broadleaf Forest
13,Nagaland,246,Mokokchung,2328,Ongpangkong(North),26.2739,94.3626,1508.3,12.91,4,Deciduous Broadleaf Forest
13,Nagaland,246,Mokokchung,2329,Ongpangkong(South),26.2764,94.4836,1518.4,13.21,4,Deciduous Broadleaf Forest
13,Nagaland,246,Mokokchung,6740,Chuchuyimlang,26.3869,94.5984,1547.5,13.5,4,Deciduous Broadleaf Forest
13,Nagaland,246,Mokokchung,6741,Tuli,26.2306,94.6369,1522.5,13.59,4,Deciduous Broadleaf Forest
13,Nagaland,246,Mokokchung,6742,Tsurangkong,26.2257,94.5329,1513.3,13.33,4,Deciduous Broadleaf Forest
13,Nagaland,247,Mon,2330,Chen,26.3025,94.5624,1529.4,13.41,4,Deciduous Broadleaf Forest
13,Nagaland,247,Mon,2331,Mon,26.1966,94.5198,1507.0,13.3,4,Deciduous Broadleaf Forest
13,Nagaland,247,Mon,2332,Phomching,26.1584,94.452,1494.7,13.13,4,Deciduous Broadleaf Forest
13,Nagaland,247,Mon,2333,Tizit,26.0565,94.4488,1476.1,13.12,4,Deciduous Broadleaf Forest
13,Nagaland,247,Mon,2334,Tobu,26.1043,94.5624,1493.8,13.41,4,Deciduous Broadleaf Forest
13,Nagaland,247,Mon,2335,Wakching,26.0883,94.6405,1497.1,13.6,4,Deciduous Broadleaf Forest
13,Nagaland,247,Mon,6750,Aboi,26.1584,94.6226,1508.3,13.56,4,Deciduous Broadleaf Forest
13,Nagaland,247,Mon,6751,Angjangyang,26.2285,94.6405,1522.4,13.6,4,Deciduous Broadleaf Forest
13,Nagaland,248,Phek,2336,Kikruma,25.7932,94.545,1436.4,13.36,4,Deciduous Broadleaf Forest
13,Nagaland,248,Phek,2337,Meluri,25.6873,94.5026,1413.9,13.26,4,Deciduous Broadleaf Forest
13,Nagaland,248,Phek,2338,Pfutsero,25.6491,94.4351,1401.6,13.09,4,Deciduous Broadleaf Forest
13,Nagaland,248,Phek,2339,Phek,25.5472,94.432,1383.1,13.08,4,Deciduous Broadleaf Forest
13,Nagaland,248,Phek,2340,Sekruzu,25.595,94.545,1400.7,13.36,4,Deciduous Broadleaf Forest
13,Nagaland,248,Phek,6753,Weziho,25.579,94.6228,1404.0,13.56,4,Deciduous Broadleaf Forest
13,Nagaland,248,Phek,6754,Chetheba,25.6491,94.605,1415.2,13.51,4,Deciduous Broadleaf Forest
13,Nagaland,248,Phek,6755,Chizami,25.7192,94.6228,1429.3,13.56,4,Deciduous Broadleaf Forest
13,Nagaland,249,Tuensang,2341,Chare,26.2335,94.8718,1541.8,14.18,4,Deciduous Broadleaf Forest
13,Nagaland,249,Tuensang,2342,Chessore,26.2972,94.8961,1555.2,14.24,4,Deciduous Broadleaf Forest
13,Nagaland,249,Tuensang,2343,Longkhim,26.3754,94.8394,1564.7,14.1,4,Deciduous Broadleaf Forest
13,Nagaland,249,Tuensang,2344,Noklak,26.2803,94.7814,1543.0,13.95,4,Deciduous Broadleaf Forest
13,Nagaland,249,Tuensang,2345,Noksen,26.2674,94.7077,1534.7,13.77,4,Deciduous Broadleaf Forest
13,Nagaland,249,Tuensang,2346,Sangsangyu,26.1867,94.7814,1526.1,13.95,4,Deciduous Broadleaf Forest
13,Nagaland,249,Tuensang,2347,Shamator,26.1359,94.8307,1520.9,14.08,4,Deciduous Broadleaf Forest
13,Nagaland,249,Tuensang,2348,Thonoknyu,26.1408,94.9346,1530.1,14.34,4,Deciduous Broadleaf Forest
13,Nagaland,249,Tuensang,6752,Panso,26.1842,94.6605,1516.0,13.65,4,Deciduous Broadleaf Forest
13,Nagaland,250,Wokha,2349,Bhandari,26.0927,94.3164,1472.0,12.79,4,Deciduous Broadleaf Forest
13,Nagaland,250,Wokha,2350,Chukitong,26.2333,94.2205,1489.6,12.55,4,Deciduous Broadleaf Forest
13,Nagaland,250,Wokha,2351,Sanis,26.0497,94.1568,1451.5,12.39,4,Deciduous Broadleaf Forest
13,Nagaland,250,Wokha,2352,Wokha,25.9522,94.2205,1439.0,12.55,4,Deciduous Broadleaf Forest
13,Nagaland,250,Wokha,2353,Wozhuro-Ralan,26.0505,94.2937,1462.6,12.73,4,Deciduous Broadleaf Forest
13,Nagaland,250,Wokha,6743,Changpang,26.1702,94.325,1486.6,12.81,4,Deciduous Broadleaf Forest
13,Nagaland,250,Wokha,6744,Ralan,26.1162,94.202,1467.1,12.5,4,Deciduous Broadleaf Forest
13,Nagaland,251,Zunheboto,2354,Akuluto,26.0861,94.6055,1493.9,13.51,4,Deciduous Broadleaf Forest
13,Nagaland,251,Zunheboto,2355,Ghathashi,26.1601,94.5276,1501.0,13.32,4,Deciduous Broadleaf Forest
13,Nagaland,251,Zunheboto,2356,Satakha,26.0542,94.485,1478.6,13.21,4,Deciduous Broadleaf Forest
13,Nagaland,251,Zunheboto,2357,Tokiye,25.9619,94.5276,1465.4,13.32,4,Deciduous Broadleaf Forest
13,Nagaland,251,Zunheboto,2358,Zunheboto,25.9459,94.6055,1468.7,13.51,4,Deciduous Broadleaf Forest
13,Nagaland,251,Zunheboto,6510,Suruhoto,25.9141,94.4142,1447.7,13.04,4,Deciduous Broadleaf Forest
13,Nagaland,251,Zunheboto,6745,Akuhaito,26.016,94.5877,1479.9,13.47,4,Deciduous Broadleaf Forest
13,Nagaland,251,Zunheboto,6746,Satoi,26.016,94.4173,1466.3,13.04,4,Deciduous Broadleaf Forest
13,Nagaland,613,Peren,2319,Jalukie,25.5978,93.6214,1327.3,11.05,4,Deciduous Broadleaf Forest
13,Nagaland,613,Peren,2321,Peren,25.4987,93.4617,1296.7,10.65,4,Deciduous Broadleaf Forest
13,Nagaland,613,Peren,2322,Tenning,25.4446,93.6214,1299.7,11.05,4,Deciduous Broadleaf Forest
13,Nagaland,613,Peren,6756,Athibung,25.4987,93.6813,1314.3,11.2,4,Deciduous Broadleaf Forest
13,Nagaland,614,Kiphire,6511,Kiphire,25.9286,94.8691,1486.7,14.17,4,Deciduous Broadleaf Forest
13,Nagaland,614,Kiphire,6512,Pungro,25.8026,94.7865,1457.4,13.97,4,Deciduous Broadleaf Forest
13,Nagaland,614,Kiphire,6513,Sitimi,25.7401,94.8691,1452.7,14.17,4,Deciduous Broadleaf Forest
13,Nagaland,614,Kiphire,6757,Longmatra,25.9191,94.7055,1471.9,13.76,4,Deciduous Broadleaf Forest
13,Nagaland,614,Kiphire,6758,Khonsa,25.8344,94.8951,1471.8,14.24,4,Deciduous Broadleaf Forest
13,Nagaland,615,Longleng,6514,Longleng,26.4946,94.8844,1589.8,14.21,4,Deciduous Broadleaf Forest
13,Nagaland,615,Longleng,6515,Tamlu,26.3698,94.7435,1556.0,13.86,4,Deciduous Broadleaf Forest
13,Nagaland,615,Longleng,6747,Sakshi,26.5804,94.7686,1596.0,13.92,4,Deciduous Broadleaf Forest
14,Manipur,252,Bishnupur,2359,Bishnupur,23.0643,87.3692,371.1,10.42,4,Deciduous Broadleaf Forest
14,Manipur,252,Bishnupur,2360,Moirang,23.1501,87.2566,377.5,10.14,4,Deciduous Broadleaf Forest
14,Manipur,252,Bishnupur,7154,Nambol,22.9394,87.2321,337.7,10.08,4,Deciduous Broadleaf Forest
14,Manipur,253,Chandel,2361,Chakpikarong,24.3394,94.0655,1136.3,12.16,4,Deciduous Broadleaf Forest
14,Manipur,253,Chandel,2362,Chandel,24.4385,94.0062,1149.4,12.02,4,Deciduous Broadleaf Forest
14,Manipur,253,Chandel,6580,Khengjoy,24.2853,94.0062,1121.9,12.02,4,Deciduous Broadleaf Forest
14,Manipur,253,Chandel,7317,Khangbarol,24.3394,93.848,1118.9,11.62,4,Deciduous Broadleaf Forest
14,Manipur,254,Churachandpur,6565,Henglep,24.3481,93.7604,1113.5,11.4,4,Deciduous Broadleaf Forest
14,Manipur,254,Churachandpur,6571,Lamka,24.473,93.7801,1137.5,11.45,4,Deciduous Broadleaf Forest
14,Manipur,254,Churachandpur,6572,Saikot,24.3481,93.6417,1104.0,11.1,4,Deciduous Broadleaf Forest
14,Manipur,254,Churachandpur,6573,Samulamlan,24.2986,93.6068,1092.3,11.02,4,Deciduous Broadleaf Forest
14,Manipur,254,Churachandpur,6574,Sangaikot,24.2233,93.6219,1079.9,11.05,4,Deciduous Broadleaf Forest
14,Manipur,254,Churachandpur,6575,Singngat,24.2941,93.701,1099.0,11.25,4,Deciduous Broadleaf Forest
14,Manipur,254,Churachandpur,6578,Tuibong,24.2761,93.8381,1106.7,11.6,4,Deciduous Broadleaf Forest
14,Manipur,254,Churachandpur,7312,Kangvai,24.3977,93.7952,1125.2,11.49,4,Deciduous Broadleaf Forest
14,Manipur,254,Churachandpur,7313,Suangdoh,24.2623,93.7554,1097.6,11.39,4,Deciduous Broadleaf Forest
14,Manipur,254,Churachandpur,7314,Mualnuam,24.4202,93.564,1110.8,10.91,4,Deciduous Broadleaf Forest
14,Manipur,254,Churachandpur,7315,Lanva,24.434,93.6467,1119.9,11.12,4,Deciduous Broadleaf Forest
14,Manipur,254,Churachandpur,7316,Lamka South,24.4022,93.701,1118.5,11.25,4,Deciduous Broadleaf Forest
14,Manipur,255,Imphal East,7161,Kshetrigao Cd Block,24.7086,93.9216,1191.3,11.8,4,Deciduous Broadleaf Forest
14,Manipur,255,Imphal East,7162,Keirao Cd Block,24.8077,94.0803,1221.8,12.2,4,Deciduous Broadleaf Forest
14,Manipur,255,Imphal East,7187,Heingang Cd Block,24.7086,94.1398,1208.7,12.35,4,Deciduous Broadleaf Forest
14,Manipur,255,Imphal East,7188,Sawombung Cd Block,24.6545,94.0803,1194.2,12.2,4,Deciduous Broadleaf Forest
14,Manipur,256,Imphal West,2368,Haorangsabal,24.7711,93.925,1202.8,11.81,4,Deciduous Broadleaf Forest
14,Manipur,256,Imphal West,2369,Wangoi,24.7171,93.8655,1188.3,11.66,4,Deciduous Broadleaf Forest
14,Manipur,256,Imphal West,7152,Patsoi,24.7711,93.7068,1185.3,11.27,4,Deciduous Broadleaf Forest
14,Manipur,256,Imphal West,7153,Hiyangthang,24.8702,93.8655,1215.9,11.66,4,Deciduous Broadleaf Forest
14,Manipur,257,Senapati,2371,Paomata,25.2687,94.082,1304.9,12.2,4,Deciduous Broadleaf Forest
14,Manipur,257,Senapati,2372,Purul,25.3935,93.9425,1316.2,11.86,4,Deciduous Broadleaf Forest
14,Manipur,257,Senapati,2375,Tadubi,25.1828,93.9674,1280.3,11.92,4,Deciduous Broadleaf Forest
14,Manipur,257,Senapati,7324,Willong,25.1438,94.1019,1284.0,12.25,4,Deciduous Broadleaf Forest
14,Manipur,257,Senapati,7325,Song Song,25.2687,93.9625,1295.4,11.91,4,Deciduous Broadleaf Forest
14,Manipur,257,Senapati,7328,Phaibung Khullen,25.3545,94.077,1320.0,12.19,4,Deciduous Broadleaf Forest
14,Manipur,258,Tamenglong,2377,Tamei,24.9654,93.5547,1208.1,10.89,4,Deciduous Broadleaf Forest
14,Manipur,258,Tamenglong,2378,Tamenglong,25.0512,93.4404,1214.4,10.6,4,Deciduous Broadleaf Forest
14,Manipur,258,Tamenglong,2379,Tousem,24.8405,93.4156,1174.5,10.54,4,Deciduous Broadleaf Forest
14,Manipur,259,Thoubal,2381,Thoubal,24.7291,93.9426,1196.6,11.86,4,Deciduous Broadleaf Forest
14,Manipur,259,Thoubal,7159,Lilong Cd Block,24.6433,94.0566,1190.3,12.14,4,Deciduous Broadleaf Forest
14,Manipur,259,Thoubal,7160,Wangjing Cd Block,24.5185,93.9179,1156.8,11.79,4,Deciduous Broadleaf Forest
14,Manipur,260,Ukhrul,2382,Chingai,25.0984,94.4208,1301.4,13.05,4,Deciduous Broadleaf Forest
14,Manipur,260,Ukhrul,2386,Ukhrul,25.0443,94.3611,1286.9,12.9,4,Deciduous Broadleaf Forest
14,Manipur,260,Ukhrul,6607,Lungchong Meiphai,25.0984,94.2019,1283.9,12.5,4,Deciduous Broadleaf Forest
14,Manipur,260,Ukhrul,7306,Jessami Td,25.1975,94.3611,1314.4,12.9,4,Deciduous Broadleaf Forest
14,Manipur,711,Kakching,2380,Kakching,24.4992,94.0389,1163.0,12.1,4,Deciduous Broadleaf Forest
14,Manipur,711,Kakching,7178,Langmeidong,24.4992,93.8706,1149.5,11.68,4,Deciduous Broadleaf Forest
14,Manipur,712,Kangpokpi,2370,Kangpokpi,25.0361,93.8405,1243.7,11.6,4,Deciduous Broadleaf Forest
14,Manipur,712,Kangpokpi,2373,Saikul,24.9554,93.9134,1235.0,11.78,4,Deciduous Broadleaf Forest
14,Manipur,712,Kangpokpi,2374,Saitu Gamphazol,24.9046,93.9622,1229.8,11.91,4,Deciduous Broadleaf Forest
14,Manipur,712,Kangpokpi,7318,Bungte Chiru,25.0022,94.0028,1250.6,12.01,4,Deciduous Broadleaf Forest
14,Manipur,712,Kangpokpi,7319,Kangchup Geljang,25.049,93.9134,1251.9,11.78,4,Deciduous Broadleaf Forest
14,Manipur,712,Kangpokpi,7320,Champhai,25.0659,94.027,1264.0,12.07,4,Deciduous Broadleaf Forest
14,Manipur,712,Kangpokpi,7321,Lhungtin,24.9529,93.7937,1225.0,11.48,4,Deciduous Broadleaf Forest
14,Manipur,712,Kangpokpi,7322,Island,25.1441,93.9708,1273.6,11.93,4,Deciduous Broadleaf Forest
14,Manipur,712,Kangpokpi,7323,T Vaichong,24.9095,94.065,1238.9,12.16,4,Deciduous Broadleaf Forest
14,Manipur,713,Jiribam,7164,Borobekra Cd Block,24.8044,93.1781,1149.0,9.95,4,Deciduous Broadleaf Forest
14,Manipur,713,Jiribam,7307,Jiribam C D Block,24.8044,93.0094,1135.5,9.52,4,Deciduous Broadleaf Forest
14,Manipur,714,Noney,2376,Nungba,24.624,93.46,1139.1,10.65,4,Deciduous Broadleaf Forest
14,Manipur,714,Noney,6581,Khoupum,24.7771,93.46,1166.7,10.65,4,Deciduous Broadleaf Forest
14,Manipur,714,Noney,7309,Longmai,24.678,93.3014,1136.2,10.25,4,Deciduous Broadleaf Forest
14,Manipur,714,Noney,7311,Haochong,24.678,93.5195,1153.6,10.8,4,Deciduous Broadleaf Forest
14,Manipur,715,Pherzawl,6576,Thanlon,24.3194,93.2732,1069.3,10.18,4,Deciduous Broadleaf Forest
14,Manipur,715,Pherzawl,7326,Tipaimukh,24.4052,93.1595,1075.7,9.9,4,Deciduous Broadleaf Forest
14,Manipur,715,Pherzawl,7327,Vangai Range,24.1945,93.1348,1035.8,9.84,4,Deciduous Broadleaf Forest
14,Manipur,716,Tengnoupal,2363,Machi,24.3857,94.2069,1156.0,12.52,4,Deciduous Broadleaf Forest
14,Manipur,716,Tengnoupal,2364,Tengnoupal,24.2609,94.0684,1122.4,12.17,4,Deciduous Broadleaf Forest
14,Manipur,716,Tengnoupal,7310,Moreh,24.4716,94.0932,1162.3,12.23,4,Deciduous Broadleaf Forest
14,Manipur,717,Kamjong,2383,Kamjong,24.8175,94.4925,1256.6,13.23,4,Deciduous Broadleaf Forest
14,Manipur,717,Kamjong,2384,Kasom Khullen,24.9166,94.433,1269.6,13.08,4,Deciduous Broadleaf Forest
14,Manipur,717,Kamjong,2385,Phungyar,24.8175,94.2741,1239.1,12.69,4,Deciduous Broadleaf Forest
14,Manipur,717,Kamjong,7308,Sahamphung Td Block,24.7634,94.433,1242.1,13.08,4,Deciduous Broadleaf Forest
15,Mizoram,261,Aizawl,2387,Aibawk,23.7289,92.777,923.4,16.44,4,Deciduous Broadleaf Forest
15,Mizoram,261,Aizawl,2388,Darlawn,23.828,92.7179,936.5,16.29,4,Deciduous Broadleaf Forest
15,Mizoram,261,Aizawl,2390,Thingsulthliah,23.7289,92.5605,906.0,15.9,4,Deciduous Broadleaf Forest
15,Mizoram,261,Aizawl,2391,Tlangnuam,23.6749,92.7179,908.9,16.29,4,Deciduous Broadleaf Forest
15,Mizoram,262,Champhai,2392,Khawbung,23.4781,93.2181,913.5,10.05,4,Deciduous Broadleaf Forest
15,Mizoram,262,Champhai,6520,Champhai,23.4781,93.385,926.9,10.46,4,Deciduous Broadleaf Forest
15,Mizoram,263,Kolasib,2395,Thingdawl,24.2265,92.5707,996.4,15.93,4,Deciduous Broadleaf Forest
15,Mizoram,263,Kolasib,6521,Bilkhawthlir,24.2265,92.7387,1009.9,16.35,4,Deciduous Broadleaf Forest
15,Mizoram,264,Lawngtlai,2396,Bungtlang South,22.5319,92.9576,722.4,16.89,4,Deciduous Broadleaf Forest
15,Mizoram,264,Lawngtlai,2397,Chawngte,22.631,92.8991,735.5,16.75,4,Deciduous Broadleaf Forest
15,Mizoram,264,Lawngtlai,2398,Lawngtlai,22.5319,92.743,705.2,16.36,4,Deciduous Broadleaf Forest
15,Mizoram,264,Lawngtlai,2399,Sangau,22.4778,92.8991,707.9,16.75,4,Deciduous Broadleaf Forest
15,Mizoram,265,Lunglei,2400,Bunghmun,22.8765,92.8105,772.6,16.53,4,Deciduous Broadleaf Forest
15,Mizoram,265,Lunglei,2402,Lunglei,22.9624,92.6981,779.1,16.25,4,Deciduous Broadleaf Forest
15,Mizoram,265,Lunglei,2403,Lungsen,22.7517,92.6736,739.2,16.18,4,Deciduous Broadleaf Forest
15,Mizoram,266,Mamit,2404,Reiek,23.7517,92.5133,906.4,15.78,4,Deciduous Broadleaf Forest
15,Mizoram,266,Mamit,2405,West Phaileng,23.8375,92.4001,912.8,15.5,4,Deciduous Broadleaf Forest
15,Mizoram,266,Mamit,2406,Zawlnuam,23.6269,92.3755,872.9,15.44,4,Deciduous Broadleaf Forest
15,Mizoram,267,Saiha,2407,Saiha,22.4901,93.0388,721.3,9.6,4,Deciduous Broadleaf Forest
15,Mizoram,267,Saiha,2409,Tuipang,22.4901,92.8731,708.1,16.68,4,Deciduous Broadleaf Forest
15,Mizoram,268,Serchhip,6516,Serchhip,23.3258,92.7465,848.4,16.37,4,Deciduous Broadleaf Forest
15,Mizoram,268,Serchhip,6519,East Lungdar,23.3258,92.9133,861.7,16.78,4,Deciduous Broadleaf Forest
15,Mizoram,726,Hnahthial,2401,Hnahthial,22.8765,92.7518,767.9,16.38,4,Deciduous Broadleaf Forest
15,Mizoram,727,Saitual,2389,Phullen,23.7289,92.6097,910.0,16.02,4,Deciduous Broadleaf Forest
15,Mizoram,727,Saitual,2394,Ngopa,23.7289,92.777,923.4,16.44,4,Deciduous Broadleaf Forest
15,Mizoram,728,Khawzawl,2393,Khawzawl,23.4781,93.3261,922.1,10.32,4,Deciduous Broadleaf Forest
16,Tripura,269,Dhalai,2410,Ambassa,23.845,91.986,881.0,14.47,4,Deciduous Broadleaf Forest
16,Tripura,269,Dhalai,2411,Chawmanu,23.915,92.0035,895.0,14.51,4,Deciduous Broadleaf Forest
16,Tripura,269,Dhalai,2412,Dumburnagar,23.9891,91.9269,902.2,14.32,4,Deciduous Broadleaf Forest
16,Tripura,269,Dhalai,2413,Manu,23.743,91.8155,849.0,14.04,4,Deciduous Broadleaf Forest
16,Tripura,269,Dhalai,2414,Salema,23.7749,92.0035,869.8,14.51,4,Deciduous Broadleaf Forest
16,Tripura,269,Dhalai,6729,Durgachowmuhani,23.8832,91.8851,879.8,14.21,4,Deciduous Broadleaf Forest
16,Tripura,269,Dhalai,6780,Raishyabari,23.7909,91.9269,866.5,14.32,4,Deciduous Broadleaf Forest
16,Tripura,269,Dhalai,6781,Ganganagar,23.845,91.8185,867.6,14.05,4,Deciduous Broadleaf Forest
16,Tripura,270,North Tripura,2415,Damcherra,24.1039,92.2672,950.1,15.17,4,Deciduous Broadleaf Forest
16,Tripura,270,North Tripura,2416,Dasda,24.1739,92.2848,964.1,15.21,4,Deciduous Broadleaf Forest
16,Tripura,270,North Tripura,2418,Jampui Hills,24.248,92.208,971.3,15.02,4,Deciduous Broadleaf Forest
16,Tripura,270,North Tripura,2419,Kadamtala,24.1039,92.0994,936.7,14.75,4,Deciduous Broadleaf Forest
16,Tripura,270,North Tripura,2421,Panisagar,24.0338,92.2848,938.9,15.21,4,Deciduous Broadleaf Forest
16,Tripura,270,North Tripura,6727,Jubarajnagar,24.1421,92.1661,948.9,14.92,4,Deciduous Broadleaf Forest
16,Tripura,270,North Tripura,6783,Kalacherra,24.0019,92.0963,918.0,14.74,4,Deciduous Broadleaf Forest
16,Tripura,270,North Tripura,6784,Laljuri,24.0498,92.208,935.6,15.02,4,Deciduous Broadleaf Forest
16,Tripura,271,South Tripura,2424,Bokafa,23.2714,91.6589,751.6,13.65,4,Deciduous Broadleaf Forest
16,Tripura,271,South Tripura,2425,Hrishyamukh,23.3455,91.5826,758.8,13.46,4,Deciduous Broadleaf Forest
16,Tripura,271,South Tripura,2431,Rajnagar,23.0994,91.4717,705.6,13.18,4,Deciduous Broadleaf Forest
16,Tripura,271,South Tripura,2432,Rupaichari,23.1473,91.5826,723.1,13.46,4,Deciduous Broadleaf Forest
16,Tripura,271,South Tripura,2433,Satchand,23.1312,91.6589,726.3,13.65,4,Deciduous Broadleaf Forest
16,Tripura,271,South Tripura,6723,Jolaibari,23.2395,91.541,736.4,13.35,4,Deciduous Broadleaf Forest
16,Tripura,271,South Tripura,6788,Poangbari,23.2013,91.4748,724.2,13.19,4,Deciduous Broadleaf Forest
16,Tripura,271,South Tripura,6789,Bharat Chandra Nagar,23.2013,91.6414,737.5,13.6,4,Deciduous Broadleaf Forest
16,Tripura,272,West Tripura,2436,Dukli,24.0323,91.4299,870.2,13.07,4,Deciduous Broadleaf Forest
16,Tripura,272,West Tripura,2437,Hezamara,23.9371,91.373,848.5,12.93,4,Deciduous Broadleaf Forest
16,Tripura,272,West Tripura,2439,Jirania,23.9242,91.3007,840.4,12.75,4,Deciduous Broadleaf Forest
16,Tripura,272,West Tripura,2443,Mandwai,23.8435,91.373,831.7,12.93,4,Deciduous Broadleaf Forest
16,Tripura,272,West Tripura,2445,Mohanpur,23.7927,91.4214,826.4,13.05,4,Deciduous Broadleaf Forest
16,Tripura,272,West Tripura,6721,Lefunga,23.841,91.2544,821.7,12.64,4,Deciduous Broadleaf Forest
16,Tripura,272,West Tripura,6790,Old Agartala,23.7976,91.5233,835.4,13.31,4,Deciduous Broadleaf Forest
16,Tripura,272,West Tripura,6791,Bamutia,23.8903,91.4617,847.2,13.15,4,Deciduous Broadleaf Forest
16,Tripura,272,West Tripura,6792,Belbari,23.954,91.4856,860.6,13.21,4,Deciduous Broadleaf Forest
16,Tripura,652,Khowai,2440,Kalyanpur,24.071,91.6615,895.7,13.65,4,Deciduous Broadleaf Forest
16,Tripura,652,Khowai,2442,Khowai,24.1569,91.6566,910.8,13.64,4,Deciduous Broadleaf Forest
16,Tripura,652,Khowai,2446,Mungiakami,24.1959,91.5234,907.1,13.31,4,Deciduous Broadleaf Forest
16,Tripura,652,Khowai,2447,Padmabil,24.071,91.5431,886.2,13.36,4,Deciduous Broadleaf Forest
16,Tripura,652,Khowai,2448,Teliamura,23.9852,91.548,871.2,13.37,4,Deciduous Broadleaf Forest
16,Tripura,652,Khowai,2449,Tulashikhar,23.9462,91.6812,874.8,13.7,4,Deciduous Broadleaf Forest
16,Tripura,653,Sepahijala,2434,Bishalgarh,23.6064,91.4023,791.3,13.01,4,Deciduous Broadleaf Forest
16,Tripura,653,Sepahijala,2435,Boxanagar,23.6838,91.4107,805.9,13.03,4,Deciduous Broadleaf Forest
16,Tripura,653,Sepahijala,2438,Jampuijala,23.6298,91.2901,786.6,12.73,4,Deciduous Broadleaf Forest
16,Tripura,653,Sepahijala,2441,Kathalia,23.5634,91.2458,771.1,12.61,4,Deciduous Broadleaf Forest
16,Tripura,653,Sepahijala,2444,Nalchar,23.5641,91.3801,781.9,12.95,4,Deciduous Broadleaf Forest
16,Tripura,653,Sepahijala,6786,Charilam,23.7469,91.3083,809.1,12.77,4,Deciduous Broadleaf Forest
16,Tripura,653,Sepahijala,6787,Mohanbhog,23.4658,91.3083,758.5,12.77,4,Deciduous Broadleaf Forest
16,Tripura,654,Gomati,2423,Amarpur,23.5207,91.6929,799.2,13.73,4,Deciduous Broadleaf Forest
16,Tripura,654,Gomati,2426,Kakraban,23.5907,91.7104,813.2,13.78,4,Deciduous Broadleaf Forest
16,Tripura,654,Gomati,2427,Karbook,23.6648,91.6339,820.4,13.58,4,Deciduous Broadleaf Forest
16,Tripura,654,Gomati,2428,Killa,23.5589,91.5922,798.0,13.48,4,Deciduous Broadleaf Forest
16,Tripura,654,Gomati,2429,Matabari,23.5207,91.5259,785.8,13.31,4,Deciduous Broadleaf Forest
16,Tripura,654,Gomati,2430,Ompi,23.4187,91.5228,767.2,13.31,4,Deciduous Broadleaf Forest
16,Tripura,654,Gomati,6725,Silachari,23.4666,91.6339,784.7,13.58,4,Deciduous Broadleaf Forest
16,Tripura,654,Gomati,6782,Tepania,23.4506,91.7104,787.9,13.78,4,Deciduous Broadleaf Forest
16,Tripura,655,Unakoti,2417,Gournagar,24.2962,92.0362,966.2,14.59,4,Deciduous Broadleaf Forest
16,Tripura,655,Unakoti,2420,Kumarghat,24.1971,91.8782,935.7,14.2,4,Deciduous Broadleaf Forest
16,Tripura,655,Unakoti,2422,Pecharthal,24.143,92.0362,938.6,14.59,4,Deciduous Broadleaf Forest
16,Tripura,655,Unakoti,6785,Chandipur,24.1971,92.0955,953.1,14.74,4,Deciduous Broadleaf Forest
17,Meghalaya,273,East Garo Hills,2450,Dambo Rongjeng,25.6419,90.6953,1101.2,11.24,4,Deciduous Broadleaf Forest
17,Meghalaya,273,East Garo Hills,2453,Samanda,25.7278,90.5804,1107.4,10.95,4,Deciduous Broadleaf Forest
17,Meghalaya,273,East Garo Hills,2454,Songsak,25.5171,90.5554,1067.5,10.89,4,Deciduous Broadleaf Forest
17,Meghalaya,274,East Khasi Hills,2455,Khadarshnong-Laitkroh,25.386,91.8715,1149.2,14.18,4,Deciduous Broadleaf Forest
17,Meghalaya,274,East Khasi Hills,2456,Mawkynrew,25.4396,91.904,1161.4,14.26,4,Deciduous Broadleaf Forest
17,Meghalaya,274,East Khasi Hills,2457,Mawphlang,25.4609,91.7399,1152.2,13.85,4,Deciduous Broadleaf Forest
17,Meghalaya,274,East Khasi Hills,2458,Mawryngkneng,25.4266,91.6586,1139.5,13.65,4,Deciduous Broadleaf Forest
17,Meghalaya,274,East Khasi Hills,2459,Mawsynram,25.3708,91.7543,1137.1,13.89,4,Deciduous Broadleaf Forest
17,Meghalaya,274,East Khasi Hills,2460,Mylliem,25.3111,91.7399,1125.2,13.85,4,Deciduous Broadleaf Forest
17,Meghalaya,274,East Khasi Hills,2461,Pynursla,25.2433,91.789,1116.9,13.97,4,Deciduous Broadleaf Forest
17,Meghalaya,274,East Khasi Hills,2462,Shella Bholaganj,25.3369,91.8366,1137.6,14.09,4,Deciduous Broadleaf Forest
17,Meghalaya,274,East Khasi Hills,7183,Sohiong,25.3324,91.904,1142.2,14.26,4,Deciduous Broadleaf Forest
17,Meghalaya,274,East Khasi Hills,7185,Mawlai,25.5171,91.878,1173.3,14.2,4,Deciduous Broadleaf Forest
17,Meghalaya,274,East Khasi Hills,7186,Mawpat,25.4395,91.8032,1153.4,14.01,4,Deciduous Broadleaf Forest
17,Meghalaya,275,West Jaintia Hills,2463,Amlarem,25.4838,92.3349,1203.9,15.34,4,Deciduous Broadleaf Forest
17,Meghalaya,275,West Jaintia Hills,2465,Laskein,25.5696,92.2202,1210.1,15.05,4,Deciduous Broadleaf Forest
17,Meghalaya,275,West Jaintia Hills,2467,Thadlaskein,25.359,92.1952,1170.2,14.99,4,Deciduous Broadleaf Forest
17,Meghalaya,276,Ri Bhoi,2468,Jirang,25.9691,91.8822,1255.0,14.21,4,Deciduous Broadleaf Forest
17,Meghalaya,276,Ri Bhoi,2469,Umling,25.87,91.7221,1224.4,13.81,4,Deciduous Broadleaf Forest
17,Meghalaya,276,Ri Bhoi,2470,Umsning,25.816,91.8822,1227.5,14.21,4,Deciduous Broadleaf Forest
17,Meghalaya,276,Ri Bhoi,7182,Bhoirymbong,25.87,91.9423,1242.0,14.36,4,Deciduous Broadleaf Forest
17,Meghalaya,277,South Garo Hills,2471,Baghmara,25.3093,90.6372,1036.7,11.09,4,Deciduous Broadleaf Forest
17,Meghalaya,277,South Garo Hills,2472,Chokpot,25.4084,90.5774,1049.7,10.94,4,Deciduous Broadleaf Forest
17,Meghalaya,277,South Garo Hills,2473,Gasuapara,25.3093,90.418,1019.1,10.55,4,Deciduous Broadleaf Forest
17,Meghalaya,277,South Garo Hills,2474,Rongara,25.2552,90.5774,1022.1,10.94,4,Deciduous Broadleaf Forest
17,Meghalaya,278,West Garo Hills,2476,Dadenggiri,25.6291,90.2513,1063.3,10.13,4,Deciduous Broadleaf Forest
17,Meghalaya,278,West Garo Hills,2477,Dalu,25.7066,90.2599,1078.0,10.15,4,Deciduous Broadleaf Forest
17,Meghalaya,278,West Garo Hills,2478,Gambegre,25.6526,90.1373,1058.5,9.84,4,Deciduous Broadleaf Forest
17,Meghalaya,278,West Garo Hills,2479,Rongram,25.5861,90.0923,1042.9,9.73,4,Deciduous Broadleaf Forest
17,Meghalaya,278,West Garo Hills,2480,Salsella,25.4886,90.1557,1030.4,9.89,4,Deciduous Broadleaf Forest
17,Meghalaya,278,West Garo Hills,2481,Tikrikilla,25.5869,90.2287,1053.9,10.07,4,Deciduous Broadleaf Forest
17,Meghalaya,278,West Garo Hills,7181,Demdema,25.7697,90.1557,1081.0,9.89,4,Deciduous Broadleaf Forest
17,Meghalaya,279,West Khasi Hills,2485,Mawshynrut,25.5742,91.1735,1127.2,12.43,4,Deciduous Broadleaf Forest
17,Meghalaya,279,West Khasi Hills,2487,Nongstoin,25.5742,91.0037,1113.7,12.01,4,Deciduous Broadleaf Forest
17,Meghalaya,656,North Garo Hills,2451,Kharkutta,25.9567,90.644,1153.7,11.11,4,Deciduous Broadleaf Forest
17,Meghalaya,656,North Garo Hills,2452,Resubelpara,25.746,90.619,1113.8,11.05,4,Deciduous Broadleaf Forest
17,Meghalaya,656,North Garo Hills,7184,Bajengdoba,25.8708,90.7591,1147.5,11.4,4,Deciduous Broadleaf Forest
17,Meghalaya,657,East Jaintia Hills,2464,Khliehriat,25.2729,92.525,1181.1,15.81,4,Deciduous Broadleaf Forest
17,Meghalaya,657,East Jaintia Hills,2466,Saipung,25.2729,92.3557,1167.6,15.39,4,Deciduous Broadleaf Forest
17,Meghalaya,658,South West Khasi Hills,2484,Mawkyrwat,25.3175,91.3241,1093.1,12.81,4,Deciduous Broadleaf Forest
17,Meghalaya,658,South West Khasi Hills,2488,Ranikor,25.3175,91.1546,1079.5,12.39,4,Deciduous Broadleaf Forest
17,Meghalaya,663,South West Garo Hills,2475,Betasing,25.4456,90.01,1011.0,9.53,4,Deciduous Broadleaf Forest
17,Meghalaya,663,South West Garo Hills,2482,Zikzak,25.3207,89.8703,977.3,16.68,4,Deciduous Broadleaf Forest
17,Meghalaya,663,South West Garo Hills,7180,Rerapara,25.5314,89.8953,1017.3,16.74,4,Deciduous Broadleaf Forest
17,Meghalaya,740,Eastern West Khasi Hills,2483,Mairang,25.467,91.4261,1128.1,13.07,4,Deciduous Broadleaf Forest
17,Meghalaya,740,Eastern West Khasi Hills,2486,Mawthadraishan,25.467,91.2564,1114.6,12.64,4,Deciduous Broadleaf Forest
18,Assam,280,Barpeta,2490,Barpeta,26.3128,91.0628,82.8,1.45,12,Croplands
18,Assam,280,Barpeta,2492,Chakchaka,26.3829,91.0807,83.0,1.51,12,Croplands
18,Assam,280,Barpeta,2493,Chenga,26.457,91.0025,82.0,1.57,12,Croplands
18,Assam,280,Barpeta,2495,Gomaphulbari,26.351,90.9599,81.5,1.48,12,Croplands
18,Assam,280,Barpeta,2497,Mandia,26.3128,90.892,80.7,1.45,12,Croplands
18,Assam,280,Barpeta,2498,Pakabetbari,26.2109,90.8888,80.7,1.37,12,Croplands
18,Assam,280,Barpeta,2499,Ruposhi,26.2588,91.0025,82.0,1.41,12,Croplands
18,Assam,280,Barpeta,2500,Sarukhetri,26.2427,91.0807,83.0,1.39,12,Croplands
18,Assam,281,Bongaigaon,2501,Boitamari,26.4694,90.6212,77.5,1.58,12,Croplands
18,Assam,281,Bongaigaon,2503,Dangtol,26.5636,90.595,1259.0,10.99,4,Deciduous Broadleaf Forest
18,Assam,281,Bongaigaon,2504,Manikpur,26.5541,90.4306,1244.2,10.58,4,Deciduous Broadleaf Forest
18,Assam,281,Bongaigaon,2506,Srijangram,26.4376,90.512,76.1,1.55,12,Croplands
18,Assam,281,Bongaigaon,2507,Tapattary,26.3751,90.595,77.1,1.5,12,Croplands
18,Assam,282,Cachar,2508,Banskandi,24.8114,92.9136,105.0,1.85,12,Croplands
18,Assam,282,Cachar,2509,Barjalenga,24.8517,92.9538,105.4,1.88,12,Croplands
18,Assam,282,Cachar,2510,Binnakandi,24.9185,92.9603,105.5,1.93,12,Croplands
18,Assam,282,Cachar,2511,Borkhola,24.8628,92.8725,104.5,1.89,12,Croplands
18,Assam,282,Cachar,2512,Kalain,24.91,92.8427,104.1,1.93,12,Croplands
18,Assam,282,Cachar,2513,Katigorah,24.9362,92.7747,103.3,1.95,12,Croplands
18,Assam,282,Cachar,2514,Lakhipur,24.8432,92.8059,103.7,1.87,12,Croplands
18,Assam,282,Cachar,2515,Narsingpur,24.832,92.7473,103.0,1.87,12,Croplands
18,Assam,282,Cachar,2516,Palonghat,24.7814,92.6987,102.4,1.83,12,Croplands
18,Assam,282,Cachar,2517,Rajabazar,24.7796,92.8059,103.7,1.82,12,Croplands
18,Assam,282,Cachar,2518,Salchapra,24.7256,92.7995,103.6,1.78,12,Croplands
18,Assam,282,Cachar,2519,Silchar,24.668,92.8375,104.1,1.73,12,Croplands
18,Assam,282,Cachar,2520,Sonai,24.76,92.8725,104.5,1.81,12,Croplands
18,Assam,282,Cachar,2521,Tapang,24.7378,92.9271,105.1,1.79,12,Croplands
18,Assam,282,Cachar,2522,Udharbond,24.7528,92.9991,106.0,1.8,12,Croplands
18,Assam,283,Darrang,2523,Bechimari,26.473,92.0901,95.1,1.58,12,Croplands
18,Assam,283,Darrang,2527,Dalgaon-Sialmari,26.5505,92.0987,1377.0,14.75,4,Deciduous Broadleaf Forest
18,Assam,283,Darrang,2528,Kalaigaon,26.6136,91.9939,1380.0,14.48,4,Deciduous Broadleaf Forest
18,Assam,283,Darrang,2535,Pachim-Mangaldai,26.43,91.93,93.2,1.54,12,Croplands
18,Assam,283,Darrang,2537,Pub-Mangaldai,26.3325,91.9939,93.9,1.47,12,Croplands
18,Assam,283,Darrang,2540,Sipajhar,26.4308,92.0674,94.8,1.54,12,Croplands
18,Assam,283,Darrang,6553,Khoirabari,26.4965,91.9753,93.7,1.6,12,Croplands
18,Assam,284,Dhemaji,2544,Sissiborgaon,27.3808,94.5961,1726.2,13.49,4,Deciduous Broadleaf Forest
18,Assam,284,Dhemaji,2545,Bordoloni,27.4751,94.6225,1745.3,13.56,4,Deciduous Broadleaf Forest
18,Assam,284,Dhemaji,2546,Dhemaji,27.5693,94.5961,1760.2,13.49,4,Deciduous Broadleaf Forest
18,Assam,284,Dhemaji,2547,Machkhowa,27.5598,94.4302,1745.2,13.08,4,Deciduous Broadleaf Forest
18,Assam,284,Dhemaji,2548,Murkongselek,27.4433,94.5123,1730.8,13.28,4,Deciduous Broadleaf Forest
18,Assam,285,Dhubri,2549,Agomani,26.0257,90.0323,70.4,1.22,12,Croplands
18,Assam,285,Dhubri,2550,Bilasipara,26.0687,90.0715,70.9,1.25,12,Croplands
18,Assam,285,Dhubri,2551,Birshing-Jarua,26.1384,90.0721,70.9,1.31,12,Croplands
18,Assam,285,Dhubri,2552,Chapar Salkocha,26.0784,89.9855,69.8,1.26,12,Croplands
18,Assam,285,Dhubri,2553,Debitola,26.1223,89.9476,69.4,1.3,12,Croplands
18,Assam,285,Dhubri,2555,Gauripur,26.1384,89.8721,68.5,1.31,12,Croplands
18,Assam,285,Dhubri,2556,Golakganj,26.0492,89.9179,69.0,1.24,12,Croplands
18,Assam,285,Dhubri,2557,Jamadarhat,25.9834,89.9346,69.2,2.79,12,Croplands
18,Assam,285,Dhubri,2558,Mahamaya,25.9291,89.9476,69.4,2.74,12,Croplands
18,Assam,285,Dhubri,2560,Nayeralga,25.8852,90.0078,70.1,2.71,12,Croplands
18,Assam,285,Dhubri,2561,Rupshi,25.9834,90.0096,70.1,2.79,12,Croplands
18,Assam,285,Dhubri,2562,South Salmara,25.9827,90.0715,70.9,2.79,12,Croplands
18,Assam,285,Dhubri,2636,Hatidhura,26.0257,89.8618,68.3,1.22,12,Croplands
18,Assam,285,Dhubri,6559,Hatidhura,25.9632,89.8276,67.9,2.77,12,Croplands
18,Assam,286,Dibrugarh,2563,Barbaruah,27.4844,94.984,1775.9,14.46,4,Deciduous Broadleaf Forest
18,Assam,286,Dibrugarh,2564,Joypur,27.5619,94.9928,1790.6,14.48,4,Deciduous Broadleaf Forest
18,Assam,286,Dibrugarh,2565,Khowang,27.6249,94.887,1793.4,14.22,4,Deciduous Broadleaf Forest
18,Assam,286,Dibrugarh,2566,Lahoal,27.5078,94.8682,1770.9,14.17,4,Deciduous Broadleaf Forest
18,Assam,286,Dibrugarh,2567,Panitola,27.4414,94.8225,1755.3,14.06,4,Deciduous Broadleaf Forest
18,Assam,286,Dibrugarh,2568,Tengakhat,27.3439,94.887,1742.9,14.22,4,Deciduous Broadleaf Forest
18,Assam,286,Dibrugarh,2569,Tingkhong,27.4421,94.9611,1766.5,14.4,4,Deciduous Broadleaf Forest
18,Assam,287,Goalpara,2570,Balijana,26.1621,90.6831,78.2,1.33,12,Croplands
18,Assam,287,Goalpara,2571,Jaleswar,26.2322,90.701,78.4,1.39,12,Croplands
18,Assam,287,Goalpara,2572,Kharmuza,26.3063,90.6229,77.5,1.45,12,Croplands
18,Assam,287,Goalpara,2573,Krishnai,26.2004,90.5803,77.0,1.36,12,Croplands
18,Assam,287,Goalpara,2574,Kuchdhowa,26.1621,90.5125,76.2,1.33,12,Croplands
18,Assam,287,Goalpara,2575,Lakhipur,26.0602,90.5094,76.1,1.25,12,Croplands
18,Assam,287,Goalpara,2576,Matia,26.1081,90.6229,77.5,1.29,12,Croplands
18,Assam,287,Goalpara,2577,Rongjuli,26.0921,90.701,78.4,1.27,12,Croplands
18,Assam,288,Golaghat,2578,Golaghat Central,26.5072,94.034,1524.0,12.09,4,Deciduous Broadleaf Forest
18,Assam,288,Golaghat,2579,Golaghat East,26.5773,94.0519,1538.1,12.13,4,Deciduous Broadleaf Forest
18,Assam,288,Golaghat,2580,Golaghat North,26.6514,93.9736,1545.1,11.93,4,Deciduous Broadleaf Forest
18,Assam,288,Golaghat,2581,Golaghat South,26.5454,93.9309,1522.6,11.83,4,Deciduous Broadleaf Forest
18,Assam,288,Golaghat,2582,Golaghat West,26.5072,93.8628,1510.3,11.66,4,Deciduous Broadleaf Forest
18,Assam,288,Golaghat,2583,Gomariguri,26.4053,93.8597,116.3,1.52,12,Croplands
18,Assam,288,Golaghat,2584,Kakodonga,26.4532,93.9736,117.7,1.56,12,Croplands
18,Assam,288,Golaghat,2585,Morongi,26.4371,94.0519,118.6,1.55,12,Croplands
18,Assam,289,Hailakandi,2586,Algapur,24.6788,92.6249,101.5,1.74,12,Croplands
18,Assam,289,Hailakandi,2587,Hailakandi,24.7731,92.5991,101.2,1.82,12,Croplands
18,Assam,289,Hailakandi,2588,Katlicherra,24.7635,92.4371,99.2,1.81,12,Croplands
18,Assam,289,Hailakandi,2589,Lala,24.647,92.5173,100.2,1.72,12,Croplands
18,Assam,289,Hailakandi,2590,South Hailakandi,24.5846,92.5991,101.2,1.67,12,Croplands
18,Assam,290,Jorhat,2591,Jorhat,26.7676,94.2671,1589.5,12.67,4,Deciduous Broadleaf Forest
18,Assam,290,Jorhat,2592,Jorhat Central,26.8535,94.262,1604.6,12.66,4,Deciduous Broadleaf Forest
18,Assam,290,Jorhat,2593,Jorhat East,26.8925,94.1258,1600.7,12.31,4,Deciduous Broadleaf Forest
18,Assam,290,Jorhat,2594,Kaliapani,26.7676,94.146,1579.8,12.37,4,Deciduous Broadleaf Forest
18,Assam,290,Jorhat,2596,North West Jorhat,26.6818,94.151,1564.8,12.38,4,Deciduous Broadleaf Forest
18,Assam,290,Jorhat,2597,Titabor,26.6428,94.2872,1568.7,12.72,4,Deciduous Broadleaf Forest
18,Assam,291,Kamrup,2599,Bezera,26.1052,91.4615,87.5,1.28,12,Croplands
18,Assam,291,Kamrup,2600,Bihdia -Jajikona,26.1482,91.5007,88.0,1.32,12,Croplands
18,Assam,291,Kamrup,2601,Boko,26.2179,91.5014,88.0,1.37,12,Croplands
18,Assam,291,Kamrup,2602,Bongaon,26.1579,91.4147,87.0,1.33,12,Croplands
18,Assam,291,Kamrup,2603,Chamaria,26.2019,91.3767,86.5,1.36,12,Croplands
18,Assam,291,Kamrup,2605,Chayani,26.2179,91.3012,85.6,1.37,12,Croplands
18,Assam,291,Kamrup,2606,Chaygaon,26.1287,91.3471,86.2,1.3,12,Croplands
18,Assam,291,Kamrup,2609,Goroimari,26.1052,91.2909,85.5,1.28,12,Croplands
18,Assam,291,Kamrup,2610,Hajo,26.0427,91.2567,85.1,1.23,12,Croplands
18,Assam,291,Kamrup,2611,Kamalpur,26.063,91.3638,86.4,1.25,12,Croplands
18,Assam,291,Kamrup,2612,Rampur,26.0086,91.3767,86.5,1.21,12,Croplands
18,Assam,291,Kamrup,2613,Rangia,25.9647,91.437,87.2,2.77,12,Croplands
18,Assam,291,Kamrup,2614,Rani,26.063,91.4388,87.3,1.25,12,Croplands
18,Assam,291,Kamrup,2615,Sualkuchi,26.0622,91.5007,88.0,1.25,12,Croplands
18,Assam,292,Karbi Anglong,2617,Bokajan,26.0,93.5601,112.7,1.2,12,Croplands
18,Assam,292,Karbi Anglong,2619,Howraghat,26.0775,93.5687,112.8,1.26,12,Croplands
18,Assam,292,Karbi Anglong,2620,Langsomepi,26.1405,93.4643,111.6,1.31,12,Croplands
18,Assam,292,Karbi Anglong,2621,Lumbajong,26.0235,93.4458,111.3,1.22,12,Croplands
18,Assam,292,Karbi Anglong,2622,Nilip,25.957,93.4007,110.8,2.77,12,Croplands
18,Assam,292,Karbi Anglong,2624,Rongmongwe,25.8595,93.4643,111.6,2.69,12,Croplands
18,Assam,292,Karbi Anglong,2625,Samelangso,25.9577,93.5375,112.4,2.77,12,Croplands
18,Assam,293,Karimganj,2627,Badarpur,24.8601,92.4361,99.2,1.89,12,Croplands
18,Assam,293,Karimganj,2628,Dullavcherra,24.9376,92.4446,99.3,1.95,12,Croplands
18,Assam,293,Karimganj,2629,Lowairpoa,25.0007,92.3411,98.1,2.0,12,Croplands
18,Assam,293,Karimganj,2630,North Karimganj,24.8836,92.3228,97.9,1.91,12,Croplands
18,Assam,293,Karimganj,2631,Patharkandi,24.8171,92.2781,97.3,1.85,12,Croplands
18,Assam,293,Karimganj,2632,Ramkrishna Nagar,24.7196,92.3411,98.1,1.78,12,Croplands
18,Assam,293,Karimganj,2633,South Karimganj,24.8179,92.4136,99.0,1.85,12,Croplands
18,Assam,294,Kokrajhar,2550,Bilasipara,26.4398,90.3729,74.5,1.55,12,Croplands
18,Assam,294,Kokrajhar,2552,Chapar Salkocha,26.5011,90.3887,1231.3,10.47,4,Deciduous Broadleaf Forest
18,Assam,294,Kokrajhar,2553,Debitola,26.5027,90.28,1222.9,10.2,4,Deciduous Broadleaf Forest
18,Assam,294,Kokrajhar,2556,Golakganj,26.4562,90.1757,72.1,1.56,12,Croplands
18,Assam,294,Kokrajhar,2558,Mahamaya,26.3054,90.28,73.4,1.44,12,Croplands
18,Assam,294,Kokrajhar,2561,Rupshi,26.3676,90.3143,73.8,1.49,12,Croplands
18,Assam,294,Kokrajhar,2634,Dotma,26.4472,90.2334,72.8,1.56,12,Croplands
18,Assam,294,Kokrajhar,2635,Gossaigaon,26.3941,90.2104,72.5,1.52,12,Croplands
18,Assam,294,Kokrajhar,2636,Hatidhura,26.3519,90.1757,72.1,1.48,12,Croplands
18,Assam,294,Kokrajhar,2637,Kachugaon,26.289,90.1728,72.1,1.43,12,Croplands
18,Assam,294,Kokrajhar,2638,Kokrajhar,26.352,90.2532,73.0,1.48,12,Croplands
18,Assam,294,Kokrajhar,6566,Chapor-Salkocha-Btc,26.4524,90.2967,73.6,1.56,12,Croplands
18,Assam,294,Kokrajhar,6567,Bilashipara-Btc,26.404,90.3301,74.0,1.52,12,Croplands
18,Assam,294,Kokrajhar,6568,Mahamaya-Btc,26.275,90.3415,74.1,1.42,12,Croplands
18,Assam,294,Kokrajhar,6569,Golakganj-Btc,26.4305,90.1116,71.3,1.54,12,Croplands
18,Assam,294,Kokrajhar,6570,Rupshi-Btc,26.3682,90.3729,74.5,1.49,12,Croplands
18,Assam,294,Kokrajhar,6595,Debitola-Btc,26.5427,90.2257,1225.7,10.06,4,Deciduous Broadleaf Forest
18,Assam,295,Lakhimpur,2640,Bihpuria,27.9482,80.8405,727.9,16.6,4,Deciduous Broadleaf Forest
18,Assam,295,Lakhimpur,2641,Boginadi,28.0119,80.8653,741.4,16.66,4,Deciduous Broadleaf Forest
18,Assam,295,Lakhimpur,2642,Dhakuakhana,28.0902,80.8077,750.9,16.52,4,Deciduous Broadleaf Forest
18,Assam,295,Lakhimpur,2643,Ghilamara,27.995,80.7488,729.0,16.37,4,Deciduous Broadleaf Forest
18,Assam,295,Lakhimpur,2644,Karunabari,27.9821,80.6739,720.7,16.18,4,Deciduous Broadleaf Forest
18,Assam,295,Lakhimpur,2645,Lakhimpur,27.8989,80.626,701.9,16.07,4,Deciduous Broadleaf Forest
18,Assam,295,Lakhimpur,2646,Narayanpur,27.9014,80.7488,712.2,16.37,4,Deciduous Broadleaf Forest
18,Assam,295,Lakhimpur,2647,Nowboicha,27.8506,80.7988,707.0,16.5,4,Deciduous Broadleaf Forest
18,Assam,295,Lakhimpur,2648,Telahi,27.8556,80.9043,716.4,16.76,4,Deciduous Broadleaf Forest
18,Assam,296,Marigaon,2649,Batabraba (Part),26.2521,92.4018,98.8,1.4,12,Croplands
18,Assam,296,Marigaon,2650,Bhurbandha,26.3296,92.4105,98.9,1.46,12,Croplands
18,Assam,296,Marigaon,2651,Dolongghat (Part),26.3927,92.3058,97.7,1.51,12,Croplands
18,Assam,296,Marigaon,2652,Kapili,26.2756,92.2873,97.4,1.42,12,Croplands
18,Assam,296,Marigaon,2653,Laharighat,26.2091,92.242,96.9,1.37,12,Croplands
18,Assam,296,Marigaon,2654,Mayang,26.1116,92.3058,97.7,1.29,12,Croplands
18,Assam,296,Marigaon,2655,Moirabari,26.2099,92.3791,98.5,1.37,12,Croplands
18,Assam,297,Nagaon,2656,Bajiagaon,26.3495,92.7449,102.9,1.48,12,Croplands
18,Assam,297,Nagaon,2657,Barhampur,26.3898,92.7856,103.4,1.51,12,Croplands
18,Assam,297,Nagaon,2658,Batadrava,26.4566,92.7923,103.5,1.57,12,Croplands
18,Assam,297,Nagaon,2661,Dolongghat,26.4009,92.7033,102.4,1.52,12,Croplands
18,Assam,297,Nagaon,2663,Juria,26.448,92.6731,102.1,1.56,12,Croplands
18,Assam,297,Nagaon,2664,Kaliabor,26.4743,92.6042,101.3,1.58,12,Croplands
18,Assam,297,Nagaon,2665,Kapili Pt.I,26.3813,92.6358,101.6,1.51,12,Croplands
18,Assam,297,Nagaon,2666,Kathiatoli,26.3701,92.5764,100.9,1.5,12,Croplands
18,Assam,297,Nagaon,2667,Khagarijan,26.3195,92.5273,100.3,1.46,12,Croplands
18,Assam,297,Nagaon,2668,Laokhowa,26.3177,92.6358,101.6,1.45,12,Croplands
18,Assam,297,Nagaon,2670,Moirabari Part,26.2637,92.6293,101.6,1.41,12,Croplands
18,Assam,297,Nagaon,2671,Pachim Kaliabor,26.2061,92.6678,102.0,1.36,12,Croplands
18,Assam,297,Nagaon,2672,Pakhimoria,26.2981,92.7033,102.4,1.44,12,Croplands
18,Assam,297,Nagaon,2673,Raha,26.2758,92.7586,103.1,1.42,12,Croplands
18,Assam,297,Nagaon,2674,Rupahi,26.2909,92.8316,104.0,1.43,12,Croplands
18,Assam,298,Nalbari,2677,Barigog Banbhag,26.4446,91.4986,88.0,1.56,12,Croplands
18,Assam,298,Nalbari,2678,Barkhetri,26.5221,91.5072,1324.6,13.27,4,Deciduous Broadleaf Forest
18,Assam,298,Nalbari,2680,Borbhag,26.5851,91.4024,1327.5,13.01,4,Deciduous Broadleaf Forest
18,Assam,298,Nalbari,2682,Madhupur,26.4681,91.3838,86.6,1.57,12,Croplands
18,Assam,298,Nalbari,2684,Paschim Nalbari,26.4016,91.3385,86.1,1.52,12,Croplands
18,Assam,298,Nalbari,2685,Pub Nalbari,26.3041,91.4024,86.8,1.44,12,Croplands
18,Assam,298,Nalbari,2687,Tihu,26.4023,91.4759,87.7,1.52,12,Croplands
18,Assam,299,Dima Hasao,2688,Diyang Valley,25.3773,93.0927,107.1,2.3,12,Croplands
18,Assam,299,Dima Hasao,2689,Diyungbra,25.4716,93.0668,106.8,2.38,12,Croplands
18,Assam,299,Dima Hasao,2690,Harangajao,25.4621,92.9038,104.8,2.37,12,Croplands
18,Assam,299,Dima Hasao,2691,Jatinga Valley,25.3456,92.9845,105.8,2.28,12,Croplands
18,Assam,299,Dima Hasao,2692,New Sangbar,25.2831,93.0668,106.8,2.23,12,Croplands
18,Assam,300,Sivasagar,2693,Amguri,26.9898,94.7007,1664.2,13.75,4,Deciduous Broadleaf Forest
18,Assam,300,Sivasagar,2694,Demow,27.0841,94.6744,1679.1,13.69,4,Deciduous Broadleaf Forest
18,Assam,300,Sivasagar,2695,Gaurisagar,27.0746,94.5092,1664.2,13.27,4,Deciduous Broadleaf Forest
18,Assam,300,Sivasagar,2697,Nazira,26.9581,94.591,1649.7,13.48,4,Deciduous Broadleaf Forest
18,Assam,300,Sivasagar,2699,Sivasagar,26.8956,94.6744,1645.2,13.69,4,Deciduous Broadleaf Forest
18,Assam,301,Sonitpur,2703,Balipara,26.784,92.7666,1472.4,16.42,4,Deciduous Broadleaf Forest
18,Assam,301,Sonitpur,2705,Bihaguri,26.8615,92.7753,1487.1,16.44,4,Deciduous Broadleaf Forest
18,Assam,301,Sonitpur,2707,Borchala,26.9245,92.6701,1490.0,16.18,4,Deciduous Broadleaf Forest
18,Assam,301,Sonitpur,2709,Dhekiajuli,26.8074,92.6515,1467.5,16.13,4,Deciduous Broadleaf Forest
18,Assam,301,Sonitpur,2710,Gabhoru,26.741,92.6061,1451.9,16.02,4,Deciduous Broadleaf Forest
18,Assam,301,Sonitpur,2711,Naduar,26.6435,92.6701,1439.4,16.18,4,Deciduous Broadleaf Forest
18,Assam,301,Sonitpur,2713,Rangapara,26.7417,92.7438,1463.0,16.36,4,Deciduous Broadleaf Forest
18,Assam,302,Tinsukia,2716,Guijan,27.4877,95.4178,1811.2,15.54,4,Deciduous Broadleaf Forest
18,Assam,302,Tinsukia,2717,Hapjan,27.5652,95.4265,1825.9,15.57,4,Deciduous Broadleaf Forest
18,Assam,302,Tinsukia,2718,Itakhuli,27.6282,95.3207,1828.7,15.3,4,Deciduous Broadleaf Forest
18,Assam,302,Tinsukia,2719,Kakopathar,27.5112,95.3019,1806.2,15.25,4,Deciduous Broadleaf Forest
18,Assam,302,Tinsukia,2720,Margherita,27.4447,95.2562,1790.5,15.14,4,Deciduous Broadleaf Forest
18,Assam,302,Tinsukia,2721,Sadiya,27.3472,95.3207,1778.2,15.3,4,Deciduous Broadleaf Forest
18,Assam,302,Tinsukia,2722,Saikhowa,27.4454,95.3948,1801.8,15.49,4,Deciduous Broadleaf Forest
18,Assam,612,Chirang,2502,Borobazar,26.6519,90.6874,1282.3,11.22,4,Deciduous Broadleaf Forest
18,Assam,612,Chirang,2504,Manikpur,26.751,90.6269,1295.3,11.07,4,Deciduous Broadleaf Forest
18,Assam,612,Chirang,2505,Sidli-Chirang,26.5979,90.6269,1267.8,11.07,4,Deciduous Broadleaf Forest
18,Assam,612,Chirang,7151,Manikpur Part,26.6519,90.4657,1264.6,10.66,4,Deciduous Broadleaf Forest
18,Assam,616,Baksa,2494,Gobardhana,26.6854,91.2439,1332.9,12.61,4,Deciduous Broadleaf Forest
18,Assam,616,Baksa,2496,Jalah,26.5452,91.1726,1301.9,12.43,4,Deciduous Broadleaf Forest
18,Assam,616,Baksa,2608,Goreswar,26.6472,91.1758,1320.6,12.44,4,Deciduous Broadleaf Forest
18,Assam,616,Baksa,2676,Barama,26.6472,91.3471,1334.3,12.87,4,Deciduous Broadleaf Forest
18,Assam,616,Baksa,2679,Baska,26.7172,91.365,1348.3,12.91,4,Deciduous Broadleaf Forest
18,Assam,616,Baksa,2681,Dhamdhama,26.7913,91.2866,1355.4,12.72,4,Deciduous Broadleaf Forest
18,Assam,616,Baksa,2683,Nagrijuli,26.5931,91.2866,1319.7,12.72,4,Deciduous Broadleaf Forest
18,Assam,616,Baksa,2686,Tamulpur,26.5771,91.365,1323.1,12.91,4,Deciduous Broadleaf Forest
18,Assam,617,Udalguri,6548,Odalguri,26.6699,92.0217,1392.3,14.55,4,Deciduous Broadleaf Forest
18,Assam,617,Udalguri,6549,Bhergaon,26.7983,92.1878,1428.7,14.97,4,Deciduous Broadleaf Forest
18,Assam,617,Udalguri,6550,Mazbat,26.7295,92.0363,1404.2,14.59,4,Deciduous Broadleaf Forest
18,Assam,617,Udalguri,6551,Rowta,26.6912,92.1878,1409.4,14.97,4,Deciduous Broadleaf Forest
18,Assam,617,Udalguri,6552,Kalaigaon,26.8196,92.0217,1419.3,14.55,4,Deciduous Broadleaf Forest
18,Assam,617,Udalguri,6553,Khoirabari,26.7854,91.9395,1406.5,14.35,4,Deciduous Broadleaf Forest
18,Assam,617,Udalguri,6554,Borsola,26.8759,92.1615,1440.6,14.9,4,Deciduous Broadleaf Forest
18,Assam,617,Udalguri,6555,Bechimari,26.7448,92.1549,1416.5,14.89,4,Deciduous Broadleaf Forest
18,Assam,617,Udalguri,6556,Dalgaon-Sialmari,26.7983,92.0858,1420.6,14.71,4,Deciduous Broadleaf Forest
18,Assam,617,Udalguri,6557,Pub-Mangaldai,26.6956,92.1196,1404.8,14.8,4,Deciduous Broadleaf Forest
18,Assam,617,Udalguri,6558,Paschim-Mangaldai,26.6021,92.0714,1384.1,14.68,4,Deciduous Broadleaf Forest
18,Assam,618,Kamrup Metro,2604,Chandrapur,26.2997,92.9376,105.3,1.44,12,Croplands
18,Assam,618,Kamrup Metro,2607,Dimoria,26.2006,92.7769,103.3,1.36,12,Croplands
18,Assam,618,Kamrup Metro,6560,Rani (Pt),26.1465,92.9376,105.3,1.32,12,Croplands
18,Assam,618,Kamrup Metro,6561,Bezera (Pt),26.2006,92.9978,106.0,1.36,12,Croplands
18,Assam,705,Biswanath,2702,Baghmara,26.784,92.7666,1472.4,16.42,4,Deciduous Broadleaf Forest
18,Assam,705,Biswanath,2704,Behali,26.8615,92.7753,1487.1,16.44,4,Deciduous Broadleaf Forest
18,Assam,705,Biswanath,2706,Biswanath,26.9245,92.6701,1490.0,16.18,4,Deciduous Broadleaf Forest
18,Assam,705,Biswanath,2708,Chaiduar,26.8074,92.6515,1467.5,16.13,4,Deciduous Broadleaf Forest
18,Assam,705,Biswanath,2712,Pub Chaiduar,26.741,92.6061,1451.9,16.02,4,Deciduous Broadleaf Forest
18,Assam,705,Biswanath,2714,Sakomatha,26.6435,92.6701,1439.4,16.18,4,Deciduous Broadleaf Forest
18,Assam,705,Biswanath,2715,Sootea,26.7417,92.7438,1463.0,16.36,4,Deciduous Broadleaf Forest
18,Assam,706,Majuli,2595,Majuli,26.7676,94.2671,1589.5,12.67,4,Deciduous Broadleaf Forest
18,Assam,706,Majuli,2598,Ujani Majuli,26.7676,94.0955,1575.8,12.24,4,Deciduous Broadleaf Forest
18,Assam,707,South Salmara Mancachar,2554,Fekamari,26.0257,90.0323,70.4,1.22,12,Croplands
18,Assam,707,South Salmara Mancachar,2559,Mankachar,26.1115,89.917,69.0,1.29,12,Croplands
18,Assam,707,South Salmara Mancachar,7482,South Salmara  Part,25.9009,89.8919,68.7,2.72,12,Croplands
18,Assam,708,Charaideo,2696,Lakuwa,26.9898,94.7007,1664.2,13.75,4,Deciduous Broadleaf Forest
18,Assam,708,Charaideo,2698,Sapekhati,27.0889,94.6401,1677.2,13.6,4,Deciduous Broadleaf Forest
18,Assam,708,Charaideo,2700,Sonari,26.9898,94.4783,1646.4,13.2,4,Deciduous Broadleaf Forest
18,Assam,708,Charaideo,2701,West Abhaipur,26.9358,94.6401,1649.7,13.6,4,Deciduous Broadleaf Forest
18,Assam,709,Hojai,2659,Binakandi,26.3495,92.7449,102.9,1.48,12,Croplands
18,Assam,709,Hojai,2660,Dhalpukhuri,26.4437,92.7188,102.6,1.55,12,Croplands
18,Assam,709,Hojai,2662,Jugijan,26.4342,92.5545,100.7,1.55,12,Croplands
18,Assam,709,Hojai,2669,Lumding,26.3177,92.6358,101.6,1.45,12,Croplands
18,Assam,709,Hojai,2675,Udali,26.2552,92.7188,102.6,1.4,12,Croplands
18,Assam,710,West Karbi Anglong,2616,Amri,26.0,93.5601,112.7,1.2,12,Croplands
18,Assam,710,West Karbi Anglong,2618,Chinthong,26.0991,93.5,112.0,1.28,12,Croplands
18,Assam,710,West Karbi Anglong,2623,Rongkhang,26.0,93.3396,110.1,1.2,12,Croplands
18,Assam,710,West Karbi Anglong,2626,Socheng,25.9459,93.5,112.0,2.76,12,Croplands
18,Assam,739,Bajali,2489,Bajali,26.3128,91.0628,82.8,1.45,12,Croplands
18,Assam,739,Bajali,2491,Bhabanipur,26.3986,90.9472,81.4,1.52,12,Croplands
18,Assam,739,Bajali,2494,Gobardhana,26.188,90.9221,81.1,1.35,12,Croplands
19,West Bengal,303,24 Paraganas North,2723,Amdanga,22.9868,87.9137,36.1,1.96,12,Croplands
19,West Bengal,303,24 Paraganas North,2724,Baduria,23.0147,87.9583,35.9,1.99,12,Croplands
19,West Bengal,303,24 Paraganas North,2725,Bagda,23.0647,87.9867,35.5,0.82,12,Croplands
19,West Bengal,303,24 Paraganas North,2726,Barasat-I,23.0277,87.8935,35.8,1.97,12,Croplands
19,West Bengal,303,24 Paraganas North,2727,Barasat-Ii,23.0769,87.8997,35.4,1.99,12,Croplands
19,West Bengal,303,24 Paraganas North,2728,Barrackpur-I,23.1295,87.8773,35.0,0.8,12,Croplands
19,West Bengal,303,24 Paraganas North,2729,Barrackpur-Ii,23.0403,87.8466,35.7,1.95,12,Croplands
19,West Bengal,303,24 Paraganas North,2730,Basirhat-I,23.0769,87.8103,35.4,1.95,12,Croplands
19,West Bengal,303,24 Paraganas North,2731,Basirhat-Ii,23.0957,87.7525,35.2,1.94,12,Croplands
19,West Bengal,303,24 Paraganas North,2732,Bongaon,23.016,87.8056,35.9,1.93,12,Croplands
19,West Bengal,303,24 Paraganas North,2733,Deganga,23.0147,87.7517,35.9,1.91,12,Croplands
19,West Bengal,303,24 Paraganas North,2734,Gaighata,22.9868,87.6984,36.1,1.87,12,Croplands
19,West Bengal,303,24 Paraganas North,2735,Habra-I,22.9716,87.7987,36.2,1.91,12,Croplands
19,West Bengal,303,24 Paraganas North,2736,Habra-Ii,22.9332,87.7644,36.5,1.88,12,Croplands
19,West Bengal,303,24 Paraganas North,2737,Haroa,22.8779,87.7525,37.0,1.85,12,Croplands
19,West Bengal,303,24 Paraganas North,2738,Hasnabad,22.9376,87.8306,36.5,1.91,12,Croplands
19,West Bengal,303,24 Paraganas North,2739,Hingalganj,22.8887,87.8397,36.9,1.89,12,Croplands
19,West Bengal,303,24 Paraganas North,2740,Minakhan,22.8441,87.8773,37.2,1.89,12,Croplands
19,West Bengal,303,24 Paraganas North,2741,Rajarhat,22.9376,87.8794,36.5,1.93,12,Croplands
19,West Bengal,303,24 Paraganas North,2742,Sandeshkhali-I,22.9119,87.9255,36.7,1.93,12,Croplands
19,West Bengal,303,24 Paraganas North,2743,Sandeshkhali-Ii,22.9089,87.9867,36.7,1.96,12,Croplands
19,West Bengal,303,24 Paraganas North,2744,Swarupnagar,22.9716,87.9113,36.2,1.95,13,Urban and Built-up Lands
19,West Bengal,304,24 Paraganas South,2745,Baruipur,22.9868,87.9137,36.1,1.96,12,Croplands
19,West Bengal,304,24 Paraganas South,2746,Basanti,23.0081,87.9601,35.9,1.99,12,Croplands
19,West Bengal,304,24 Paraganas South,2747,Bhangar-I,23.0473,87.9971,35.6,0.82,12,Croplands
19,West Bengal,304,24 Paraganas South,2748,Bhangar-Ii,23.0195,87.9017,35.8,1.97,12,Croplands
19,West Bengal,304,24 Paraganas South,2749,Bishnupur-I,23.0623,87.9247,35.5,1.99,12,Croplands
19,West Bengal,304,24 Paraganas South,2750,Bishnupur-Ii,23.1142,87.9283,35.1,0.82,12,Croplands
19,West Bengal,304,24 Paraganas South,2751,Budge Budge-I,23.0389,87.8707,35.7,1.96,12,Croplands
19,West Bengal,304,24 Paraganas South,2752,Budge Budge-Ii,23.0858,87.8608,35.3,1.98,12,Croplands
19,West Bengal,304,24 Paraganas South,2753,Canning-I,23.129,87.8297,35.0,1.98,12,Croplands
19,West Bengal,304,24 Paraganas South,2754,Canning-Ii,23.037,87.8333,35.7,1.95,12,Croplands
19,West Bengal,304,24 Paraganas South,2755,Diamond Harbour-I,23.0688,87.7946,35.4,1.95,12,Croplands
19,West Bengal,304,24 Paraganas South,2756,Diamond Harbour-Ii,23.0859,87.7413,35.3,1.93,12,Croplands
19,West Bengal,304,24 Paraganas South,2757,Falta,23.0147,87.8047,35.9,1.93,12,Croplands
19,West Bengal,304,24 Paraganas South,2758,Gosaba,23.0184,87.753,35.9,1.91,12,Croplands
19,West Bengal,304,24 Paraganas South,2759,Jaynagar-I,23.0024,87.6993,36.0,1.88,13,Urban and Built-up Lands
19,West Bengal,304,24 Paraganas South,2760,Jaynagar-Ii,22.981,87.7966,36.2,1.91,13,Urban and Built-up Lands
19,West Bengal,304,24 Paraganas South,2761,Kak Dwip,22.9552,87.753,36.4,1.88,12,Croplands
19,West Bengal,304,24 Paraganas South,2762,Kulpi,22.9125,87.7208,36.7,1.85,12,Croplands
19,West Bengal,304,24 Paraganas South,2763,Kultali,22.9496,87.8124,36.4,1.9,12,Croplands
19,West Bengal,304,24 Paraganas South,2764,Magra Hat-I,22.9048,87.7946,36.8,1.88,12,Croplands
19,West Bengal,304,24 Paraganas South,2765,Magra Hat-Ii,22.8529,87.797,37.2,1.86,12,Croplands
19,West Bengal,304,24 Paraganas South,2766,Mandirbazar,22.9335,87.8455,36.5,1.91,12,Croplands
19,West Bengal,304,24 Paraganas South,2767,Mathurapur I,22.8878,87.8608,36.9,1.9,12,Croplands
19,West Bengal,304,24 Paraganas South,2768,Mathurapur-Ii,22.8479,87.8969,37.2,1.9,12,Croplands
19,West Bengal,304,24 Paraganas South,2769,Namkhana,22.939,87.8825,36.5,1.93,12,Croplands
19,West Bengal,304,24 Paraganas South,2770,Pathar Pratima,22.9113,87.9247,36.7,1.93,12,Croplands
19,West Bengal,304,24 Paraganas South,2771,Sagar,22.8996,87.9797,36.8,1.95,12,Croplands
19,West Bengal,304,24 Paraganas South,2772,Sonarpur,22.9641,87.9083,36.3,1.95,12,Croplands
19,West Bengal,304,24 Paraganas South,2773,Thakurpukur Mahestola,22.9655,87.9601,36.3,1.97,12,Croplands
19,West Bengal,305,Bankura,2774,Bankura-I,23.2324,87.1304,34.1,1.75,12,Croplands
19,West Bengal,305,Bankura,2775,Bankura-Ii,23.2603,87.1751,33.9,1.77,12,Croplands
19,West Bengal,305,Bankura,2776,Barjora,23.3103,87.2036,33.5,1.81,12,Croplands
19,West Bengal,305,Bankura,2777,Chhatna,23.2733,87.1101,33.8,1.75,12,Croplands
19,West Bengal,305,Bankura,2778,Gangajal Ghati,23.3226,87.1164,33.4,1.78,12,Croplands
19,West Bengal,305,Bankura,2779,Hirbandh,23.3751,87.0939,33.0,1.79,12,Croplands
19,West Bengal,305,Bankura,2780,Indpur,23.2859,87.0632,33.7,1.74,12,Croplands
19,West Bengal,305,Bankura,2781,Indus,23.3226,87.0268,33.4,1.74,12,Croplands
19,West Bengal,305,Bankura,2782,Jaypur,23.3413,86.9689,33.3,1.72,12,Croplands
19,West Bengal,305,Bankura,2783,Khatra-I,23.2616,87.0221,33.9,1.71,12,Croplands
19,West Bengal,305,Bankura,2784,Kotulpur,23.2603,86.9681,33.9,1.69,12,Croplands
19,West Bengal,305,Bankura,2785,Mejhia,23.2324,86.9147,34.1,1.66,12,Croplands
19,West Bengal,305,Bankura,2786,Onda,23.2172,87.0152,34.3,1.69,12,Croplands
19,West Bengal,305,Bankura,2787,Patrasayer,23.1788,86.9809,34.6,1.66,12,Croplands
19,West Bengal,305,Bankura,2788,Raipur-I,23.1235,86.9689,35.0,1.64,12,Croplands
19,West Bengal,305,Bankura,2789,Ranibundh,23.1832,87.0472,34.5,1.69,12,Croplands
19,West Bengal,305,Bankura,2790,Saltora,23.1343,87.0563,34.9,1.68,12,Croplands
19,West Bengal,305,Bankura,2791,Sarenga,23.0897,87.0939,35.3,1.67,12,Croplands
19,West Bengal,305,Bankura,2792,Simlapal,23.1832,87.096,34.5,1.71,12,Croplands
19,West Bengal,305,Bankura,2793,Sonamukhi,23.1575,87.1422,34.7,1.72,12,Croplands
19,West Bengal,305,Bankura,2794,Taldangra,23.1545,87.2036,34.8,1.74,12,Croplands
19,West Bengal,305,Bankura,2795,Vishnupur,23.2172,87.128,34.3,1.74,12,Croplands
19,West Bengal,306,Purba Bardhaman,2796,Ausgram-I,23.3572,88.0109,33.1,0.95,12,Croplands
19,West Bengal,306,Purba Bardhaman,2797,Ausgram-Ii,23.3839,88.056,32.9,0.98,12,Croplands
19,West Bengal,306,Purba Bardhaman,2799,Bhatar,23.4321,88.0862,32.5,1.01,12,Croplands
19,West Bengal,306,Purba Bardhaman,2800,Burdwan-I,23.3967,87.9922,32.8,0.96,12,Croplands
19,West Bengal,306,Purba Bardhaman,2801,Burdwan-Ii,23.4452,88.0017,32.4,0.98,12,Croplands
19,West Bengal,306,Purba Bardhaman,2803,Galsi -I,23.4983,87.984,32.0,0.99,12,Croplands
19,West Bengal,306,Purba Bardhaman,2804,Galsi-Ii,23.4111,87.948,32.7,0.94,12,Croplands
19,West Bengal,306,Purba Bardhaman,2805,Jamal Pur,23.4506,87.9159,32.4,0.95,12,Croplands
19,West Bengal,306,Purba Bardhaman,2807,Kalna Ii,23.3913,87.9064,32.9,0.92,12,Croplands
19,West Bengal,306,Purba Bardhaman,2808,Kalna-I,23.475,87.8615,32.2,0.93,12,Croplands
19,West Bengal,306,Purba Bardhaman,2810,Katwa-I,23.3967,87.853,32.8,0.9,12,Croplands
19,West Bengal,306,Purba Bardhaman,2811,Katwa-Ii,23.3768,87.7965,33.0,0.87,12,Croplands
19,West Bengal,306,Purba Bardhaman,2812,Ketugram-Ii,23.3177,87.853,33.5,0.87,12,Croplands
19,West Bengal,306,Purba Bardhaman,2813,Ketugram_I,23.3499,87.8937,33.2,0.9,12,Croplands
19,West Bengal,306,Purba Bardhaman,2814,Khandaghosh,23.2662,87.8303,33.9,0.84,12,Croplands
19,West Bengal,306,Purba Bardhaman,2815,Mangolkote,23.3131,87.9181,33.5,0.89,12,Croplands
19,West Bengal,306,Purba Bardhaman,2816,Manteswar,23.2638,87.9159,33.9,0.87,12,Croplands
19,West Bengal,306,Purba Bardhaman,2817,Memari-1,23.2134,87.9413,34.3,0.86,12,Croplands
19,West Bengal,306,Purba Bardhaman,2818,Memari-Ii,23.3043,87.964,33.6,0.91,12,Croplands
19,West Bengal,306,Purba Bardhaman,2821,Purbasthali-I,23.2692,88.0017,33.8,0.91,12,Croplands
19,West Bengal,306,Purba Bardhaman,2822,Purbasthali-Ii,23.2519,88.0592,34.0,0.92,12,Croplands
19,West Bengal,306,Purba Bardhaman,2823,Raina-I,23.3291,88.0024,33.4,0.93,12,Croplands
19,West Bengal,306,Purba Bardhaman,2824,Raina-Ii,23.3305,88.056,33.4,0.95,12,Croplands
19,West Bengal,307,Birbhum,2827,Bolpur-Sriniketan,23.9537,87.7247,28.4,1.07,12,Croplands
19,West Bengal,307,Birbhum,2828,Dubrajpur,23.9859,87.7681,28.1,1.1,12,Croplands
19,West Bengal,307,Birbhum,2829,Illambazar,24.0423,87.79,27.7,1.13,12,Croplands
19,West Bengal,307,Birbhum,2830,Khoyrasol,23.999,87.6979,28.0,1.08,12,Croplands
19,West Bengal,307,Birbhum,2831,Labpur,24.0498,87.6922,27.6,1.1,12,Croplands
19,West Bengal,307,Birbhum,2832,Mayureswar-I,24.0974,87.6525,27.2,1.1,12,Croplands
19,West Bengal,307,Birbhum,2833,Mayureswar-Ii,24.0032,87.6418,28.0,1.06,12,Croplands
19,West Bengal,307,Birbhum,2834,Mohammad Bazar,24.0266,87.5921,27.8,1.05,12,Croplands
19,West Bengal,307,Birbhum,2835,Murarai-I,24.0223,87.5268,27.8,1.02,12,Croplands
19,West Bengal,307,Birbhum,2836,Murarai-Ii,23.9626,87.6072,28.3,1.03,12,Croplands
19,West Bengal,307,Birbhum,2837,Nalhati-I,23.9374,87.5586,28.5,1.0,12,Croplands
19,West Bengal,307,Birbhum,2838,Nalhati-Ii,23.8851,87.5268,28.9,0.96,12,Croplands
19,West Bengal,307,Birbhum,2839,Nanoor,23.9139,87.6255,28.7,1.02,12,Croplands
19,West Bengal,307,Birbhum,2840,Rajnagar,23.863,87.622,29.1,0.99,13,Urban and Built-up Lands
19,West Bengal,307,Birbhum,2841,Rampurhat-I,23.8101,87.6525,29.5,0.99,12,Croplands
19,West Bengal,307,Birbhum,2842,Rampurhat-Ii,23.9013,87.6801,28.8,1.03,12,Croplands
19,West Bengal,307,Birbhum,2843,Sainthia,23.8708,87.7249,29.0,1.04,12,Croplands
19,West Bengal,307,Birbhum,2844,Suri-I,23.8652,87.79,29.1,1.06,12,Croplands
19,West Bengal,307,Birbhum,2845,Suri-Ii,23.9362,87.7215,28.5,1.06,12,Croplands
19,West Bengal,308,Coochbehar,2846,Cooch Behar Ii,26.3692,89.5503,9.0,1.57,12,Croplands
19,West Bengal,308,Coochbehar,2847,Coochbehar I,26.3196,89.5148,9.4,1.53,12,Croplands
19,West Bengal,308,Coochbehar,2848,Dinhata-I,26.4445,89.5349,8.4,1.59,12,Croplands
19,West Bengal,308,Coochbehar,2849,Dinhata-Ii,26.3737,89.4545,9.0,1.53,12,Croplands
19,West Bengal,308,Coochbehar,2850,Haldibari,26.4054,89.3993,8.8,1.52,12,Croplands
19,West Bengal,308,Coochbehar,2851,Mathabhanga Ii,26.3196,89.3942,9.4,1.49,12,Croplands
19,West Bengal,308,Coochbehar,2852,Mathabhanga-I,26.3917,89.3153,8.9,1.48,12,Croplands
19,West Bengal,308,Coochbehar,2853,Mekliganj,26.2701,89.3588,9.8,1.45,12,Croplands
19,West Bengal,308,Coochbehar,2854,Sitai,26.1948,89.3741,10.4,1.43,12,Croplands
19,West Bengal,308,Coochbehar,2855,Sitalkuchi,26.2656,89.4545,9.9,1.49,12,Croplands
19,West Bengal,308,Coochbehar,2856,Tufanganj-I,26.2338,89.5098,10.1,1.5,12,Croplands
19,West Bengal,308,Coochbehar,2857,Tufanganj-Ii,26.2475,89.5938,10.0,1.54,12,Croplands
19,West Bengal,309,Darjeeling,2858,Darjeeling-Pulbazar,27.0394,88.3245,5.0,1.35,12,Croplands
19,West Bengal,309,Darjeeling,2860,Jore Bunglow-Sukiapokhri,27.1031,88.3491,5.0,1.38,12,Croplands
19,West Bengal,309,Darjeeling,2863,Kharibari,27.1813,88.2919,5.0,1.39,12,Croplands
19,West Bengal,309,Darjeeling,2864,Kurseong,27.0862,88.2335,5.0,1.33,12,Croplands
19,West Bengal,309,Darjeeling,2865,Matigara,27.0733,88.1593,5.0,1.29,12,Croplands
19,West Bengal,309,Darjeeling,2866,Mirik,26.9901,88.1117,5.0,1.24,12,Croplands
19,West Bengal,309,Darjeeling,2867,Naxal Bari,26.9926,88.2335,5.0,1.29,12,Croplands
19,West Bengal,309,Darjeeling,2868,Phansidewa,26.9418,88.2831,5.0,1.29,12,Croplands
19,West Bengal,309,Darjeeling,2869,Rangli Rangliot,26.9467,88.3878,5.0,1.33,12,Croplands
19,West Bengal,310,Dinajpur Dakshin,2870,Balurghat,25.3665,88.6338,17.1,0.8,12,Croplands
19,West Bengal,310,Dinajpur Dakshin,2871,Bansihari,25.4366,88.6515,16.5,0.84,12,Croplands
19,West Bengal,310,Dinajpur Dakshin,2872,Gangarampur,25.5106,88.574,15.9,0.83,12,Croplands
19,West Bengal,310,Dinajpur Dakshin,2873,Harirampur,25.4047,88.5317,16.8,1.97,12,Croplands
19,West Bengal,310,Dinajpur Dakshin,2874,Hili,25.3665,88.4643,17.1,1.93,12,Croplands
19,West Bengal,310,Dinajpur Dakshin,2875,Kumarganj,25.2646,88.4612,17.9,1.89,12,Croplands
19,West Bengal,310,Dinajpur Dakshin,2876,Kushmandi,25.3124,88.574,17.5,1.95,12,Croplands
19,West Bengal,310,Dinajpur Dakshin,2877,Tapan,25.2964,88.6515,17.6,1.98,12,Croplands
19,West Bengal,311,Dinajpur Uttar,2878,Chopra,25.9403,88.0472,12.5,2.0,12,Croplands
19,West Bengal,311,Dinajpur Uttar,2879,Goalpokhar Ii,26.0823,88.0149,11.3,0.84,12,Croplands
19,West Bengal,311,Dinajpur Uttar,2880,Goalpokhar-I,26.004,88.0715,12.0,0.83,12,Croplands
19,West Bengal,311,Dinajpur Uttar,2881,Hemtabad,25.9871,87.957,12.1,1.98,12,Croplands
19,West Bengal,311,Dinajpur Uttar,2882,Islampur,25.9742,87.8835,12.2,1.94,12,Croplands
19,West Bengal,311,Dinajpur Uttar,2883,Itahar,25.891,87.8364,12.9,1.89,12,Croplands
19,West Bengal,311,Dinajpur Uttar,2884,Kaliaganj,25.8935,87.957,12.9,1.94,12,Croplands
19,West Bengal,311,Dinajpur Uttar,2885,Karandighi,25.8427,88.0062,13.3,1.94,12,Croplands
19,West Bengal,311,Dinajpur Uttar,2886,Raiganj,25.8477,88.1098,13.2,1.98,12,Croplands
19,West Bengal,312,Hooghly,2887,Arambagh,22.9088,88.4554,36.7,0.95,12,Croplands
19,West Bengal,312,Hooghly,2888,Balagarh,22.9427,88.4978,36.5,0.98,12,Croplands
19,West Bengal,312,Hooghly,2889,Chanditala-I,23.0014,88.5166,36.0,1.01,12,Croplands
19,West Bengal,312,Hooghly,2890,Chanditala-Ii,22.9556,88.4261,36.4,0.95,12,Croplands
19,West Bengal,312,Hooghly,2891,Chinsurah-Magrah,23.0064,88.4154,35.9,0.97,12,Croplands
19,West Bengal,312,Hooghly,2892,Dhaniakhali,23.0507,88.3696,35.6,0.97,12,Croplands
19,West Bengal,312,Hooghly,2893,Goghat-I,22.9556,88.3674,36.4,0.93,12,Croplands
19,West Bengal,312,Hooghly,2894,Goghat-Ii,22.9725,88.3143,36.2,0.91,12,Croplands
19,West Bengal,312,Hooghly,2895,Haripal,22.9581,88.2497,36.3,0.88,12,Croplands
19,West Bengal,312,Hooghly,2896,Jangipara,22.9088,88.3381,36.7,0.9,12,Croplands
19,West Bengal,312,Hooghly,2897,Khanakul-I,22.8749,88.2956,37.0,0.87,12,Croplands
19,West Bengal,312,Hooghly,2898,Khanakul-Ii,22.8161,88.2769,37.5,0.84,12,Croplands
19,West Bengal,312,Hooghly,2899,Pandua,22.862,88.3674,37.1,0.89,12,Croplands
19,West Bengal,312,Hooghly,2900,Polba-Dadpur,22.8112,88.3781,37.5,0.88,12,Croplands
19,West Bengal,312,Hooghly,2901,Pursurah,22.7668,88.4239,37.9,0.88,12,Croplands
19,West Bengal,312,Hooghly,2902,Singur,22.862,88.4261,37.1,0.92,12,Croplands
19,West Bengal,312,Hooghly,2903,Sirampur-Uttarpara,22.8451,88.4792,37.2,0.93,12,Croplands
19,West Bengal,312,Hooghly,2904,Tarakeswar,22.8595,88.5438,37.1,0.96,12,Croplands
19,West Bengal,313,Howrah,2905,Amta-I,22.5963,88.3146,39.2,1.96,12,Croplands
19,West Bengal,313,Howrah,2906,Amta-Ii,22.6393,88.3528,38.9,2.0,12,Croplands
19,West Bengal,313,Howrah,2907,Bagnan-I,22.709,88.3534,38.3,0.82,12,Croplands
19,West Bengal,313,Howrah,2908,Bagnan-Ii,22.649,88.2691,38.8,1.97,12,Croplands
19,West Bengal,313,Howrah,2909,Bally-Jagacha,22.6929,88.2322,38.5,1.97,12,Croplands
19,West Bengal,313,Howrah,2910,Domjur,22.709,88.1587,38.3,1.95,12,Croplands
19,West Bengal,313,Howrah,2911,Jagatballavpur,22.6198,88.2033,39.0,1.93,12,Croplands
19,West Bengal,313,Howrah,2912,Panchla,22.5963,88.1487,39.2,1.9,12,Croplands
19,West Bengal,313,Howrah,2913,Sankrail,22.5338,88.1154,39.7,1.86,12,Croplands
19,West Bengal,313,Howrah,2914,Shyampur-I,22.554,88.2196,39.6,1.91,12,Croplands
19,West Bengal,313,Howrah,2915,Shyampur-Ii,22.4997,88.2322,40.0,1.89,12,Croplands
19,West Bengal,313,Howrah,2916,Udaynarayanpur,22.4558,88.2908,40.4,1.9,12,Croplands
19,West Bengal,313,Howrah,2917,Uluberia-I,22.554,88.2926,39.6,1.94,12,Croplands
19,West Bengal,313,Howrah,2918,Uluberia-Ii,22.5533,88.3528,39.6,1.96,12,Croplands
19,West Bengal,314,Jalpaiguri,2921,Dhupguri,26.5804,88.8182,7.4,1.36,12,Croplands
19,West Bengal,314,Jalpaiguri,2923,Jalpaiguri,26.6586,88.7613,6.7,1.37,12,Croplands
19,West Bengal,314,Jalpaiguri,2927,Mal,26.5506,88.6293,7.6,1.27,12,Croplands
19,West Bengal,314,Jalpaiguri,2928,Matiali,26.4674,88.582,8.3,1.22,12,Croplands
19,West Bengal,314,Jalpaiguri,2929,Maynaguri,26.4699,88.7031,8.2,1.27,12,Croplands
19,West Bengal,314,Jalpaiguri,2930,Nagrakata,26.4191,88.7526,8.6,1.27,12,Croplands
19,West Bengal,314,Jalpaiguri,2931,Rajganj,26.424,88.8567,8.6,1.31,12,Croplands
19,West Bengal,314,Jalpaiguri,7483,Banarhat,26.5167,88.7937,7.9,1.32,12,Croplands
19,West Bengal,314,Jalpaiguri,7484,Kranti,26.5635,88.7031,7.5,1.31,12,Croplands
19,West Bengal,316,Maldah,2932,Bamongola,25.0202,88.2112,19.8,1.69,12,Croplands
19,West Bengal,316,Maldah,2933,Chanchal-I,25.0605,88.2514,19.5,1.72,12,Croplands
19,West Bengal,316,Maldah,2934,Chanchal-Ii,25.1273,88.2579,19.0,1.75,12,Croplands
19,West Bengal,316,Maldah,2935,English Bazar,25.0716,88.1699,19.4,1.7,12,Croplands
19,West Bengal,316,Maldah,2936,Gazole,25.1188,88.1401,19.0,1.7,12,Croplands
19,West Bengal,316,Maldah,2937,Habibpur,25.145,88.072,18.8,1.69,12,Croplands
19,West Bengal,316,Maldah,2938,Harishchandrapur-I,25.052,88.1032,19.6,1.66,12,Croplands
19,West Bengal,316,Maldah,2939,Harishchandrapur-Ii,25.0408,88.0445,19.7,1.63,12,Croplands
19,West Bengal,316,Maldah,2940,Kaliachak-I,24.9902,87.9959,20.1,1.59,12,Croplands
19,West Bengal,316,Maldah,2941,Kaliachak-Ii,24.9884,88.1032,20.1,1.64,12,Croplands
19,West Bengal,316,Maldah,2942,Kaliachak-Iii,24.9344,88.0968,20.5,1.61,12,Croplands
19,West Bengal,316,Maldah,2943,Manikchak,24.8768,88.1349,21.0,1.6,12,Croplands
19,West Bengal,316,Maldah,2944,Old Malda,24.9688,88.1699,20.2,1.66,12,Croplands
19,West Bengal,316,Maldah,2945,Ratua-I,24.9466,88.2247,20.4,1.67,12,Croplands
19,West Bengal,316,Maldah,2946,Ratua-Ii,24.9616,88.2968,20.3,1.7,12,Croplands
19,West Bengal,317,Medinipur East,2947,Bhagawanpur-I,22.0325,87.838,43.7,1.55,12,Croplands
19,West Bengal,317,Medinipur East,2948,Bhagawanpur-Ii,22.0572,87.8832,43.5,1.58,12,Croplands
19,West Bengal,317,Medinipur East,2949,Chandipur,22.102,87.9159,43.2,1.61,12,Croplands
19,West Bengal,317,Medinipur East,2950,Contai-I,22.0695,87.8222,43.4,1.56,12,Croplands
19,West Bengal,317,Medinipur East,2951,Contai-Iii,22.1162,87.8369,43.1,1.58,12,Croplands
19,West Bengal,317,Medinipur East,2952,Deshapran,22.1696,87.8277,42.6,1.6,12,Croplands
19,West Bengal,317,Medinipur East,2953,Egra-I,22.0865,87.7833,43.3,1.55,12,Croplands
19,West Bengal,317,Medinipur East,2954,Egra-Ii,22.1299,87.7596,43.0,1.56,12,Croplands
19,West Bengal,317,Medinipur East,2955,Haldia,22.163,87.7134,42.7,1.55,12,Croplands
19,West Bengal,317,Medinipur East,2956,Khejuri-I,22.0742,87.7425,43.4,1.53,12,Croplands
19,West Bengal,317,Medinipur East,2957,Khejuri-Ii,22.0908,87.6932,43.3,1.51,12,Croplands
19,West Bengal,317,Medinipur East,2958,Kolaghat,22.0856,87.6351,43.3,1.49,12,Croplands
19,West Bengal,317,Medinipur East,2959,Mahishadal,22.0393,87.7218,43.7,1.5,12,Croplands
19,West Bengal,317,Medinipur East,2960,Moyna,22.0201,87.6736,43.8,1.48,12,Croplands
19,West Bengal,317,Medinipur East,2961,Nandakumar,21.9795,87.6351,44.2,1.45,12,Croplands
19,West Bengal,317,Medinipur East,2962,Nandigram-I,22.0008,87.7325,44.0,1.49,12,Croplands
19,West Bengal,317,Medinipur East,2963,Nandigram-Ii,21.9562,87.7115,44.4,1.47,12,Croplands
19,West Bengal,317,Medinipur East,2964,Panskura-I,21.9021,87.7134,44.8,1.45,12,Croplands
19,West Bengal,317,Medinipur East,2965,Patashpur-I,21.9794,87.7687,44.2,1.5,12,Croplands
19,West Bengal,317,Medinipur East,2966,Patashpur-Ii,21.9336,87.7864,44.5,1.49,12,Croplands
19,West Bengal,317,Medinipur East,2967,Ramnagar-I,21.8954,87.8277,44.8,1.49,13,Urban and Built-up Lands
19,West Bengal,317,Medinipur East,2968,Ramnagar-Ii,21.9869,87.8109,44.1,1.52,13,Urban and Built-up Lands
19,West Bengal,317,Medinipur East,2969,Shahid Matangini,21.9647,87.8576,44.3,1.53,12,Croplands
19,West Bengal,317,Medinipur East,2970,Sutahata,21.9631,87.9159,44.3,1.55,12,Croplands
19,West Bengal,317,Medinipur East,2971,Tamluk,22.0191,87.8361,43.8,1.54,12,Croplands
19,West Bengal,318,Medinipur West,2974,Chandrakona-I,22.44,87.4754,40.5,1.57,12,Croplands
19,West Bengal,318,Medinipur West,2975,Chandrakona-Ii,22.4692,87.5194,40.2,1.6,12,Croplands
19,West Bengal,318,Medinipur West,2976,Dantan-I,22.5212,87.5458,39.8,1.63,12,Croplands
19,West Bengal,318,Medinipur West,2977,Dantan-Ii,22.4822,87.4534,40.1,1.57,12,Croplands
19,West Bengal,318,Medinipur West,2978,Daspur-I,22.5322,87.4561,39.7,1.6,12,Croplands
19,West Bengal,318,Medinipur West,2979,Daspur-Ii,22.5837,87.4286,39.3,1.6,12,Croplands
19,West Bengal,318,Medinipur West,2980,Debra,22.4927,87.4039,40.1,1.56,12,Croplands
19,West Bengal,318,Medinipur West,2981,Garbeta-I,22.5258,87.3633,39.8,1.56,12,Croplands
19,West Bengal,318,Medinipur West,2982,Garbeta-Ii,22.538,87.3026,39.7,1.54,12,Croplands
19,West Bengal,318,Medinipur West,2983,Garbeta-Iii,22.4634,87.3642,40.3,1.53,12,Croplands
19,West Bengal,318,Medinipur West,2984,Ghatal,22.4547,87.3109,40.4,1.51,12,Croplands
19,West Bengal,318,Medinipur West,2989,Keshiary,22.4185,87.2627,40.7,1.47,12,Croplands
19,West Bengal,318,Medinipur West,2990,Keshpur,22.4165,87.3642,40.7,1.51,12,Croplands
19,West Bengal,318,Medinipur West,2991,Kharagpur-I,22.3725,87.3383,41.0,1.48,12,Croplands
19,West Bengal,318,Medinipur West,2992,Kharagpur-Ii,22.3151,87.3389,41.5,1.46,12,Croplands
19,West Bengal,318,Medinipur West,2993,Midnapore,22.3873,87.4039,40.9,1.52,12,Croplands
19,West Bengal,318,Medinipur West,2994,Mohanpur,22.3411,87.4249,41.3,1.51,12,Croplands
19,West Bengal,318,Medinipur West,2995,Narayangarh,22.3058,87.4739,41.6,1.51,12,Croplands
19,West Bengal,318,Medinipur West,2997,Pingla,22.3977,87.4534,40.8,1.54,12,Croplands
19,West Bengal,318,Medinipur West,2998,Sabang,22.3841,87.5055,40.9,1.56,12,Croplands
19,West Bengal,318,Medinipur West,2999,Salbani,22.3975,87.5659,40.8,1.59,12,Croplands
19,West Bengal,319,Murshidabad,3001,Beldanga-I,24.1761,88.3322,26.6,1.4,12,Croplands
19,West Bengal,319,Murshidabad,3002,Beldanga-Ii,24.1998,88.3784,26.4,1.43,12,Croplands
19,West Bengal,319,Murshidabad,3003,Berhampore,24.2431,88.4129,26.1,1.46,12,Croplands
19,West Bengal,319,Murshidabad,3004,Bhagabangola-Ii,24.2119,88.3173,26.3,1.41,12,Croplands
19,West Bengal,319,Murshidabad,3005,Bhagawangola-I,24.2576,88.3347,25.9,1.44,12,Croplands
19,West Bengal,319,Murshidabad,3006,Bharatpur-I,24.3109,88.329,25.5,1.46,12,Croplands
19,West Bengal,319,Murshidabad,3007,Bharatpur-Ii,24.2297,88.2801,26.2,1.4,12,Croplands
19,West Bengal,319,Murshidabad,3008,Burwan,24.2745,88.2599,25.8,1.41,12,Croplands
19,West Bengal,319,Murshidabad,3009,Domkal,24.3109,88.2169,25.5,1.41,12,Croplands
19,West Bengal,319,Murshidabad,3010,Farakka,24.2206,88.2393,26.2,1.38,12,Croplands
19,West Bengal,319,Murshidabad,3011,Hariharpara,24.2418,88.1917,26.1,1.37,12,Croplands
19,West Bengal,319,Murshidabad,3012,Jalangi,24.2431,88.1331,26.1,1.35,12,Croplands
19,West Bengal,319,Murshidabad,3013,Kandi,24.189,88.2154,26.5,1.36,12,Croplands
19,West Bengal,319,Murshidabad,3014,Khargram,24.1761,88.1643,26.6,1.34,12,Croplands
19,West Bengal,319,Murshidabad,3015,Lalgola,24.1416,88.1195,26.9,1.3,12,Croplands
19,West Bengal,319,Murshidabad,3016,Murshidabad-Jiagunj,24.151,88.2205,26.8,1.35,12,Croplands
19,West Bengal,319,Murshidabad,3017,Nabagram,24.1104,88.1917,27.1,1.32,12,Croplands
19,West Bengal,319,Murshidabad,3018,Nawda,24.0575,88.1832,27.5,1.3,12,Croplands
19,West Bengal,319,Murshidabad,3019,Raghunathganj-I,24.1255,88.2519,27.0,1.35,12,Croplands
19,West Bengal,319,Murshidabad,3020,Raghunathganj-Ii,24.0777,88.2599,27.4,1.34,12,Croplands
19,West Bengal,319,Murshidabad,3021,Raninagar-I,24.033,88.292,27.7,1.33,13,Urban and Built-up Lands
19,West Bengal,319,Murshidabad,3022,Raninagar-Ii,24.1255,88.294,27.0,1.37,13,Urban and Built-up Lands
19,West Bengal,319,Murshidabad,3023,Sagardighi,24.0945,88.3347,27.2,1.37,12,Croplands
19,West Bengal,319,Murshidabad,3024,Shamsherganj,24.0805,88.3912,27.4,1.39,12,Croplands
19,West Bengal,319,Murshidabad,3025,Suti-I,24.151,88.3254,26.8,1.39,12,Croplands
19,West Bengal,319,Murshidabad,3026,Suti-Ii,24.1524,88.3784,26.8,1.41,12,Croplands
19,West Bengal,320,Nadia,3027,Chakdah,23.4747,88.5751,32.2,1.22,12,Croplands
19,West Bengal,320,Nadia,3028,Chapra,23.5086,88.6177,31.9,1.25,12,Croplands
19,West Bengal,320,Nadia,3029,Hanskhali,23.5674,88.6366,31.5,1.28,12,Croplands
19,West Bengal,320,Nadia,3030,Haringhata,23.5215,88.5456,31.8,1.23,12,Croplands
19,West Bengal,320,Nadia,3031,Kaliganj,23.5723,88.5349,31.4,1.24,12,Croplands
19,West Bengal,320,Nadia,3032,Karimpur-1,23.5215,88.4867,31.8,1.2,12,Croplands
19,West Bengal,320,Nadia,3033,Karimpur-Ii,23.5384,88.4334,31.7,1.19,12,Croplands
19,West Bengal,320,Nadia,3034,Krishnaganj,23.524,88.3685,31.8,1.16,12,Croplands
19,West Bengal,320,Nadia,3035,Krishnagar-I,23.4747,88.4572,32.2,1.17,13,Urban and Built-up Lands
19,West Bengal,320,Nadia,3036,Krishnagar-Ii,23.4408,88.4147,32.5,1.14,13,Urban and Built-up Lands
19,West Bengal,320,Nadia,3037,Nabadwip,23.382,88.3958,32.9,1.11,12,Croplands
19,West Bengal,320,Nadia,3038,Nakashipara,23.4279,88.4867,32.6,1.17,12,Croplands
19,West Bengal,320,Nadia,3039,Ranaghat-I,23.3771,88.4974,33.0,1.15,12,Croplands
19,West Bengal,320,Nadia,3040,Ranaghat-Ii,23.3327,88.5435,33.3,1.15,12,Croplands
19,West Bengal,320,Nadia,3041,Santipur,23.4279,88.5456,32.6,1.19,12,Croplands
19,West Bengal,320,Nadia,3042,Tehatta-I,23.411,88.5989,32.7,1.2,12,Croplands
19,West Bengal,320,Nadia,3043,Tehatta-Ii,23.4254,88.6639,32.6,1.24,12,Croplands
19,West Bengal,320,Nadia,7115,Kalyani,23.6167,88.4889,31.1,1.24,12,Croplands
19,West Bengal,321,Purulia,3044,Arsha,23.333,86.4258,33.3,1.5,12,Croplands
19,West Bengal,321,Purulia,3045,Bagmundi,23.3636,86.4696,33.1,1.53,12,Croplands
19,West Bengal,321,Purulia,3046,Balarampur,23.4177,86.494,32.7,1.56,12,Croplands
19,West Bengal,321,Purulia,3047,Barabazar,23.3767,86.4016,33.0,1.51,12,Croplands
19,West Bengal,321,Purulia,3048,Bundwan,23.4272,86.4003,32.6,1.53,12,Croplands
19,West Bengal,321,Purulia,3049,Hura,23.4771,86.367,32.2,1.54,12,Croplands
19,West Bengal,321,Purulia,3050,Jaipur,23.3844,86.3488,32.9,1.49,12,Croplands
19,West Bengal,321,Purulia,3051,Jhalda-I,23.4132,86.3035,32.7,1.49,12,Croplands
19,West Bengal,321,Purulia,3052,Jhalda-Ii,23.4177,86.24,32.7,1.46,12,Croplands
19,West Bengal,321,Purulia,3053,Kashipur,23.3497,86.311,33.2,1.46,12,Croplands
19,West Bengal,321,Purulia,3054,Manbazar-I,23.333,86.259,33.3,1.44,12,Croplands
19,West Bengal,321,Purulia,3055,Manbazar-Ii,23.2884,86.2177,33.7,1.4,12,Croplands
19,West Bengal,321,Purulia,3056,Neturia,23.3012,86.3193,33.6,1.45,12,Croplands
19,West Bengal,321,Purulia,3057,Para,23.2528,86.3035,34.0,1.42,12,Croplands
19,West Bengal,321,Purulia,3058,Puncha,23.1959,86.3184,34.4,1.41,12,Croplands
19,West Bengal,321,Purulia,3059,Purulia-I,23.2789,86.367,33.8,1.46,12,Croplands
19,West Bengal,321,Purulia,3060,Purulia-Ii,23.2387,86.4003,34.1,1.46,12,Croplands
19,West Bengal,321,Purulia,3061,Raghunath Pur-I,23.2164,86.4592,34.3,1.47,12,Croplands
19,West Bengal,321,Purulia,3062,Raghunathpur-Ii,23.3012,86.4146,33.6,1.49,12,Croplands
19,West Bengal,321,Purulia,3063,Santuri,23.3024,86.4696,33.6,1.51,12,Croplands
19,West Bengal,664,Alipurduar,2919,Alipurduar-I,26.5164,89.5935,7.9,1.64,12,Croplands
19,West Bengal,664,Alipurduar,2920,Alipurduar-Ii,26.6023,89.5884,7.2,1.68,12,Croplands
19,West Bengal,664,Alipurduar,2922,Falakata,26.6413,89.4525,6.9,1.64,12,Croplands
19,West Bengal,664,Alipurduar,2924,Kalchini,26.5164,89.4727,7.9,1.6,12,Croplands
19,West Bengal,664,Alipurduar,2925,Kumargram,26.4306,89.4777,8.6,1.56,12,Croplands
19,West Bengal,664,Alipurduar,2926,Madarihat,26.3916,89.6136,8.9,1.6,12,Croplands
19,West Bengal,702,Kalimpong,2859,Gorubathan,27.067,88.5308,5.0,1.44,12,Croplands
19,West Bengal,702,Kalimpong,2861,Kalimpong-I,27.1612,88.5045,5.0,1.47,12,Croplands
19,West Bengal,702,Kalimpong,2862,Kalimpong-Ii,27.1517,88.3391,5.0,1.4,12,Croplands
19,West Bengal,702,Kalimpong,7354,Lava,27.0352,88.421,5.0,1.38,12,Croplands
19,West Bengal,702,Kalimpong,7355,Pedong,26.9728,88.5045,5.0,1.39,12,Croplands
19,West Bengal,703,Jhargram,2972,Binpur-I,22.4497,87.0555,40.4,1.4,12,Croplands
19,West Bengal,703,Jhargram,2973,Binpur-Ii,22.5198,87.0728,39.8,1.44,12,Croplands
19,West Bengal,703,Jhargram,2985,Gopiballav Pur -Ii,22.4879,86.9557,40.1,1.38,12,Croplands
19,West Bengal,703,Jhargram,2986,Gopiballavpur-I,22.5939,86.997,39.2,1.44,12,Croplands
19,West Bengal,703,Jhargram,2987,Jambani,22.4497,86.8898,40.4,1.34,12,Croplands
19,West Bengal,703,Jhargram,2988,Jhargram,22.3478,86.8867,41.2,1.29,12,Croplands
19,West Bengal,703,Jhargram,2996,Nayagram,22.3957,86.997,40.8,1.36,12,Croplands
19,West Bengal,703,Jhargram,3000,Sankrail,22.3796,87.0728,41.0,1.38,12,Croplands
19,West Bengal,704,Paschim Bardhaman,2798,Barabani,23.6576,87.2273,30.7,1.95,12,Croplands
19,West Bengal,704,Paschim Bardhaman,2802,Faridpur - Durgapur,23.7277,87.2447,30.2,1.99,12,Croplands
19,West Bengal,704,Paschim Bardhaman,2806,Jamuria,23.8018,87.1682,29.6,1.99,12,Croplands
19,West Bengal,704,Paschim Bardhaman,2809,Kanksa,23.6958,87.1265,30.4,1.93,12,Croplands
19,West Bengal,704,Paschim Bardhaman,2819,Ondal,23.6576,87.06,30.7,1.89,12,Croplands
19,West Bengal,704,Paschim Bardhaman,2820,Pandabeswar,23.5557,87.057,31.6,1.85,12,Croplands
19,West Bengal,704,Paschim Bardhaman,2825,Raniganj,23.6036,87.1682,31.2,1.91,12,Croplands
19,West Bengal,704,Paschim Bardhaman,2826,Salanpur,23.5875,87.2447,31.3,1.93,12,Croplands
20,Jharkhand,322,Bokaro,3064,Bermo,23.6693,86.2106,528.6,3.64,12,Croplands
20,Jharkhand,322,Bokaro,3065,Chandankiyari,23.733,86.2345,533.4,5.28,12,Croplands
20,Jharkhand,322,Bokaro,3066,Chas,23.7162,86.1221,527.9,5.19,12,Croplands
20,Jharkhand,322,Bokaro,3067,Gomia,23.7032,86.0499,524.2,6.13,12,Croplands
20,Jharkhand,322,Bokaro,3068,Jaridih,23.62,86.0037,517.3,5.93,12,Croplands
20,Jharkhand,322,Bokaro,3069,Kasmar,23.6225,86.1221,522.2,5.14,12,Croplands
20,Jharkhand,322,Bokaro,3070,Nawadih,23.5717,86.1704,521.1,5.75,12,Croplands
20,Jharkhand,322,Bokaro,3071,Peterwar,23.5767,86.2722,525.5,4.81,12,Croplands
20,Jharkhand,322,Bokaro,6626,Chandrapura,23.8113,86.1789,535.8,3.23,12,Croplands
20,Jharkhand,323,Chatra,3072,Chatra,24.2042,84.9312,269.5,6.15,12,Croplands
20,Jharkhand,323,Chatra,3073,Giddhor,24.2537,84.966,273.9,3.79,12,Croplands
20,Jharkhand,323,Chatra,3074,Shaligram Ram Narayanpur Alias Hunterganj,24.1501,84.8719,263.9,4.53,12,Croplands
20,Jharkhand,323,Chatra,3075,Itkhori,24.329,84.9509,277.8,5.42,12,Croplands
20,Jharkhand,323,Chatra,3076,Kunda,24.29,84.8176,270.1,3.38,12,Croplands
20,Jharkhand,323,Chatra,3077,Lawalong,24.2763,84.735,266.0,4.04,12,Croplands
20,Jharkhand,323,Chatra,3078,Pathalgada,24.1546,84.7778,260.4,6.22,12,Croplands
20,Jharkhand,323,Chatra,3079,Pratappur,24.0793,84.7929,256.5,4.6,12,Croplands
20,Jharkhand,323,Chatra,3080,Simaria,24.1184,84.9262,264.2,3.43,12,Croplands
20,Jharkhand,323,Chatra,3081,Tandwa,24.1321,85.0088,268.3,5.95,12,Croplands
20,Jharkhand,323,Chatra,6690,Kanhachatti,24.2582,84.8719,270.4,5.47,12,Croplands
20,Jharkhand,323,Chatra,6691,Mayurhand,24.2042,84.8126,264.8,3.86,12,Croplands
20,Jharkhand,324,Deoghar,3082,Deoghar,24.4891,86.7589,359.7,3.72,12,Croplands
20,Jharkhand,324,Deoghar,3083,Devipur,24.5473,86.7876,364.3,5.12,12,Croplands
20,Jharkhand,324,Deoghar,3084,Karown,24.6262,86.7484,367.5,3.43,12,Croplands
20,Jharkhand,324,Deoghar,3085,Madhupur,24.5405,86.6811,359.7,5.76,12,Croplands
20,Jharkhand,324,Deoghar,3086,Mohanpur,24.4891,86.5411,351.0,5.85,12,Croplands
20,Jharkhand,324,Deoghar,3087,Palojori,24.4573,86.6514,353.5,5.81,12,Croplands
20,Jharkhand,324,Deoghar,3088,Sarath,24.3948,86.6658,350.3,4.96,12,Croplands
20,Jharkhand,324,Deoghar,3089,Sarwan,24.352,86.7484,351.1,3.6,12,Croplands
20,Jharkhand,324,Deoghar,6623,Sonaraithari,24.4573,86.7476,357.3,4.49,12,Croplands
20,Jharkhand,324,Deoghar,6624,Margomunda,24.5473,86.6114,357.3,4.86,12,Croplands
20,Jharkhand,325,Dhanbad,3090,Baghmara,23.795,86.216,213.7,3.14,12,Croplands
20,Jharkhand,325,Dhanbad,3091,Baliapur,23.728,86.533,185.5,3.03,12,Croplands
20,Jharkhand,325,Dhanbad,3092,Dhanbad,23.796,86.43,200.5,2.61,13,Urban and Built-up Lands
20,Jharkhand,325,Dhanbad,3093,Govindpur,23.834,86.518,214.8,3.98,12,Croplands
20,Jharkhand,325,Dhanbad,3095,Nirsa,23.784,86.708,154.0,4.55,12,Croplands
20,Jharkhand,325,Dhanbad,3096,Topchanchi,23.905,86.205,262.9,3.52,10,Grasslands
20,Jharkhand,325,Dhanbad,3097,Tundi,23.988,86.447,248.6,3.36,12,Croplands
20,Jharkhand,325,Dhanbad,6642,Purvi Tundi,23.963,86.564,215.8,5.03,12,Croplands
20,Jharkhand,325,Dhanbad,7111,Kaliasol,23.702,86.689,157.6,2.73,12,Croplands
20,Jharkhand,325,Dhanbad,7112,Egarkund,23.765,86.762,130.9,2.05,12,Croplands
20,Jharkhand,326,Dumka,3098,Dumka,24.2684,87.3082,368.4,5.46,12,Croplands
20,Jharkhand,326,Dumka,3099,Gopikander,24.3266,87.3368,373.1,3.69,12,Croplands
20,Jharkhand,326,Dumka,3100,Jama,24.4055,87.2977,376.2,5.24,12,Croplands
20,Jharkhand,326,Dumka,3101,Jarmundi,24.3198,87.2305,368.4,4.34,12,Croplands
20,Jharkhand,326,Dumka,3102,Kathikund,24.3266,87.1609,366.0,3.46,12,Croplands
20,Jharkhand,326,Dumka,3103,Masaliya,24.2684,87.0908,359.7,4.44,12,Croplands
20,Jharkhand,326,Dumka,3104,Ramgarh,24.2366,87.2009,362.2,4.36,12,Croplands
20,Jharkhand,326,Dumka,3105,Ranishwar,24.1741,87.2153,359.1,3.48,12,Croplands
20,Jharkhand,326,Dumka,3106,Saraiyahat,24.1313,87.2977,359.8,5.29,12,Croplands
20,Jharkhand,326,Dumka,3107,Sikaripara,24.2366,87.2968,366.1,6.22,12,Croplands
20,Jharkhand,327,East Singhbum,3108,Bahragora,23.6102,85.3389,490.2,5.49,12,Croplands
20,Jharkhand,327,East Singhbum,3109,Chakulia,23.7413,85.3452,498.3,4.96,12,Croplands
20,Jharkhand,327,East Singhbum,3110,Dhalbhumgarh,23.6637,85.2715,490.7,4.67,12,Croplands
20,Jharkhand,327,East Singhbum,3111,Dumaria,23.6851,85.2091,489.5,4.95,12,Croplands
20,Jharkhand,327,East Singhbum,3112,Ghatshila,23.6508,85.129,484.2,4.3,12,Croplands
20,Jharkhand,327,East Singhbum,3113,Golmuri Cum Jugsalai,23.595,85.2233,484.6,5.48,12,Croplands
20,Jharkhand,327,East Singhbum,3114,Musabani,23.4675,85.2575,478.3,3.82,12,Croplands
20,Jharkhand,327,East Singhbum,3115,Patamda,23.561,85.3044,485.8,4.69,12,Croplands
20,Jharkhand,327,East Singhbum,3116,Potka,23.5566,85.3709,488.2,5.64,12,Croplands
20,Jharkhand,327,East Singhbum,6632,Boram,23.6638,85.3709,494.7,3.36,12,Croplands
20,Jharkhand,327,East Singhbum,6633,Gurabanda,23.5353,85.2091,480.5,4.34,12,Croplands
20,Jharkhand,328,Garhwa,3117,Bhandaria,24.2436,83.9286,391.8,5.39,12,Croplands
20,Jharkhand,328,Garhwa,3118,Bhawnathpur,24.2026,83.8357,385.6,4.03,12,Croplands
20,Jharkhand,328,Garhwa,3119,Chinia,24.303,83.8008,390.2,3.69,12,Croplands
20,Jharkhand,328,Garhwa,3120,Dandai,24.239,83.737,383.8,4.56,12,Croplands
20,Jharkhand,328,Garhwa,3121,Dhurki,24.2436,83.673,381.5,3.63,12,Croplands
20,Jharkhand,328,Garhwa,3122,Garhwa,24.1756,83.7445,380.3,3.66,12,Croplands
20,Jharkhand,328,Garhwa,3123,Kandi,24.1589,83.6922,377.2,4.73,12,Croplands
20,Jharkhand,328,Garhwa,3124,Kharaundhi,24.1271,83.7529,377.7,3.77,12,Croplands
20,Jharkhand,328,Garhwa,3125,Manjhiaon,24.0787,83.737,374.2,3.42,12,Croplands
20,Jharkhand,328,Garhwa,3126,Meral,24.0218,83.752,371.4,6.3,12,Croplands
20,Jharkhand,328,Garhwa,3127,Nagar Untari,24.1048,83.8008,378.3,3.2,12,Croplands
20,Jharkhand,328,Garhwa,3128,Ramkanda,24.0646,83.8344,377.3,4.35,12,Croplands
20,Jharkhand,328,Garhwa,3129,Ramna,24.0423,83.8937,378.3,4.0,12,Croplands
20,Jharkhand,328,Garhwa,3130,Ranka,24.1271,83.8488,381.6,5.62,12,Croplands
20,Jharkhand,328,Garhwa,6627,Ketar,24.1143,83.6506,372.9,4.14,12,Croplands
20,Jharkhand,328,Garhwa,6628,Danda,24.2103,83.7825,383.9,3.52,12,Croplands
20,Jharkhand,328,Garhwa,6629,Bishunpura,24.2531,83.8344,388.6,4.2,12,Croplands
20,Jharkhand,328,Garhwa,6630,Bardiha,24.1589,83.8601,383.9,4.77,12,Croplands
20,Jharkhand,328,Garhwa,6631,Sagma,24.1282,83.9041,383.9,3.56,12,Croplands
20,Jharkhand,328,Garhwa,7366,Bargad,24.1895,83.9041,387.5,4.48,12,Croplands
20,Jharkhand,329,Giridih,3131,Bagodar,24.1871,86.3639,325.8,3.91,12,Croplands
20,Jharkhand,329,Giridih,3132,Bengabad,24.2332,86.4008,330.0,4.61,12,Croplands
20,Jharkhand,329,Giridih,3133,Birni,24.3057,86.3944,334.1,6.3,12,Croplands
20,Jharkhand,329,Giridih,3134,Deori,24.2408,86.3118,326.9,3.41,12,Croplands
20,Jharkhand,329,Giridih,3135,Dhanwar,24.2798,86.2661,327.4,5.22,12,Croplands
20,Jharkhand,329,Giridih,3136,Dumri,24.2827,86.1864,324.4,3.87,12,Croplands
20,Jharkhand,329,Giridih,3137,Gandey,24.2,86.2471,321.9,5.74,12,Croplands
20,Jharkhand,329,Giridih,3138,Gawan,24.1634,86.1992,317.8,5.49,12,Croplands
20,Jharkhand,329,Giridih,3139,Giridih,24.0915,86.1864,312.9,3.49,12,Croplands
20,Jharkhand,329,Giridih,3140,Jamua,24.1366,86.2836,319.5,5.27,12,Croplands
20,Jharkhand,329,Giridih,3141,Pirtand,24.0887,86.3177,318.0,5.82,12,Croplands
20,Jharkhand,329,Giridih,3142,Tisri,24.162,86.3571,324.0,5.25,12,Croplands
20,Jharkhand,329,Giridih,6643,Suriya,24.0685,86.3944,319.9,5.91,12,Croplands
20,Jharkhand,330,Godda,3143,Boarijor,24.8958,87.2909,405.4,4.14,12,Croplands
20,Jharkhand,330,Godda,3144,Godda,24.9741,87.2349,407.8,5.29,12,Croplands
20,Jharkhand,330,Godda,3145,Mahagama,24.8789,87.1775,399.8,3.9,12,Croplands
20,Jharkhand,330,Godda,3146,Meharma,24.866,87.1047,396.1,4.76,12,Croplands
20,Jharkhand,330,Godda,3147,Pathargama,24.7828,87.058,389.3,4.43,12,Croplands
20,Jharkhand,330,Godda,3148,Poraiyahat,24.7853,87.1775,394.2,3.78,12,Croplands
20,Jharkhand,330,Godda,3149,Sundarpahari,24.7345,87.2263,393.1,4.4,12,Croplands
20,Jharkhand,330,Godda,3150,Thakurgangti,24.7395,87.329,397.5,3.58,12,Croplands
20,Jharkhand,330,Godda,6641,Basantray,24.8321,87.2669,400.6,5.62,12,Croplands
20,Jharkhand,331,Gumla,3151,Basia,23.0911,84.6363,430.9,5.08,12,Croplands
20,Jharkhand,331,Gumla,3152,Bharno,23.1664,84.6213,434.8,3.5,12,Croplands
20,Jharkhand,331,Gumla,3153,Bishunpur,23.0956,84.543,427.5,3.66,12,Croplands
20,Jharkhand,331,Gumla,3154,Chainpur,23.1274,84.4892,427.2,4.81,12,Croplands
20,Jharkhand,331,Gumla,3155,Dumri,23.1136,84.4074,423.1,5.57,12,Croplands
20,Jharkhand,331,Gumla,3156,Ghaghra,23.0415,84.4843,421.9,5.32,12,Croplands
20,Jharkhand,331,Gumla,3157,Gumla,22.992,84.4497,417.5,4.53,12,Croplands
20,Jharkhand,331,Gumla,3158,Kamdara,22.9167,84.4647,413.6,6.12,12,Croplands
20,Jharkhand,331,Gumla,3159,Palkot,22.9875,84.543,421.0,5.95,12,Croplands
20,Jharkhand,331,Gumla,3160,Raidih,22.9557,84.5969,421.2,4.78,12,Croplands
20,Jharkhand,331,Gumla,3161,Sisai,22.9695,84.6787,425.3,4.02,12,Croplands
20,Jharkhand,331,Gumla,6625,Albert Ekka,23.0415,84.6018,426.6,4.28,12,Croplands
20,Jharkhand,332,Hazaribagh,3162,Barhi,23.9988,85.4265,517.0,4.91,12,Croplands
20,Jharkhand,332,Hazaribagh,3163,Barkagaon,24.0368,85.4676,280.9,5.09,12,Croplands
20,Jharkhand,332,Hazaribagh,3164,Barkatha,24.1008,85.4789,285.2,3.29,12,Croplands
20,Jharkhand,332,Hazaribagh,3165,Bishnugarh,24.0488,85.39,278.5,4.42,12,Croplands
20,Jharkhand,332,Hazaribagh,3166,Chouparan,24.132,85.307,280.2,5.3,12,Croplands
20,Jharkhand,332,Hazaribagh,3167,Churchu,24.0371,85.3255,275.2,5.58,12,Croplands
20,Jharkhand,332,Hazaribagh,3169,Ichak,23.9782,85.3127,511.2,4.52,12,Croplands
20,Jharkhand,332,Hazaribagh,3170,Katkamsandi,23.8657,85.307,504.2,6.33,12,Croplands
20,Jharkhand,332,Hazaribagh,3171,Keredari,23.9448,85.3674,511.4,3.28,12,Croplands
20,Jharkhand,332,Hazaribagh,3173,Padma,23.9073,85.4089,510.8,4.72,12,Croplands
20,Jharkhand,332,Hazaribagh,3176,Sadar,23.8969,85.4789,513.0,5.34,12,Croplands
20,Jharkhand,332,Hazaribagh,6707,Daru,23.9988,85.2096,508.3,3.94,12,Croplands
20,Jharkhand,332,Hazaribagh,6708,Katkamdag,23.9288,85.2906,507.4,3.92,12,Croplands
20,Jharkhand,332,Hazaribagh,6709,Dadi,24.0368,85.2671,272.9,4.44,12,Croplands
20,Jharkhand,332,Hazaribagh,6710,Tatijhariya,23.9782,85.422,515.6,3.41,12,Croplands
20,Jharkhand,332,Hazaribagh,6711,Chalkusha,24.0979,85.3674,280.6,4.14,12,Croplands
20,Jharkhand,333,Jamtara,3177,Jamtara,24.0464,86.8564,337.0,3.67,12,Croplands
20,Jharkhand,333,Jamtara,3178,Kundhit,23.9606,86.743,567.4,5.13,12,Croplands
20,Jharkhand,333,Jamtara,3179,Nala,23.8747,86.748,562.4,5.67,12,Croplands
20,Jharkhand,333,Jamtara,3180,Narayanpur,23.8357,86.881,565.4,5.5,12,Croplands
20,Jharkhand,333,Jamtara,6653,Fatehpur,23.9606,86.8613,572.1,4.2,12,Croplands
20,Jharkhand,333,Jamtara,6654,Karmatanr Vidyasagar,24.0854,86.7233,334.1,3.81,12,Croplands
20,Jharkhand,334,Koderma,3181,Chandwara,24.4839,85.4864,308.5,4.03,12,Croplands
20,Jharkhand,334,Koderma,3182,Jainagar,24.6087,85.3478,310.4,3.44,12,Croplands
20,Jharkhand,334,Koderma,3183,Koderma,24.4839,85.3676,303.7,4.91,12,Croplands
20,Jharkhand,334,Koderma,3184,Markacho,24.398,85.3726,298.8,5.54,12,Croplands
20,Jharkhand,334,Koderma,3185,Satgawan,24.359,85.5062,301.8,5.48,12,Croplands
20,Jharkhand,334,Koderma,6651,Domchanch,24.5697,85.4815,313.4,3.4,12,Croplands
20,Jharkhand,335,Latehar,3186,Balumath,23.7444,84.5672,467.4,6.4,12,Croplands
20,Jharkhand,335,Latehar,3187,Barwadih,23.8815,84.5568,475.2,5.87,12,Croplands
20,Jharkhand,335,Latehar,3188,Chandwa,23.7958,84.4899,467.3,5.2,12,Croplands
20,Jharkhand,335,Latehar,3189,Garu,23.8026,84.4206,465.0,4.34,12,Croplands
20,Jharkhand,335,Latehar,3190,Latehar,23.7126,84.4604,461.2,5.42,12,Croplands
20,Jharkhand,335,Latehar,3191,Mahuadanr,23.6502,84.4747,458.0,4.67,12,Croplands
20,Jharkhand,335,Latehar,3192,Manika,23.6073,84.5568,458.7,3.33,12,Croplands
20,Jharkhand,335,Latehar,6634,Bariyatu,23.8026,84.5957,472.0,4.48,12,Croplands
20,Jharkhand,335,Latehar,6635,Herhanj,23.7444,84.3507,458.7,5.49,12,Croplands
20,Jharkhand,335,Latehar,7365,Saryu,23.7126,84.5559,465.0,4.03,12,Croplands
20,Jharkhand,336,Lohardaga,3193,Bhandra,23.4689,84.7123,456.6,3.28,12,Croplands
20,Jharkhand,336,Lohardaga,3194,Kisko,23.6094,84.6184,461.3,4.63,12,Croplands
20,Jharkhand,336,Lohardaga,3195,Kuru,23.4923,84.6002,453.5,5.96,12,Croplands
20,Jharkhand,336,Lohardaga,3196,Lohardaga,23.4259,84.556,447.8,3.84,12,Croplands
20,Jharkhand,336,Lohardaga,3197,Senha,23.4266,84.6901,453.2,3.2,12,Croplands
20,Jharkhand,336,Lohardaga,6698,Kairo,23.5464,84.7207,461.6,5.49,12,Croplands
20,Jharkhand,336,Lohardaga,6699,Peshrar,23.3284,84.6184,444.4,4.81,12,Croplands
20,Jharkhand,337,Pakur,3198,Amrapara,24.6368,87.9067,414.5,4.59,12,Croplands
20,Jharkhand,337,Pakur,3199,Hiranpur,24.7226,87.9017,419.4,4.13,12,Croplands
20,Jharkhand,337,Pakur,3200,Littipara,24.7616,87.7679,416.4,4.22,12,Croplands
20,Jharkhand,337,Pakur,3201,Maheshpur,24.6368,87.7877,409.7,5.45,12,Croplands
20,Jharkhand,337,Pakur,3202,Pakur,24.551,87.7927,404.8,5.92,12,Croplands
20,Jharkhand,337,Pakur,3203,Pakuria,24.512,87.9265,407.8,5.8,12,Croplands
20,Jharkhand,338,Palamu,3204,Bishrampur,24.2031,84.2285,241.3,5.27,12,Croplands
20,Jharkhand,338,Palamu,3205,Chainpur,24.2323,84.2731,244.9,4.9,12,Croplands
20,Jharkhand,338,Palamu,3206,Chhatarpur,24.2843,84.2998,249.1,5.73,12,Croplands
20,Jharkhand,338,Palamu,3207,Medininagar,24.3011,84.0534,240.2,5.27,12,Croplands
20,Jharkhand,338,Palamu,3208,Haidernagar,24.2454,84.2062,243.0,4.49,12,Croplands
20,Jharkhand,338,Palamu,3209,Hariharganj,24.2954,84.2089,246.1,4.71,12,Croplands
20,Jharkhand,338,Palamu,3210,Hussainabad,24.3468,84.1811,248.1,4.43,12,Croplands
20,Jharkhand,338,Palamu,3211,Lesliganj,24.2558,84.1561,241.6,4.22,12,Croplands
20,Jharkhand,338,Palamu,3212,Manatu,24.2889,84.1149,241.9,5.65,12,Croplands
20,Jharkhand,338,Palamu,3213,Pandu,24.1357,84.0896,231.7,4.45,12,Croplands
20,Jharkhand,338,Palamu,3214,Panki,24.0783,84.0902,228.3,3.8,12,Croplands
20,Jharkhand,338,Palamu,3215,Patan,24.1504,84.1561,235.3,3.52,12,Croplands
20,Jharkhand,338,Palamu,3216,Satbarwa,24.1608,84.2062,237.9,5.19,12,Croplands
20,Jharkhand,338,Palamu,6644,Mohamadganj,24.2266,84.1159,238.2,4.67,12,Croplands
20,Jharkhand,338,Palamu,6645,Pipra,24.1043,84.1774,233.4,4.03,12,Croplands
20,Jharkhand,338,Palamu,6646,Nawdiha Bazar,24.1816,84.013,231.4,6.06,12,Croplands
20,Jharkhand,338,Palamu,6647,Untari Road,24.1606,84.3203,242.4,4.18,12,Croplands
20,Jharkhand,338,Palamu,6648,Nawa Bazar,24.2179,84.0618,235.5,6.24,12,Croplands
20,Jharkhand,338,Palamu,6649,Padwa,24.1797,84.1159,235.4,4.72,12,Croplands
20,Jharkhand,338,Palamu,6650,Tarhasi,24.1473,84.259,239.2,5.3,12,Croplands
20,Jharkhand,338,Palamu,7367,Ramgarh,24.0689,84.227,233.2,5.8,12,Croplands
20,Jharkhand,339,Ranchi,3217,Angara,23.3507,85.3726,475.9,4.41,12,Croplands
20,Jharkhand,339,Ranchi,3219,Bero,23.3846,85.4152,479.7,4.32,12,Croplands
20,Jharkhand,339,Ranchi,3220,Bundu,23.4434,85.434,484.0,5.49,12,Croplands
20,Jharkhand,339,Ranchi,3221,Burmu,23.3975,85.3432,477.6,3.85,12,Croplands
20,Jharkhand,339,Ranchi,3222,Chanho,23.4483,85.3325,480.2,3.92,12,Croplands
20,Jharkhand,339,Ranchi,3223,Kanke,23.3975,85.2843,475.2,5.95,12,Croplands
20,Jharkhand,339,Ranchi,3226,Lapung,23.4,85.1662,470.6,3.91,12,Croplands
20,Jharkhand,339,Ranchi,3227,Mandar,23.3507,85.2549,471.2,5.41,12,Croplands
20,Jharkhand,339,Ranchi,3229,Namkum,23.258,85.1935,463.2,4.34,12,Croplands
20,Jharkhand,339,Ranchi,3230,Ormanjhi,23.3039,85.2843,469.6,5.97,12,Croplands
20,Jharkhand,339,Ranchi,3232,Ratu,23.2087,85.341,466.2,3.72,12,Croplands
20,Jharkhand,339,Ranchi,3233,Silli,23.3039,85.3432,472.0,3.86,12,Croplands
20,Jharkhand,339,Ranchi,3234,Sonahatu,23.287,85.3965,473.1,3.7,12,Croplands
20,Jharkhand,339,Ranchi,3235,Tamar,23.3014,85.4613,476.5,5.89,12,Croplands
20,Jharkhand,339,Ranchi,6636,Nagri,23.3168,85.2123,467.5,5.5,12,Croplands
20,Jharkhand,339,Ranchi,6637,Itki,23.4927,85.2865,481.0,6.09,12,Croplands
20,Jharkhand,339,Ranchi,6638,Rahe,23.2531,85.295,467.0,5.9,12,Croplands
20,Jharkhand,339,Ranchi,6639,Khelari,23.4144,85.2311,474.1,6.11,12,Croplands
20,Jharkhand,340,Sahebganj,3237,Barhait,26.2974,84.9873,397.3,5.56,12,Croplands
20,Jharkhand,340,Sahebganj,3238,Barharwa,26.3611,85.0117,402.1,4.0,12,Croplands
20,Jharkhand,340,Sahebganj,3239,Borio,26.4394,84.9549,404.6,4.93,12,Croplands
20,Jharkhand,340,Sahebganj,3240,Mandro,26.3443,84.8968,396.5,3.64,12,Croplands
20,Jharkhand,340,Sahebganj,3241,Pathna,26.3313,84.8231,392.8,4.4,12,Croplands
20,Jharkhand,340,Sahebganj,3242,Rajmahal,26.2481,84.7759,385.9,4.17,12,Croplands
20,Jharkhand,340,Sahebganj,3243,Sahibganj,26.2506,84.8968,390.9,3.67,12,Croplands
20,Jharkhand,340,Sahebganj,3244,Taljhari,26.1999,84.9462,389.8,4.47,12,Croplands
20,Jharkhand,340,Sahebganj,3245,Udhwa,26.2048,85.0501,394.3,3.78,12,Croplands
20,Jharkhand,341,Saraikela Kharsawan,3246,Chandil,22.8453,86.0098,471.1,3.94,12,Croplands
20,Jharkhand,341,Saraikela Kharsawan,3247,Gamharia,22.909,86.0335,475.9,5.55,12,Croplands
20,Jharkhand,341,Saraikela Kharsawan,3248,Ichagarh,22.9873,85.9783,478.4,3.53,12,Croplands
20,Jharkhand,341,Saraikela Kharsawan,3249,Kharsawan,22.8921,85.9218,470.4,5.54,12,Croplands
20,Jharkhand,341,Saraikela Kharsawan,3250,Kuchai,22.8792,85.85,466.8,3.34,12,Croplands
20,Jharkhand,341,Saraikela Kharsawan,3251,Nimdih,22.7985,85.9218,464.8,5.51,12,Croplands
20,Jharkhand,341,Saraikela Kharsawan,3252,Rajnagar,22.7477,85.9698,463.7,6.09,12,Croplands
20,Jharkhand,341,Saraikela Kharsawan,3253,Seraikella,22.7527,86.0709,468.0,5.08,12,Croplands
20,Jharkhand,341,Saraikela Kharsawan,6652,Kukru,22.796,85.8041,459.9,6.39,12,Croplands
20,Jharkhand,342,Simdega,3254,Bano,22.6105,84.5602,399.0,6.36,12,Croplands
20,Jharkhand,342,Simdega,3255,Bolba,22.7476,84.5499,406.9,5.85,12,Croplands
20,Jharkhand,342,Simdega,3256,Jaldega,22.6619,84.4836,399.1,5.25,12,Croplands
20,Jharkhand,342,Simdega,3257,Kolebira,22.6105,84.3455,390.4,5.68,12,Croplands
20,Jharkhand,342,Simdega,3258,Kurdeg,22.5787,84.4543,392.9,5.49,12,Croplands
20,Jharkhand,342,Simdega,3259,Simdega,22.4734,84.5499,390.4,3.3,12,Croplands
20,Jharkhand,342,Simdega,3260,Thethaitanger,22.5787,84.549,396.7,4.01,12,Croplands
20,Jharkhand,342,Simdega,6611,Pakartanr,22.5162,84.4685,389.7,4.73,12,Croplands
20,Jharkhand,342,Simdega,6612,Kersai,22.6687,84.4148,396.7,4.46,12,Croplands
20,Jharkhand,342,Simdega,6613,Bansjore,22.6687,84.5885,403.7,4.41,12,Croplands
20,Jharkhand,343,West Singhbhum,3261,Bandgaon,22.5339,85.6008,436.1,3.94,12,Croplands
20,Jharkhand,343,West Singhbhum,3262,Chaibasa,22.5927,85.6195,440.3,5.1,12,Croplands
20,Jharkhand,343,West Singhbhum,3263,Chakradharpur,22.5468,85.5293,434.0,3.53,12,Croplands
20,Jharkhand,343,West Singhbhum,3264,Goelkera,22.5976,85.5186,436.6,3.61,12,Croplands
20,Jharkhand,343,West Singhbhum,3265,Jagannathpur,22.5637,85.4178,430.5,5.87,12,Croplands
20,Jharkhand,343,West Singhbhum,3266,Jhinkpani,22.5493,85.3534,427.1,3.73,12,Croplands
20,Jharkhand,343,West Singhbhum,3267,Khuntpani,22.5,85.4415,427.7,5.15,12,Croplands
20,Jharkhand,343,West Singhbhum,3268,Kumardungi,22.4661,85.3992,423.9,5.27,12,Croplands
20,Jharkhand,343,West Singhbhum,3269,Manjhari,22.4073,85.3805,419.7,4.12,12,Croplands
20,Jharkhand,343,West Singhbhum,3270,Manjhgaon,22.4532,85.4707,426.0,5.67,12,Croplands
20,Jharkhand,343,West Singhbhum,3271,Manoharpur,22.4024,85.4814,423.4,5.59,12,Croplands
20,Jharkhand,343,West Singhbhum,3272,Noamundi,22.358,85.5271,422.6,3.37,12,Croplands
20,Jharkhand,343,West Singhbhum,3273,Sonua,22.4532,85.5293,428.4,3.53,12,Croplands
20,Jharkhand,343,West Singhbhum,3274,Tantnagar,22.4363,85.5822,429.5,3.32,12,Croplands
20,Jharkhand,343,West Singhbhum,3275,Tonto,22.4507,85.6466,432.9,5.46,12,Croplands
20,Jharkhand,343,West Singhbhum,6608,Hatgamharia,22.5468,85.4707,431.6,5.67,12,Croplands
20,Jharkhand,343,West Singhbhum,6609,Anandpur,22.5,85.5585,432.3,4.05,12,Croplands
20,Jharkhand,343,West Singhbhum,6610,Gudri,22.642,85.4729,437.4,5.82,12,Croplands
20,Jharkhand,606,Khunti,3218,Arki,22.985,85.3122,451.6,3.92,12,Croplands
20,Jharkhand,606,Khunti,3224,Karra,23.0708,85.3073,456.5,3.29,12,Croplands
20,Jharkhand,606,Khunti,3225,Khunti,23.1098,85.1752,453.6,3.51,12,Croplands
20,Jharkhand,606,Khunti,3228,Murhu,22.985,85.1948,446.9,4.96,12,Croplands
20,Jharkhand,606,Khunti,3231,Rania,22.8992,85.1997,441.9,5.6,12,Croplands
20,Jharkhand,606,Khunti,3236,Torpa,22.8601,85.3318,444.9,5.35,12,Croplands
20,Jharkhand,607,Ramgarh,3168,Gola,25.4154,83.5706,447.7,6.38,12,Croplands
20,Jharkhand,607,Ramgarh,3172,Mandu,25.2906,83.5905,441.1,4.84,12,Croplands
20,Jharkhand,607,Ramgarh,3174,Patratu,25.2048,83.5955,436.1,5.61,12,Croplands
20,Jharkhand,607,Ramgarh,3175,Ramgarh,25.1658,83.73,439.1,5.71,12,Croplands
20,Jharkhand,607,Ramgarh,6716,Chitarpur,25.2906,83.7101,445.8,4.06,12,Croplands
20,Jharkhand,607,Ramgarh,6717,Dulmi,25.3764,83.7051,450.8,3.31,12,Croplands
21,Odisha,344,Anugul,3276,Anugul,20.8392,85.1583,316.7,5.3,12,Croplands
21,Odisha,344,Anugul,3277,Athmallik,20.9093,85.1754,321.6,3.97,12,Croplands
21,Odisha,344,Anugul,3278,Banarpal,20.9834,85.1005,323.0,4.56,12,Croplands
21,Odisha,344,Anugul,3279,Chhendipada,20.8775,85.0596,315.0,6.27,12,Croplands
21,Odisha,344,Anugul,3280,Kaniha,20.8392,84.9944,310.1,5.77,12,Croplands
21,Odisha,344,Anugul,3281,Kishorenagar,20.7373,84.9914,303.9,5.19,12,Croplands
21,Odisha,344,Anugul,3282,Palalahada,20.7852,85.1005,311.1,3.86,12,Croplands
21,Odisha,344,Anugul,3283,Talacher,20.7692,85.1754,313.2,4.02,12,Croplands
21,Odisha,345,Balangir,3284,Agalpur,20.7064,83.5475,404.3,4.77,12,Croplands
21,Odisha,345,Balangir,3285,Balangir,20.7494,83.5852,408.4,5.07,12,Croplands
21,Odisha,345,Balangir,3286,Bangomunda,20.8191,83.5858,412.6,3.34,12,Croplands
21,Odisha,345,Balangir,3287,Belpara,20.7591,83.5026,405.7,4.35,12,Croplands
21,Odisha,345,Balangir,3288,Deogaon,20.803,83.4662,406.8,3.48,12,Croplands
21,Odisha,345,Balangir,3289,Gudvella,20.8191,83.3937,404.9,3.35,12,Croplands
21,Odisha,345,Balangir,3290,Khaprakhol,20.7299,83.4377,401.3,4.52,12,Croplands
21,Odisha,345,Balangir,3291,Loisinga,20.7064,83.3838,397.7,5.26,12,Croplands
21,Odisha,345,Balangir,3292,Muribahal,20.6439,83.3509,392.7,3.75,12,Croplands
21,Odisha,345,Balangir,3293,Patnagarh,20.6641,83.4537,398.0,3.6,12,Croplands
21,Odisha,345,Balangir,3294,Puintala,20.6098,83.4662,395.2,3.38,12,Croplands
21,Odisha,345,Balangir,3295,Saintala,20.5659,83.524,394.9,4.6,12,Croplands
21,Odisha,345,Balangir,3296,Titlagarh,20.6641,83.5258,400.9,4.79,12,Croplands
21,Odisha,345,Balangir,3297,Turekela,20.6634,83.5852,403.2,5.72,12,Croplands
21,Odisha,346,Baleshwar,3298,Bahanaga,21.501,86.9762,429.1,4.86,12,Croplands
21,Odisha,346,Baleshwar,3299,Baleshwar,21.5505,87.0103,433.4,5.69,12,Croplands
21,Odisha,346,Baleshwar,3300,Baliapal,21.6258,86.9955,437.4,4.28,12,Croplands
21,Odisha,346,Baleshwar,3301,Basta,21.555,86.9181,430.0,4.42,12,Croplands
21,Odisha,346,Baleshwar,3302,Bhograi,21.5868,86.8648,429.8,5.71,12,Croplands
21,Odisha,346,Baleshwar,3303,Jaleswar,21.573,86.7839,425.7,3.35,12,Croplands
21,Odisha,346,Baleshwar,3304,Khaira,21.501,86.86,424.5,6.06,12,Croplands
21,Odisha,346,Baleshwar,3305,Nilgiri,21.4514,86.8258,420.1,5.23,12,Croplands
21,Odisha,346,Baleshwar,3306,Oupada,21.3761,86.8406,416.2,3.45,12,Croplands
21,Odisha,346,Baleshwar,3307,Remuna,21.4469,86.9181,423.5,3.3,12,Croplands
21,Odisha,346,Baleshwar,3308,Simulia,21.4151,86.9713,423.8,5.2,12,Croplands
21,Odisha,346,Baleshwar,3309,Soro,21.4289,87.0522,427.8,4.35,12,Croplands
21,Odisha,347,Bargarh,3310,Ambabhona,21.3377,83.6793,447.4,4.42,12,Croplands
21,Odisha,347,Bargarh,3311,Attabira,21.3872,83.7134,451.8,5.12,12,Croplands
21,Odisha,347,Bargarh,3312,Bargarh,21.4625,83.6986,455.7,3.5,12,Croplands
21,Odisha,347,Bargarh,3313,Barpali,21.3917,83.6212,448.4,3.84,12,Croplands
21,Odisha,347,Bargarh,3314,Bhatli,21.4235,83.568,448.1,5.06,12,Croplands
21,Odisha,347,Bargarh,3315,Bheden,21.4097,83.4872,444.1,5.95,12,Croplands
21,Odisha,347,Bargarh,3316,Bijepur,21.3377,83.5632,442.8,5.64,12,Croplands
21,Odisha,347,Bargarh,3317,Gaisilet,21.2881,83.5291,438.4,4.94,12,Croplands
21,Odisha,347,Bargarh,3318,Jharbandh,21.2128,83.5439,434.5,3.36,12,Croplands
21,Odisha,347,Bargarh,3319,Padampur,21.2836,83.6212,441.9,6.21,12,Croplands
21,Odisha,347,Bargarh,3320,Paikmal,21.2518,83.6744,442.1,4.99,12,Croplands
21,Odisha,347,Bargarh,3321,Sohella,21.2656,83.7552,446.1,4.08,12,Croplands
21,Odisha,348,Bhadrak,3322,Basudevpur,21.0633,86.5575,386.1,5.75,12,Croplands
21,Odisha,348,Bhadrak,3323,Bhadrak,21.1407,86.5657,391.1,4.85,12,Croplands
21,Odisha,348,Bhadrak,3324,Bhandaripokhari,21.2038,86.4652,390.8,4.31,12,Croplands
21,Odisha,348,Bhadrak,3325,Bonth,21.0867,86.4473,383.1,5.51,12,Croplands
21,Odisha,348,Bhadrak,3326,Chandabali,21.0203,86.4039,377.4,3.39,12,Croplands
21,Odisha,348,Bhadrak,3327,Dhamanagar,20.9227,86.4652,374.0,4.07,12,Croplands
21,Odisha,348,Bhadrak,3328,Tihidi,21.021,86.5356,382.7,5.65,12,Croplands
21,Odisha,349,Boudh,3329,Boudh,20.8386,84.3802,285.5,5.09,12,Croplands
21,Odisha,349,Boudh,3330,Harabhanga,20.9244,84.2693,286.2,5.83,12,Croplands
21,Odisha,349,Boudh,3331,Kantamal,20.7137,84.2452,272.6,4.02,12,Croplands
21,Odisha,350,Cuttack,3332,Athagad,20.4665,85.9538,326.1,5.74,12,Croplands
21,Odisha,350,Cuttack,3333,Badamba,20.5095,85.9915,330.2,6.11,12,Croplands
21,Odisha,350,Cuttack,3334,Banki,20.5792,85.9921,334.4,4.52,12,Croplands
21,Odisha,350,Cuttack,3335,Banki- Dampara,20.5192,85.909,327.5,5.43,12,Croplands
21,Odisha,350,Cuttack,3336,Baranga,20.5631,85.8726,328.7,4.65,12,Croplands
21,Odisha,350,Cuttack,3337,Cuttacksadar,20.5792,85.8002,326.8,4.56,12,Croplands
21,Odisha,350,Cuttack,3338,Kantapada,20.49,85.8442,323.2,5.56,12,Croplands
21,Odisha,350,Cuttack,3339,Mahanga,20.4665,85.7904,319.6,6.26,12,Croplands
21,Odisha,350,Cuttack,3340,Narasinghpur,20.404,85.7575,314.5,4.64,12,Croplands
21,Odisha,350,Cuttack,3341,Niali,20.4243,85.8602,319.9,4.51,12,Croplands
21,Odisha,350,Cuttack,3342,Nischinta Koili,20.3699,85.8726,317.1,4.17,12,Croplands
21,Odisha,350,Cuttack,3343,Salepur,20.326,85.9304,316.8,5.3,12,Croplands
21,Odisha,350,Cuttack,3344,Tangi Choudwar,20.4243,85.9321,322.7,5.68,12,Croplands
21,Odisha,350,Cuttack,3345,Tigiria,20.4235,85.9915,325.1,3.4,12,Croplands
21,Odisha,351,Deogarh,3346,Barkote,25.5292,73.968,390.5,3.48,12,Croplands
21,Odisha,351,Deogarh,3347,Reamal,25.615,73.8532,391.0,6.2,12,Croplands
21,Odisha,351,Deogarh,3348,Tileibani,25.4044,73.8282,377.4,6.05,12,Croplands
21,Odisha,352,Dhenkanal,3349,Bhuban,20.653,85.6568,325.5,4.06,12,Croplands
21,Odisha,352,Dhenkanal,3350,Dhenkanal Sadar,20.723,85.674,330.3,5.94,12,Croplands
21,Odisha,352,Dhenkanal,3351,Gondia,20.7971,85.5991,331.8,3.37,12,Croplands
21,Odisha,352,Dhenkanal,3352,Hindol,20.6912,85.5582,323.8,5.04,12,Croplands
21,Odisha,352,Dhenkanal,3353,Kamakhyanagar,20.653,85.4932,318.9,4.55,12,Croplands
21,Odisha,352,Dhenkanal,3354,Kankada Had,20.551,85.4901,312.7,3.93,12,Croplands
21,Odisha,352,Dhenkanal,3355,Odapada,20.5989,85.5991,319.9,5.8,12,Croplands
21,Odisha,352,Dhenkanal,3356,Parjang,20.5829,85.674,321.9,5.94,12,Croplands
21,Odisha,353,Gajapati,3357,Gosani,19.1748,84.2184,419.2,5.5,12,Croplands
21,Odisha,353,Gajapati,3358,Gumma,19.2522,84.2266,424.2,4.44,12,Croplands
21,Odisha,353,Gajapati,3359,Kasinagar,19.3153,84.1272,424.0,3.95,12,Croplands
21,Odisha,353,Gajapati,3360,Mohana,19.1982,84.1096,416.3,5.4,12,Croplands
21,Odisha,353,Gajapati,3361,Nuagada,19.1318,84.0667,410.6,3.48,12,Croplands
21,Odisha,353,Gajapati,3362,R.Udayagiri,19.1325,84.1969,415.8,5.52,12,Croplands
21,Odisha,353,Gajapati,3363,Rayagada,19.0342,84.1272,407.1,4.24,12,Croplands
21,Odisha,354,Ganjam,3364,Aska,19.3876,85.1074,467.6,4.82,12,Croplands
21,Odisha,354,Ganjam,3365,Beguniapada,19.4156,85.1509,471.0,4.2,12,Croplands
21,Odisha,354,Ganjam,3366,Bellaguntha,19.4656,85.1787,475.1,4.84,12,Croplands
21,Odisha,354,Ganjam,3367,Bhanjanagar,19.4285,85.0876,469.2,4.1,12,Croplands
21,Odisha,354,Ganjam,3368,Buguda,19.4778,85.0938,472.4,4.35,12,Croplands
21,Odisha,354,Ganjam,3369,Chatrapur,19.5303,85.0719,474.7,4.38,12,Croplands
21,Odisha,354,Ganjam,3370,Chikiti,19.4412,85.042,468.2,4.25,12,Croplands
21,Odisha,354,Ganjam,3371,Dharakote,19.4778,85.0065,468.9,6.19,12,Croplands
21,Odisha,354,Ganjam,3372,Digapahandi,19.4966,84.9501,467.8,3.39,12,Croplands
21,Odisha,354,Ganjam,3373,Ganjam,19.4169,85.0019,465.1,5.18,12,Croplands
21,Odisha,354,Ganjam,3374,Hinjilicut,19.4156,84.9493,462.9,4.27,12,Croplands
21,Odisha,354,Ganjam,3375,Jagannathprasad,19.3876,84.8973,459.1,4.76,12,Croplands
21,Odisha,354,Ganjam,3376,Kabisuryanagar,19.3724,84.9951,462.1,5.25,12,Croplands
21,Odisha,354,Ganjam,3377,Khallikote,19.3341,84.9617,458.5,5.33,12,Croplands
21,Odisha,354,Ganjam,3378,Kukudakhandi,19.2787,84.9501,454.7,4.58,12,Croplands
21,Odisha,354,Ganjam,3379,Patrapur,19.3385,85.0263,461.4,3.42,12,Croplands
21,Odisha,354,Ganjam,3380,Polosara,19.2896,85.0352,458.8,3.44,12,Croplands
21,Odisha,354,Ganjam,3381,Purushottampur,19.245,85.0719,457.6,4.17,12,Croplands
21,Odisha,354,Ganjam,3382,Rangeilunda,19.3385,85.0739,463.3,4.16,12,Croplands
21,Odisha,354,Ganjam,3383,Sanakhemundi,19.3128,85.1189,463.5,6.31,12,Croplands
21,Odisha,354,Ganjam,3384,Sheragada,19.3097,85.1787,465.7,3.82,12,Croplands
21,Odisha,354,Ganjam,3385,Surada,19.3724,85.1051,466.5,3.75,12,Croplands
21,Odisha,355,Jagatsinghapur,3386,Balikuda,20.2624,86.2214,324.6,5.64,12,Croplands
21,Odisha,355,Jagatsinghapur,3387,Biridi,20.3325,86.2385,329.5,4.36,12,Croplands
21,Odisha,355,Jagatsinghapur,3388,Erasama,20.4065,86.1638,330.9,5.04,12,Croplands
21,Odisha,355,Jagatsinghapur,3389,Jagatsinghpur,20.3006,86.1231,323.0,3.48,12,Croplands
21,Odisha,355,Jagatsinghapur,3390,Kujang,20.2624,86.0582,318.1,6.2,12,Croplands
21,Odisha,355,Jagatsinghapur,3391,Naugaon,20.1605,86.0552,311.8,5.53,12,Croplands
21,Odisha,355,Jagatsinghapur,3392,Raghunathpur,20.2083,86.1638,319.0,4.18,12,Croplands
21,Odisha,355,Jagatsinghapur,3393,Tirtol,20.1923,86.2385,321.1,4.28,12,Croplands
21,Odisha,356,Jajapur,3394,Badchana,20.8177,86.4008,365.1,5.33,12,Croplands
21,Odisha,356,Jajapur,3395,Bari,20.8759,86.4287,369.7,3.42,12,Croplands
21,Odisha,356,Jajapur,3396,Binjharpur,20.9548,86.3906,372.9,5.04,12,Croplands
21,Odisha,356,Jajapur,3397,Dahrmasala,20.8691,86.3251,365.2,4.42,12,Croplands
21,Odisha,356,Jajapur,3398,Danagadi,20.8759,86.2572,362.8,3.76,12,Croplands
21,Odisha,356,Jajapur,3399,Dasarathapur,20.8177,86.1887,356.6,5.0,12,Croplands
21,Odisha,356,Jajapur,3400,Jajpur,20.7859,86.2961,359.0,4.59,12,Croplands
21,Odisha,356,Jajapur,3401,Korei,20.7234,86.3102,355.8,3.71,12,Croplands
21,Odisha,356,Jajapur,3402,Rasulpur,20.6806,86.3906,356.5,5.29,12,Croplands
21,Odisha,356,Jajapur,3403,Sukinda,20.7859,86.3897,362.7,6.15,12,Croplands
21,Odisha,357,Jharsuguda,3404,Jharsuguda,21.8653,84.0828,335.2,5.2,12,Croplands
21,Odisha,357,Jharsuguda,3405,Kirmira,21.9595,84.0575,339.9,4.69,12,Croplands
21,Odisha,357,Jharsuguda,3406,Kolabira,21.95,83.8989,493.0,4.46,12,Croplands
21,Odisha,357,Jharsuguda,3407,Laikera,21.8335,83.9774,489.1,4.42,12,Croplands
21,Odisha,357,Jharsuguda,3408,Lakhanpur,21.771,84.0575,328.6,4.81,12,Croplands
21,Odisha,358,Kalahandi,3409,Bhawanipatna,19.8683,83.1665,578.8,3.5,12,Croplands
21,Odisha,358,Kalahandi,3410,Dharamagarh,19.9143,83.2023,582.9,3.93,12,Croplands
21,Odisha,358,Kalahandi,3411,Golamunda,19.9869,83.1961,587.1,5.47,12,Croplands
21,Odisha,358,Kalahandi,3412,Jayapatna,19.9219,83.116,580.0,6.26,12,Croplands
21,Odisha,358,Kalahandi,3413,Junagarh,19.9609,83.0717,580.5,4.95,12,Croplands
21,Odisha,358,Kalahandi,3414,Kalampur,19.9639,82.9943,577.6,3.91,12,Croplands
21,Odisha,358,Kalahandi,3415,Karlamunda,19.8812,83.0532,575.0,5.76,12,Croplands
21,Odisha,358,Kalahandi,3416,Kesinga,19.8446,83.0067,570.9,5.79,12,Croplands
21,Odisha,358,Kalahandi,3417,Kokasara,19.7727,82.9943,566.1,4.02,12,Croplands
21,Odisha,358,Kalahandi,3418,Lanjigarh,19.8177,83.0887,572.6,5.3,12,Croplands
21,Odisha,358,Kalahandi,3419,Madanpur Rampur,19.7699,83.1217,571.1,5.85,12,Croplands
21,Odisha,358,Kalahandi,3420,Narala,19.7496,83.1961,572.8,5.67,12,Croplands
21,Odisha,358,Kalahandi,3421,Thuamul Ram Pur,19.8432,83.1599,577.0,4.93,12,Croplands
21,Odisha,359,Kandhamal,3422,Baliguda,20.1275,84.1054,231.9,3.87,12,Croplands
21,Odisha,359,Kandhamal,3423,Chakapad,20.177,84.1392,236.2,4.54,12,Croplands
21,Odisha,359,Kandhamal,3424,Daringibadi,20.2523,84.1246,240.1,6.17,12,Croplands
21,Odisha,359,Kandhamal,3425,G.Udayagiri,20.1815,84.0478,232.8,3.37,12,Croplands
21,Odisha,359,Kandhamal,3426,K.Nuagan,20.1996,83.9149,388.6,5.64,12,Croplands
21,Odisha,359,Kandhamal,3427,Khajuripada,20.2133,83.9951,392.6,4.65,12,Croplands
21,Odisha,359,Kandhamal,3428,Kotagarh,20.1275,83.9903,387.3,5.21,12,Croplands
21,Odisha,359,Kandhamal,3429,Phiringia,20.0779,83.9564,382.9,4.53,12,Croplands
21,Odisha,359,Kandhamal,3430,Phulbani,20.0027,83.9711,379.0,6.12,12,Croplands
21,Odisha,359,Kandhamal,3431,Raikia,20.0734,84.0478,226.3,5.7,12,Croplands
21,Odisha,359,Kandhamal,3432,Tikabali,20.0417,84.1006,226.5,4.42,12,Croplands
21,Odisha,359,Kandhamal,3433,Tumudibandh,20.0554,84.1808,230.6,3.42,12,Croplands
21,Odisha,360,Kendrapara,3434,Aul,20.5061,86.4788,349.5,4.27,12,Croplands
21,Odisha,360,Kendrapara,3435,Derabish,20.5698,86.5021,354.3,5.86,12,Croplands
21,Odisha,360,Kendrapara,3436,Garadapur,20.6481,86.4478,356.8,3.99,12,Croplands
21,Odisha,360,Kendrapara,3437,Kendrapada,20.5529,86.3922,348.9,6.09,12,Croplands
21,Odisha,360,Kendrapara,3438,Mahakalapada,20.54,86.3216,345.3,4.04,12,Croplands
21,Odisha,360,Kendrapara,3439,Marsaghai,20.4568,86.2765,338.5,3.95,12,Croplands
21,Odisha,360,Kendrapara,3440,Pattamundai,20.4593,86.3922,343.2,6.02,12,Croplands
21,Odisha,360,Kendrapara,3441,Rajkanika,20.4085,86.4394,342.1,3.28,12,Croplands
21,Odisha,360,Kendrapara,3442,Rajnagar,20.4135,86.539,346.4,5.25,12,Croplands
21,Odisha,361,Kendujhar,3443,Anandapur,21.6319,85.6432,383.6,3.7,12,Croplands
21,Odisha,361,Kendujhar,3444,Bansapal,21.678,85.6795,387.9,4.29,12,Croplands
21,Odisha,361,Kendujhar,3445,Champua,21.7506,85.6731,392.0,5.95,12,Croplands
21,Odisha,361,Kendujhar,3446,Ghasipura,21.6856,85.5921,384.8,3.29,12,Croplands
21,Odisha,361,Kendujhar,3447,Ghatgaon,21.7246,85.5473,385.4,5.18,12,Croplands
21,Odisha,361,Kendujhar,3448,Harichadanpur,21.7275,85.469,382.4,4.02,12,Croplands
21,Odisha,361,Kendujhar,3449,Hatadihi,21.6449,85.5286,379.8,5.81,12,Croplands
21,Odisha,361,Kendujhar,3450,Jhumpura,21.6082,85.4816,375.8,5.68,12,Croplands
21,Odisha,361,Kendujhar,3451,Joda,21.5363,85.469,370.9,3.75,12,Croplands
21,Odisha,361,Kendujhar,3452,Kendujhar Sadar,21.5814,85.5644,377.5,5.28,12,Croplands
21,Odisha,361,Kendujhar,3453,Patana,21.5336,85.5979,375.9,5.78,12,Croplands
21,Odisha,361,Kendujhar,3454,Saharapada,21.5133,85.6731,377.7,5.69,12,Croplands
21,Odisha,361,Kendujhar,3455,Telkoi,21.6068,85.6365,381.9,5.06,12,Croplands
21,Odisha,362,Khordha,3456,Balianta,20.1742,85.6715,297.3,3.48,12,Croplands
21,Odisha,362,Khordha,3457,Balipatna,20.2325,85.6993,301.9,4.73,12,Croplands
21,Odisha,362,Khordha,3458,Banapur,20.3113,85.6613,305.1,6.31,12,Croplands
21,Odisha,362,Khordha,3459,Begunia,20.2256,85.5961,297.4,5.79,12,Croplands
21,Odisha,362,Khordha,3460,Bhubaneswar,20.2325,85.5285,295.1,5.16,12,Croplands
21,Odisha,362,Khordha,3461,Bolagarh,20.1742,85.4603,288.9,3.27,12,Croplands
21,Odisha,362,Khordha,3462,Chilika,20.1424,85.5673,291.2,6.02,12,Croplands
21,Odisha,362,Khordha,3463,Jatni,20.08,85.5813,288.1,5.18,12,Croplands
21,Odisha,362,Khordha,3464,Khordha,20.0371,85.6613,288.7,3.52,12,Croplands
21,Odisha,362,Khordha,3465,Tangi,20.1424,85.6605,295.0,4.33,12,Croplands
21,Odisha,363,Koraput,3466,Bandhugaon,18.8113,82.7696,499.5,4.0,12,Croplands
21,Odisha,363,Koraput,3467,Boipariguda,18.8543,82.8069,503.5,4.21,12,Croplands
21,Odisha,363,Koraput,3468,Borigumma,18.924,82.8075,507.7,5.64,12,Croplands
21,Odisha,363,Koraput,3469,Dasamantapur,18.864,82.7252,500.8,3.62,12,Croplands
21,Odisha,363,Koraput,3470,Jeypore,18.9079,82.6892,502.0,5.98,12,Croplands
21,Odisha,363,Koraput,3471,Koraput,18.924,82.6176,500.1,5.96,12,Croplands
21,Odisha,363,Koraput,3472,Kotpad,18.8348,82.6611,496.5,3.92,12,Croplands
21,Odisha,363,Koraput,3473,Kundura,18.8113,82.6078,493.0,4.77,12,Croplands
21,Odisha,363,Koraput,3474,Lamtaput,18.7488,82.5753,487.9,3.35,12,Croplands
21,Odisha,363,Koraput,3475,Laxmipur,18.7691,82.6769,493.2,6.22,12,Croplands
21,Odisha,363,Koraput,3476,Nandapur,18.7147,82.6892,490.5,6.0,12,Croplands
21,Odisha,363,Koraput,3477,Narayan Patana,18.6708,82.7464,490.1,3.95,12,Croplands
21,Odisha,363,Koraput,3478,Pottangi,18.7691,82.7481,496.1,4.09,12,Croplands
21,Odisha,363,Koraput,3479,Semiliguda,18.7683,82.8069,498.4,4.92,12,Croplands
21,Odisha,364,Malkangiri,3480,Kalimela,18.4365,81.9521,444.3,5.53,12,Croplands
21,Odisha,364,Malkangiri,3481,Khairaput,18.4996,81.8532,444.1,5.0,12,Croplands
21,Odisha,364,Malkangiri,3482,Korukonda,18.3825,81.8357,436.4,3.48,12,Croplands
21,Odisha,364,Malkangiri,3483,Chitrakonda,18.3591,81.944,439.3,3.53,12,Croplands
21,Odisha,364,Malkangiri,3484,Malkangiri,18.3161,81.7929,430.7,4.9,12,Croplands
21,Odisha,364,Malkangiri,3485,Mathili,18.2185,81.8532,427.2,5.79,12,Croplands
21,Odisha,364,Malkangiri,3486,Podia,18.3168,81.9225,435.9,3.65,12,Croplands
21,Odisha,365,Mayurbhanj,3487,Badasahi,21.8949,86.4703,432.5,4.21,12,Croplands
21,Odisha,365,Mayurbhanj,3488,Bahalda,21.9186,86.5157,435.7,3.44,12,Croplands
21,Odisha,365,Mayurbhanj,3489,Bangriposi,21.9619,86.5496,439.7,3.83,12,Croplands
21,Odisha,365,Mayurbhanj,3490,Baripada,21.9307,86.4556,434.1,3.23,12,Croplands
21,Odisha,365,Mayurbhanj,3491,Betnoti,21.9765,86.4727,437.5,3.49,12,Croplands
21,Odisha,365,Mayurbhanj,3492,Bijatala,22.0297,86.4671,440.5,3.88,12,Croplands
21,Odisha,365,Mayurbhanj,3493,Bisoi,21.9486,86.419,433.7,3.82,12,Croplands
21,Odisha,365,Mayurbhanj,3494,Gopabandhunagar,21.9933,86.3992,435.6,3.36,12,Croplands
21,Odisha,365,Mayurbhanj,3495,Jamda,22.0297,86.3569,436.1,5.13,12,Croplands
21,Odisha,365,Mayurbhanj,3496,Joshipur,21.9394,86.3789,431.5,5.68,12,Croplands
21,Odisha,365,Mayurbhanj,3497,Kaptipada,21.9606,86.3321,430.9,6.32,12,Croplands
21,Odisha,365,Mayurbhanj,3498,Karanjia,21.9619,86.2745,428.7,5.4,12,Croplands
21,Odisha,365,Mayurbhanj,3499,Khunta,21.9078,86.3555,428.7,6.29,12,Croplands
21,Odisha,365,Mayurbhanj,3500,Kuliana,21.8949,86.3052,425.9,4.51,12,Croplands
21,Odisha,365,Mayurbhanj,3501,Kusumi,21.8604,86.2612,422.1,4.56,12,Croplands
21,Odisha,365,Mayurbhanj,3502,Morada,21.8698,86.3604,426.6,3.75,12,Croplands
21,Odisha,365,Mayurbhanj,3503,Rairangpur,21.8292,86.3321,423.0,3.65,12,Croplands
21,Odisha,365,Mayurbhanj,3504,Raruan,21.7763,86.3238,419.5,6.25,12,Croplands
21,Odisha,365,Mayurbhanj,3505,Rasgovindpur,21.8444,86.3914,426.3,5.73,12,Croplands
21,Odisha,365,Mayurbhanj,3506,Samakhunta,21.7965,86.3992,423.8,5.76,12,Croplands
21,Odisha,365,Mayurbhanj,3507,Saraskana,21.7518,86.4308,422.3,3.22,12,Croplands
21,Odisha,365,Mayurbhanj,3508,Sukruli,21.8444,86.4327,428.0,3.26,12,Croplands
21,Odisha,365,Mayurbhanj,3509,Suliapada,21.8133,86.4727,427.7,5.0,12,Croplands
21,Odisha,365,Mayurbhanj,3510,Thakurmunda,21.7993,86.5283,429.1,5.01,12,Croplands
21,Odisha,365,Mayurbhanj,3511,Tiring,21.8698,86.4636,430.7,5.55,12,Croplands
21,Odisha,365,Mayurbhanj,3512,Udala,21.8712,86.5157,432.9,3.36,12,Croplands
21,Odisha,366,Nabarangpur,3513,Chandahandi,19.2311,82.6055,518.1,3.68,12,Croplands
21,Odisha,366,Nabarangpur,3514,Dabugam,19.2894,82.6332,522.7,4.76,12,Croplands
21,Odisha,366,Nabarangpur,3515,Jharigam,19.3682,82.5954,525.9,6.18,12,Croplands
21,Odisha,366,Nabarangpur,3516,Kosagumuda,19.2825,82.5306,518.2,5.92,12,Croplands
21,Odisha,366,Nabarangpur,3517,Nabarangpur,19.2894,82.4633,515.9,5.33,12,Croplands
21,Odisha,366,Nabarangpur,3518,Nandahandi,19.2311,82.3956,509.7,3.65,12,Croplands
21,Odisha,366,Nabarangpur,3519,Papadahandi,19.1994,82.5019,512.0,6.39,12,Croplands
21,Odisha,366,Nabarangpur,3520,Raighar,19.1369,82.5158,508.8,5.68,12,Croplands
21,Odisha,366,Nabarangpur,3521,Tentulikhunti,19.0941,82.5954,509.5,4.07,12,Croplands
21,Odisha,366,Nabarangpur,3522,Umerkote,19.1994,82.5946,515.7,4.61,12,Croplands
21,Odisha,367,Nayagarh,3523,Bhapur,20.1313,85.1858,275.3,5.52,12,Croplands
21,Odisha,367,Nayagarh,3524,Dasapalla,20.2014,85.2029,280.2,4.17,12,Croplands
21,Odisha,367,Nayagarh,3525,Gania,20.2754,85.1283,281.7,4.81,12,Croplands
21,Odisha,367,Nayagarh,3526,Khandapara,20.1695,85.0876,273.7,3.34,12,Croplands
21,Odisha,367,Nayagarh,3527,Nayagarh,20.1313,85.0227,268.8,6.09,12,Croplands
21,Odisha,367,Nayagarh,3528,Nuagaon,20.0294,85.0197,262.6,5.51,12,Croplands
21,Odisha,367,Nayagarh,3529,Odagaon,20.0772,85.1283,269.8,4.11,12,Croplands
21,Odisha,367,Nayagarh,3530,Ranapur,20.0612,85.2029,271.8,4.22,12,Croplands
21,Odisha,368,Nuapada,3531,Boden,20.7765,82.604,370.7,3.38,12,Croplands
21,Odisha,368,Nuapada,3532,Khariar,20.8707,82.579,375.4,5.99,12,Croplands
21,Odisha,368,Nuapada,3533,Komna,20.8612,82.4215,368.5,5.93,12,Croplands
21,Odisha,368,Nuapada,3534,Nuapada,20.7447,82.4995,364.7,5.94,12,Croplands
21,Odisha,368,Nuapada,3535,Sinapali,20.6822,82.579,364.1,6.33,12,Croplands
21,Odisha,369,Puri,3536,Astaranga,19.7982,85.8824,523.2,3.45,12,Croplands
21,Odisha,369,Puri,3537,Brahmagiri,19.8518,85.9135,527.6,4.43,12,Croplands
21,Odisha,369,Puri,3538,Delanga,19.9294,85.8886,531.3,6.17,12,Croplands
21,Odisha,369,Puri,3539,Gop,19.8518,85.8168,523.8,6.09,12,Croplands
21,Odisha,369,Puri,3540,Kakat Pur,19.8731,85.756,522.6,3.39,12,Croplands
21,Odisha,369,Puri,3541,Kanas,19.8389,85.6779,517.4,6.2,12,Croplands
21,Odisha,369,Puri,3542,Krushnaprasad,19.783,85.7698,517.8,3.83,12,Croplands
21,Odisha,369,Puri,3543,Nimapada,19.7234,85.756,513.6,5.92,12,Croplands
21,Odisha,369,Puri,3544,Pipili,19.6556,85.8031,511.5,5.21,12,Croplands
21,Odisha,369,Puri,3545,Sadar,19.7491,85.8488,518.9,5.95,12,Croplands
21,Odisha,369,Puri,3546,Satyabadi,19.7447,85.9135,521.2,3.47,12,Croplands
21,Odisha,370,Rayagada,3547,Bissamcuttack,19.1732,83.4694,549.2,3.5,12,Croplands
21,Odisha,370,Rayagada,3548,Chandrapur,19.2268,83.5005,553.6,4.36,12,Croplands
21,Odisha,370,Rayagada,3549,Gudari,19.3043,83.4756,557.3,5.95,12,Croplands
21,Odisha,370,Rayagada,3550,Gunupur,19.2267,83.4041,549.8,6.07,12,Croplands
21,Odisha,370,Rayagada,3551,Kalyansingpur,19.2481,83.3435,548.6,3.36,12,Croplands
21,Odisha,370,Rayagada,3552,Kasipur,19.2138,83.2658,543.5,6.28,12,Croplands
21,Odisha,370,Rayagada,3553,Kolnara,19.158,83.3573,543.8,3.97,12,Croplands
21,Odisha,370,Rayagada,3554,Muniguda,19.0983,83.3435,539.6,6.18,12,Croplands
21,Odisha,370,Rayagada,3555,Padmapur,19.0306,83.3905,537.5,5.58,12,Croplands
21,Odisha,370,Rayagada,3556,Ramanaguda,19.1241,83.436,544.9,6.11,12,Croplands
21,Odisha,370,Rayagada,3557,Rayagada,19.1197,83.5005,547.2,3.6,12,Croplands
21,Odisha,371,Sambalpur,3558,Bamra,21.4653,84.0338,309.3,6.25,12,Croplands
21,Odisha,371,Sambalpur,3559,Dhankauda,21.529,84.0573,314.0,4.54,12,Croplands
21,Odisha,371,Sambalpur,3560,Jamankira,21.6072,84.0026,316.5,5.65,12,Croplands
21,Odisha,371,Sambalpur,3561,Jujomura,21.5121,83.9467,468.6,4.7,12,Croplands
21,Odisha,371,Sambalpur,3562,Kuchinda,21.4992,83.8757,465.0,5.81,12,Croplands
21,Odisha,371,Sambalpur,3563,Maneswar,21.416,83.8302,458.2,5.85,12,Croplands
21,Odisha,371,Sambalpur,3564,Naktideul,21.4185,83.9467,463.0,4.81,12,Croplands
21,Odisha,371,Sambalpur,3565,Rairakhol,21.3677,83.9942,461.8,5.41,12,Croplands
21,Odisha,371,Sambalpur,3566,Rengali,21.3726,84.0944,306.1,4.25,12,Croplands
21,Odisha,372,Sonepur,3567,Binika,25.706,85.2092,370.7,5.11,12,Croplands
21,Odisha,372,Sonepur,3568,Birmaharajpur,25.7918,85.2042,375.7,4.46,12,Croplands
21,Odisha,372,Sonepur,3569,Dunguripali,25.8308,85.0692,372.6,4.32,12,Croplands
21,Odisha,372,Sonepur,3570,Sonepur,25.706,85.0892,365.9,5.84,12,Croplands
21,Odisha,372,Sonepur,3571,Tarbha,25.6202,85.0942,361.0,3.3,12,Croplands
21,Odisha,372,Sonepur,3572,Ullunda,25.5812,85.2292,364.0,3.41,12,Croplands
21,Odisha,373,Sundargarh,3573,Balisankara,22.1196,84.1,351.2,3.41,12,Croplands
21,Odisha,373,Sundargarh,3574,Bargaon,22.1554,84.1414,355.0,3.35,12,Croplands
21,Odisha,373,Sundargarh,3575,Bisra,22.2167,84.1566,359.3,4.55,12,Croplands
21,Odisha,373,Sundargarh,3576,Bonaigarh,22.168,84.0676,352.8,6.09,12,Croplands
21,Odisha,373,Sundargarh,3577,Gurundia,22.2183,84.0515,355.2,5.99,12,Croplands
21,Odisha,373,Sundargarh,3578,Hemgir,22.2582,83.999,515.5,4.53,12,Croplands
21,Odisha,373,Sundargarh,3579,Koida,22.1627,84.0064,350.0,4.65,12,Croplands
21,Odisha,373,Sundargarh,3580,Kuarmunda,22.1717,83.9507,508.3,4.26,12,Croplands
21,Odisha,373,Sundargarh,3581,Kutra,22.1461,83.8887,504.3,4.65,12,Croplands
21,Odisha,373,Sundargarh,3582,Lahunipara,22.1096,83.9843,505.9,3.89,12,Croplands
21,Odisha,373,Sundargarh,3583,Lathikata,22.0674,83.9507,502.1,3.66,12,Croplands
21,Odisha,373,Sundargarh,3584,Lephripara,22.0046,83.9478,498.2,5.79,12,Croplands
21,Odisha,373,Sundargarh,3585,Nuagaon,22.0676,84.0256,345.1,4.99,12,Croplands
21,Odisha,373,Sundargarh,3586,Rajgangpur,22.0209,84.0515,343.3,5.51,12,Croplands
21,Odisha,373,Sundargarh,3587,Subdega,21.9905,84.111,343.9,4.51,12,Croplands
21,Odisha,373,Sundargarh,3588,Sundargarh,22.0832,84.0847,348.4,3.89,12,Croplands
21,Odisha,373,Sundargarh,3589,Tangarpali,22.0838,84.1414,350.7,4.93,12,Croplands
22,Chhattisgarh,374,Bastar,3591,Bakawand,19.2076,81.9913,492.1,5.48,12,Croplands
22,Chhattisgarh,374,Bastar,3592,Bastanar,19.2851,81.9995,497.1,4.29,12,Croplands
22,Chhattisgarh,374,Bastar,3593,Bastar,19.3481,81.9001,496.9,3.69,12,Croplands
22,Chhattisgarh,374,Bastar,3594,Darbha,19.231,81.8825,489.2,5.35,12,Croplands
22,Chhattisgarh,374,Bastar,3595,Jagdalpur,19.1646,81.8395,483.5,3.54,12,Croplands
22,Chhattisgarh,374,Bastar,3598,Lohandiguda,19.067,81.9001,480.0,4.47,12,Croplands
22,Chhattisgarh,374,Bastar,3603,Tokapal,19.1653,81.9698,488.7,5.58,12,Croplands
22,Chhattisgarh,375,Bilaspur,3604,Belha,22.0785,82.1985,432.6,5.46,12,Croplands
22,Chhattisgarh,375,Bilaspur,3607,Kota,22.1776,82.1402,436.3,4.54,12,Croplands
22,Chhattisgarh,375,Bilaspur,3610,Masturi,22.0785,81.9846,424.1,4.88,12,Croplands
22,Chhattisgarh,375,Bilaspur,3613,Takhatpur,22.0244,82.1402,427.1,4.07,12,Croplands
22,Chhattisgarh,376,Dantewada,3618,Dantewada,18.9,81.4054,450.2,5.25,12,Croplands
22,Chhattisgarh,376,Dantewada,3619,Geedam,18.9991,81.3482,453.9,4.43,12,Croplands
22,Chhattisgarh,376,Dantewada,3620,Katekalyan,18.9,81.1959,441.8,5.28,12,Croplands
22,Chhattisgarh,376,Dantewada,3622,Kuwakonda,18.8459,81.3482,444.7,4.06,12,Croplands
22,Chhattisgarh,377,Dhamtari,3625,Dhamtari,20.7065,81.6072,326.7,4.64,12,Croplands
22,Chhattisgarh,377,Dhamtari,3626,Kurud,20.8056,81.5494,330.3,3.75,12,Croplands
22,Chhattisgarh,377,Dhamtari,3627,Magarlod,20.7065,81.3953,318.2,4.33,12,Croplands
22,Chhattisgarh,377,Dhamtari,3628,Nagari,20.6524,81.5494,321.1,3.35,12,Croplands
22,Chhattisgarh,378,Durg,3632,Dhamdha,21.1992,81.3476,345.9,3.6,12,Croplands
22,Chhattisgarh,378,Durg,3635,Durg,21.285,81.2365,346.6,4.1,12,Croplands
22,Chhattisgarh,378,Durg,3639,Patan,21.0743,81.2124,333.0,6.0,12,Croplands
22,Chhattisgarh,379,Janjgir-Champa,3641,Akaltara,21.9206,82.6151,439.8,5.58,12,Croplands
22,Chhattisgarh,379,Janjgir-Champa,3642,Bamhindih,22.0626,82.5838,447.1,4.81,12,Croplands
22,Chhattisgarh,379,Janjgir-Champa,3643,Baloda,21.9843,82.6387,444.6,3.8,12,Croplands
22,Chhattisgarh,379,Janjgir-Champa,3644,Dabhara,21.9674,82.5277,439.2,3.94,12,Croplands
22,Chhattisgarh,379,Janjgir-Champa,3645,Jaijaipur,21.9545,82.4565,435.5,5.03,12,Croplands
22,Chhattisgarh,379,Janjgir-Champa,3646,Malkharoda,21.8713,82.4108,428.7,5.15,12,Croplands
22,Chhattisgarh,379,Janjgir-Champa,3647,Nawagarh,21.8738,82.5277,433.5,4.16,12,Croplands
22,Chhattisgarh,379,Janjgir-Champa,3648,Pamgarh,21.823,82.5754,432.4,4.83,12,Croplands
22,Chhattisgarh,379,Janjgir-Champa,3649,Sakti,21.828,82.6759,436.7,3.72,12,Croplands
22,Chhattisgarh,380,Jashpur,3650,Bagicha,22.8876,84.1971,401.1,5.66,12,Croplands
22,Chhattisgarh,380,Jashpur,3651,Duldula,22.9576,84.2145,406.0,4.29,12,Croplands
22,Chhattisgarh,380,Jashpur,3652,Jashpur,23.0317,84.1384,407.4,4.68,12,Croplands
22,Chhattisgarh,380,Jashpur,3653,Kansabel,22.9258,84.0969,399.4,6.39,12,Croplands
22,Chhattisgarh,380,Jashpur,3654,Kunkuri,22.8876,84.0308,394.5,5.81,12,Croplands
22,Chhattisgarh,380,Jashpur,3655,Manora,22.7856,84.0278,388.2,5.3,12,Croplands
22,Chhattisgarh,380,Jashpur,3656,Patthalgaon,22.8335,84.1384,395.5,4.14,12,Croplands
22,Chhattisgarh,380,Jashpur,3657,Pharsabahar,22.8175,84.2145,397.6,4.45,12,Croplands
22,Chhattisgarh,381,Kanker,3658,Antagarh,20.2734,81.5505,298.4,4.24,12,Croplands
22,Chhattisgarh,381,Kanker,3659,Bhanupratappur,20.3509,81.5587,303.4,6.23,12,Croplands
22,Chhattisgarh,381,Kanker,3660,Charama,20.414,81.4587,303.2,5.52,12,Croplands
22,Chhattisgarh,381,Kanker,3661,Durgukondal,20.2969,81.4409,295.5,4.0,12,Croplands
22,Chhattisgarh,381,Kanker,3662,Kanker,20.2304,81.3977,289.7,5.37,12,Croplands
22,Chhattisgarh,381,Kanker,3663,Koilebeda,20.1329,81.4587,286.3,6.4,12,Croplands
22,Chhattisgarh,381,Kanker,3664,Narharpur,20.2312,81.5288,295.0,4.34,12,Croplands
22,Chhattisgarh,382,Kabirdham,3665,Bodla,22.0909,81.2832,396.8,6.1,12,Croplands
22,Chhattisgarh,382,Kabirdham,3666,Kawardha,22.19,81.2248,400.4,5.1,12,Croplands
22,Chhattisgarh,382,Kabirdham,3667,Pandariya,22.0909,81.0693,388.2,5.52,12,Croplands
22,Chhattisgarh,382,Kabirdham,3668,S.Lohara,22.0368,81.2248,391.2,4.75,12,Croplands
22,Chhattisgarh,383,Korba,3669,Kartala,22.3458,82.7548,470.9,4.18,12,Croplands
22,Chhattisgarh,383,Korba,3670,Katghora,22.44,82.7294,475.6,3.56,12,Croplands
22,Chhattisgarh,383,Korba,3671,Korba,22.4305,82.5702,468.6,3.27,12,Croplands
22,Chhattisgarh,383,Korba,3672,Pali,22.314,82.649,464.8,3.38,12,Croplands
22,Chhattisgarh,383,Korba,3673,Podi Uparoda,22.2516,82.7294,464.3,3.89,12,Croplands
22,Chhattisgarh,384,Korea,3675,Bharatpur,21.3729,81.899,378.3,5.14,12,Croplands
22,Chhattisgarh,384,Korea,3676,Khadgawana,21.3634,81.741,371.4,5.01,12,Croplands
22,Chhattisgarh,384,Korea,3677,Manendragarh,21.2469,81.8192,367.6,5.12,12,Croplands
22,Chhattisgarh,384,Korea,3678,Sonhat,21.1845,81.899,367.0,5.59,12,Croplands
22,Chhattisgarh,384,Korea,7144,Baikunthpur,21.2787,81.9241,373.7,5.79,12,Croplands
22,Chhattisgarh,385,Mahasamund,3679,Bagbahara,21.1111,82.1535,372.8,5.08,12,Croplands
22,Chhattisgarh,385,Mahasamund,3680,Basna,21.2053,82.1284,377.5,4.45,12,Croplands
22,Chhattisgarh,385,Mahasamund,3681,Mahasamund,21.1958,81.9706,370.6,4.35,12,Croplands
22,Chhattisgarh,385,Mahasamund,3682,Pithora,21.0793,82.0487,366.7,4.42,12,Croplands
22,Chhattisgarh,385,Mahasamund,3683,Saraipali,21.0169,82.1284,366.1,4.87,12,Croplands
22,Chhattisgarh,386,Raigarh,3684,Baramkela,21.8962,83.4524,471.9,5.83,12,Croplands
22,Chhattisgarh,386,Raigarh,3685,Dharamjaigarh,21.9599,83.4759,476.6,4.1,12,Croplands
22,Chhattisgarh,386,Raigarh,3686,Gharghoda,22.0382,83.4211,479.1,5.16,12,Croplands
22,Chhattisgarh,386,Raigarh,3687,Kharsia,21.943,83.365,471.2,4.22,12,Croplands
22,Chhattisgarh,386,Raigarh,3688,Lailunga,21.9301,83.2938,467.6,5.31,12,Croplands
22,Chhattisgarh,386,Raigarh,3689,Pussore,21.8469,83.2481,460.7,5.37,12,Croplands
22,Chhattisgarh,386,Raigarh,3690,Raigarh,21.8494,83.365,465.6,4.38,12,Croplands
22,Chhattisgarh,386,Raigarh,3691,Sarangarh,21.7986,83.4127,464.4,5.02,12,Croplands
22,Chhattisgarh,386,Raigarh,3692,Tamnar,21.8036,83.5131,468.7,3.91,12,Croplands
22,Chhattisgarh,387,Raipur,3693,Abhanpur,21.244,81.6928,362.4,5.99,12,Croplands
22,Chhattisgarh,387,Raipur,3694,Arang,21.3431,81.6348,366.0,5.07,12,Croplands
22,Chhattisgarh,387,Raipur,3700,Dharsiwa,21.244,81.4801,353.8,5.57,12,Croplands
22,Chhattisgarh,387,Raipur,3707,Tilda,21.19,81.6348,356.8,4.67,12,Croplands
22,Chhattisgarh,388,Rajnandgaon,3708,A.Chowki (Td),21.0975,81.0923,329.5,5.48,12,Croplands
22,Chhattisgarh,388,Rajnandgaon,3709,Chhuikhadan,21.1612,81.1157,334.3,3.6,12,Croplands
22,Chhattisgarh,388,Rajnandgaon,3710,Chhuriya,21.2395,81.0612,336.8,4.56,12,Croplands
22,Chhattisgarh,388,Rajnandgaon,3711,Dongargaon,21.1444,81.0054,328.9,3.85,12,Croplands
22,Chhattisgarh,388,Rajnandgaon,3712,Dongarghar,21.1314,80.9345,325.3,5.01,12,Croplands
22,Chhattisgarh,388,Rajnandgaon,3713,Khairagarh,21.0482,80.8892,318.5,5.26,12,Croplands
22,Chhattisgarh,388,Rajnandgaon,3714,Manpur (Td),21.0507,81.0054,323.3,4.18,12,Croplands
22,Chhattisgarh,388,Rajnandgaon,3715,Mohala (Td),21.0,81.0528,322.1,4.89,12,Croplands
22,Chhattisgarh,388,Rajnandgaon,3716,Rajnandgaon,21.0049,81.1527,326.4,3.68,12,Croplands
22,Chhattisgarh,389,Surguja,3717,Ambikapur,22.9406,83.1822,523.7,3.4,12,Croplands
22,Chhattisgarh,389,Surguja,3719,Batauli,23.0181,83.1906,528.7,5.51,12,Croplands
22,Chhattisgarh,389,Surguja,3722,Lakhanpur,23.0811,83.0886,528.4,4.62,12,Croplands
22,Chhattisgarh,389,Surguja,3723,Lundra,22.964,83.0706,520.7,6.11,12,Croplands
22,Chhattisgarh,389,Surguja,3724,Mainpat,22.8976,83.0265,514.9,4.09,12,Croplands
22,Chhattisgarh,389,Surguja,3732,Sitapur,22.8001,83.0886,511.6,5.14,12,Croplands
22,Chhattisgarh,389,Surguja,3734,Udaipur,22.8983,83.1601,520.3,3.38,12,Croplands
22,Chhattisgarh,636,Bijapur,3614,Bhairamgarh,16.8282,75.77,420.5,5.66,12,Croplands
22,Chhattisgarh,636,Bijapur,3615,Bhopal Patnam,16.9273,75.7135,424.2,4.5,12,Croplands
22,Chhattisgarh,636,Bijapur,3616,Bijapur,16.8282,75.5629,412.2,6.07,12,Croplands
22,Chhattisgarh,636,Bijapur,3624,Usoor,16.7741,75.7135,415.0,4.82,12,Croplands
22,Chhattisgarh,637,Narayanpur,3600,Narayanpur,26.9509,93.917,473.7,5.72,12,Croplands
22,Chhattisgarh,637,Narayanpur,3601,Orchha(Abhujmad),26.9509,93.7452,466.9,5.21,12,Croplands
22,Chhattisgarh,642,Sukma,3617,Chhindgarh,18.3924,81.7157,432.2,5.56,12,Croplands
22,Chhattisgarh,642,Sukma,3621,Konta,18.4782,81.6066,433.0,6.35,12,Croplands
22,Chhattisgarh,642,Sukma,3623,Sukma,18.2675,81.5828,419.4,5.05,12,Croplands
22,Chhattisgarh,643,Kondagaon,3590,Baderajpur,19.5874,81.719,504.0,3.73,12,Croplands
22,Chhattisgarh,643,Kondagaon,3596,Keshkal,19.6816,81.6941,508.7,6.3,12,Croplands
22,Chhattisgarh,643,Kondagaon,3597,Kondagaon,19.6721,81.5378,501.8,3.22,12,Croplands
22,Chhattisgarh,643,Kondagaon,3599,Makdi,19.5556,81.6152,497.9,3.23,12,Croplands
22,Chhattisgarh,643,Kondagaon,3602,Pharasgaon,19.4932,81.6941,497.4,3.58,12,Croplands
22,Chhattisgarh,644,Baloda Bazar,3695,Baloda Bazar,21.6571,82.2179,408.1,3.68,12,Croplands
22,Chhattisgarh,644,Baloda Bazar,3696,Bhatapara,21.7429,82.213,413.1,6.04,12,Croplands
22,Chhattisgarh,644,Baloda Bazar,3697,Bilaigarh,21.7819,82.0822,410.2,6.33,12,Croplands
22,Chhattisgarh,644,Baloda Bazar,3703,Kasdol,21.6571,82.1016,403.5,4.87,12,Croplands
22,Chhattisgarh,644,Baloda Bazar,3705,Palari,21.5712,82.1064,398.5,5.71,12,Croplands
22,Chhattisgarh,644,Baloda Bazar,3706,Simga,21.5322,82.2373,401.4,5.4,12,Croplands
22,Chhattisgarh,645,Gariyaband,3698,Chhurra,20.6342,82.1191,342.8,5.17,12,Croplands
22,Chhattisgarh,645,Gariyaband,3699,Deobhog,20.7284,82.0941,347.5,4.54,12,Croplands
22,Chhattisgarh,645,Gariyaband,3701,Fingeshwar,20.7189,81.9367,340.6,4.51,12,Croplands
22,Chhattisgarh,645,Gariyaband,3702,Gariyaband,20.6024,82.0146,336.7,4.56,12,Croplands
22,Chhattisgarh,645,Gariyaband,3704,Mainpur,20.5399,82.0941,336.2,4.96,12,Croplands
22,Chhattisgarh,646,Balod,3629,Balod,20.7269,81.2632,314.1,3.47,12,Croplands
22,Chhattisgarh,646,Balod,3633,Dondi,20.8212,81.2381,318.8,5.98,12,Croplands
22,Chhattisgarh,646,Balod,3634,Dondilohara,20.8116,81.0807,311.9,5.94,12,Croplands
22,Chhattisgarh,646,Balod,3636,Gunderdehi,20.6951,81.1586,308.1,6.07,12,Croplands
22,Chhattisgarh,646,Balod,3637,Gurur,20.6327,81.2381,307.5,3.33,12,Croplands
22,Chhattisgarh,647,Mungeli,3608,Lormi,22.0662,81.7446,413.8,6.23,12,Croplands
22,Chhattisgarh,647,Mungeli,3611,Mungeli,22.152,81.6328,414.4,3.46,12,Croplands
22,Chhattisgarh,647,Mungeli,3612,Pathariya,21.9414,81.6085,400.8,5.28,12,Croplands
22,Chhattisgarh,648,Surajpur,3720,Bhaiyathan,23.2139,82.927,529.9,4.05,12,Croplands
22,Chhattisgarh,648,Surajpur,3725,Odagi,23.2997,82.9221,534.9,3.25,12,Croplands
22,Chhattisgarh,648,Surajpur,3726,Pratappur,23.3387,82.7898,531.9,3.37,12,Croplands
22,Chhattisgarh,648,Surajpur,3727,Premnagar,23.2139,82.8094,525.2,5.06,12,Croplands
22,Chhattisgarh,648,Surajpur,3729,Ramanujnagar,23.1281,82.8143,520.3,5.87,12,Croplands
22,Chhattisgarh,648,Surajpur,3733,Surajpur,23.0891,82.9467,523.2,5.73,12,Croplands
22,Chhattisgarh,649,Balrampur,3718,Balrampur,21.2787,81.9241,373.7,5.79,12,Croplands
22,Chhattisgarh,649,Balrampur,3721,Kusmi,21.3645,81.9193,378.6,4.93,12,Croplands
22,Chhattisgarh,649,Balrampur,3728,Rajpur,21.4035,81.7888,375.8,5.25,12,Croplands
22,Chhattisgarh,649,Balrampur,3730,Ramchandrapur,21.2787,81.8081,369.0,3.82,12,Croplands
22,Chhattisgarh,649,Balrampur,3731,Shankargarh,21.1929,81.8129,364.1,4.68,12,Croplands
22,Chhattisgarh,649,Balrampur,3735,Wadrafnagar,21.1539,81.9434,367.0,4.34,12,Croplands
22,Chhattisgarh,650,Bemetara,3630,Bemetara,21.7192,81.5916,386.8,3.28,12,Croplands
22,Chhattisgarh,650,Bemetara,3631,Berla,21.8183,81.5334,390.4,5.54,12,Croplands
22,Chhattisgarh,650,Bemetara,3638,Nawagarh,21.7192,81.3782,378.3,5.98,12,Croplands
22,Chhattisgarh,650,Bemetara,3640,Saja,21.6651,81.5334,381.2,5.14,12,Croplands
22,Chhattisgarh,734,Gaurella Pendra Marwahi,3605,Gaurella-1,22.0785,82.1985,432.6,5.46,12,Croplands
22,Chhattisgarh,734,Gaurella Pendra Marwahi,3606,Gaurella-2,22.1643,82.0867,433.3,5.92,12,Croplands
22,Chhattisgarh,734,Gaurella Pendra Marwahi,3609,Marwahi,21.9537,82.0624,419.7,4.46,12,Croplands
23,Madhya Pradesh,390,Anuppur,3736,Anuppur,23.1157,81.7549,612.9,3.32,12,Croplands
23,Madhya Pradesh,390,Anuppur,3737,Jaithari,23.2148,81.6961,615.5,3.35,12,Croplands
23,Madhya Pradesh,390,Anuppur,3738,Kotma,23.1157,81.5394,606.4,3.19,12,Croplands
23,Madhya Pradesh,390,Anuppur,3739,Pushprajgarh,23.0616,81.6961,608.7,3.25,12,Croplands
23,Madhya Pradesh,391,Ashoknagar,3740,Ashoknagar,24.5761,77.7901,709.6,4.22,12,Croplands
23,Madhya Pradesh,391,Ashoknagar,3741,Chanderi,24.6752,77.7307,712.3,4.24,12,Croplands
23,Madhya Pradesh,391,Ashoknagar,3742,Isagarh,24.5761,77.5722,703.1,4.09,12,Croplands
23,Madhya Pradesh,391,Ashoknagar,3743,Mungaoli,24.522,77.7307,705.4,4.15,12,Croplands
23,Madhya Pradesh,392,Balaghat,3744,Baihar,21.8166,80.243,509.0,4.04,12,Croplands
23,Madhya Pradesh,392,Balaghat,3745,Balaghat,21.8749,80.2711,512.5,4.09,12,Croplands
23,Madhya Pradesh,392,Balaghat,3746,Birsa,21.9537,80.2327,514.9,4.11,12,Croplands
23,Madhya Pradesh,392,Balaghat,3747,Katangi,21.868,80.1667,509.1,4.02,12,Croplands
23,Madhya Pradesh,392,Balaghat,3748,Khairlanji,21.8749,80.0984,507.3,3.98,12,Croplands
23,Madhya Pradesh,392,Balaghat,3749,Kirnapur,21.8166,80.0295,502.6,3.91,12,Croplands
23,Madhya Pradesh,392,Balaghat,3750,Lalbarra,21.7849,80.1376,504.4,3.95,12,Croplands
23,Madhya Pradesh,392,Balaghat,3751,Lanji,21.7224,80.1517,502.1,3.92,12,Croplands
23,Madhya Pradesh,392,Balaghat,3752,Paraswada,21.6796,80.2327,502.6,3.95,12,Croplands
23,Madhya Pradesh,392,Balaghat,3753,Waraseoni,21.7849,80.2318,507.3,4.01,12,Croplands
23,Madhya Pradesh,393,Barwani,3754,Barwani,22.0319,74.9624,660.3,3.4,12,Croplands
23,Madhya Pradesh,393,Barwani,3755,Newali,22.1094,74.9707,664.0,3.45,12,Croplands
23,Madhya Pradesh,393,Barwani,3756,Pansemal,22.1725,74.8695,663.8,3.43,12,Croplands
23,Madhya Pradesh,393,Barwani,3757,Pati,22.0554,74.8516,658.0,3.34,12,Croplands
23,Madhya Pradesh,393,Barwani,3758,Rajpur,21.9889,74.8078,653.7,3.28,12,Croplands
23,Madhya Pradesh,393,Barwani,3759,Sendhawa,21.8914,74.8695,651.2,3.26,12,Croplands
23,Madhya Pradesh,393,Barwani,3760,Thikri,21.9897,74.9404,657.7,3.36,12,Croplands
23,Madhya Pradesh,394,Betul,3761,Amla,21.9032,77.9583,594.4,5.12,12,Croplands
23,Madhya Pradesh,394,Betul,3762,Athner,21.9614,77.9865,597.9,5.17,12,Croplands
23,Madhya Pradesh,394,Betul,3763,Betul,22.0402,77.948,600.2,5.19,12,Croplands
23,Madhya Pradesh,394,Betul,3764,Bhainsdehi,21.9546,77.882,594.4,5.1,12,Croplands
23,Madhya Pradesh,394,Betul,3765,Bhimpur,21.9614,77.8136,592.7,5.06,12,Croplands
23,Madhya Pradesh,394,Betul,3766,Chicholi,21.9032,77.7447,588.0,4.99,12,Croplands
23,Madhya Pradesh,394,Betul,3767,Ghoradongri,21.8714,77.8529,589.8,5.03,12,Croplands
23,Madhya Pradesh,394,Betul,3768,Multai,21.8089,77.867,587.4,5.01,12,Croplands
23,Madhya Pradesh,394,Betul,3769,Prabhat Pattan,21.7661,77.948,587.9,5.03,12,Croplands
23,Madhya Pradesh,394,Betul,3770,Shahpur,21.8714,77.9472,592.6,5.09,12,Croplands
23,Madhya Pradesh,395,Bhind,3771,Ater,26.5671,78.8459,605.9,3.65,12,Croplands
23,Madhya Pradesh,395,Bhind,3772,Bhind,26.6529,78.8408,609.6,3.7,12,Croplands
23,Madhya Pradesh,395,Bhind,3773,Gohad,26.6919,78.7049,607.3,3.64,12,Croplands
23,Madhya Pradesh,395,Bhind,3774,Lahar,26.5671,78.725,602.3,3.58,12,Croplands
23,Madhya Pradesh,395,Bhind,3775,Mehgaon,26.4812,78.7301,598.6,3.53,12,Croplands
23,Madhya Pradesh,395,Bhind,3776,Raon,26.4422,78.866,600.9,3.58,12,Croplands
23,Madhya Pradesh,396,Bhopal,3777,Berasia,23.2647,77.464,640.8,3.24,12,Croplands
23,Madhya Pradesh,396,Bhopal,3778,Phanda,23.2647,77.2973,635.8,3.14,12,Croplands
23,Madhya Pradesh,397,Burhanpur,3779,Burhanpur,21.3087,76.2883,517.5,3.76,12,Croplands
23,Madhya Pradesh,397,Burhanpur,3780,Khaknar,21.3087,76.1239,512.6,3.66,12,Croplands
23,Madhya Pradesh,398,Chhatarpur,3781,Bada Malehara,24.9086,79.6559,780.6,3.14,12,Croplands
23,Madhya Pradesh,398,Chhatarpur,3782,Barigarh,24.9786,79.6736,784.2,3.19,12,Croplands
23,Madhya Pradesh,398,Chhatarpur,3783,Bijawar,25.0527,79.5963,560.3,3.19,12,Croplands
23,Madhya Pradesh,398,Chhatarpur,3784,Buxwaha,24.9468,79.5542,779.2,3.1,12,Croplands
23,Madhya Pradesh,398,Chhatarpur,3785,Chhatarpur,24.9086,79.4871,775.5,3.04,12,Croplands
23,Madhya Pradesh,398,Chhatarpur,3786,Laundi,24.8066,79.4839,770.8,2.97,12,Croplands
23,Madhya Pradesh,398,Chhatarpur,3787,Nowgong,24.8545,79.5963,776.3,3.07,12,Croplands
23,Madhya Pradesh,398,Chhatarpur,3788,Rajnagar,24.8385,79.6736,777.9,3.11,12,Croplands
23,Madhya Pradesh,399,Chhindwara,3789,Amarwara,22.057,78.9979,632.5,3.43,12,Croplands
23,Madhya Pradesh,399,Chhindwara,3790,Bichhua,22.1105,79.0295,635.9,3.48,12,Croplands
23,Madhya Pradesh,399,Chhindwara,3791,Chaurai,22.1881,79.0042,638.6,3.52,12,Croplands
23,Madhya Pradesh,399,Chhindwara,3792,Chhindwara,22.1105,78.9313,632.9,3.43,12,Croplands
23,Madhya Pradesh,399,Chhindwara,3793,Harrai,22.1319,78.8696,632.0,3.4,12,Croplands
23,Madhya Pradesh,399,Chhindwara,3794,Jamai,22.0976,78.7904,628.1,3.33,12,Croplands
23,Madhya Pradesh,399,Chhindwara,3795,Mohkhed,22.0417,78.8836,628.4,3.36,12,Croplands
23,Madhya Pradesh,399,Chhindwara,3796,Pandhurna,21.9821,78.8696,625.3,3.31,12,Croplands
23,Madhya Pradesh,399,Chhindwara,3797,Parasia,21.9143,78.9174,623.7,3.3,12,Croplands
23,Madhya Pradesh,399,Chhindwara,3798,Sausar,22.0078,78.9638,629.3,3.38,12,Croplands
23,Madhya Pradesh,399,Chhindwara,3799,Tamia,22.0034,79.0295,631.0,3.42,12,Croplands
23,Madhya Pradesh,400,Damoh,3800,Batiyagarh,23.8357,79.5027,727.7,4.8,12,Croplands
23,Madhya Pradesh,400,Damoh,3801,Damoh,23.9132,79.5111,731.4,4.85,12,Croplands
23,Madhya Pradesh,400,Damoh,3802,Hatta,23.9762,79.4085,731.2,4.83,12,Croplands
23,Madhya Pradesh,400,Damoh,3803,Jabera,23.8592,79.3903,725.4,4.75,12,Croplands
23,Madhya Pradesh,400,Damoh,3804,Patera,23.7927,79.346,721.1,4.68,12,Croplands
23,Madhya Pradesh,400,Damoh,3805,Pathariya,23.6952,79.4085,718.5,4.66,12,Croplands
23,Madhya Pradesh,400,Damoh,3806,Tendukheda,23.7934,79.4804,725.1,4.76,12,Croplands
23,Madhya Pradesh,401,Datia,3807,Bhander,25.6651,78.5209,555.6,2.91,12,Croplands
23,Madhya Pradesh,401,Datia,3808,Datia,25.751,78.4059,556.0,2.89,12,Croplands
23,Madhya Pradesh,401,Datia,3809,Seondha,25.5403,78.381,545.7,5.15,12,Croplands
23,Madhya Pradesh,402,Dewas,3810,Bagli,22.9658,76.114,586.9,4.65,12,Croplands
23,Madhya Pradesh,402,Dewas,3811,Dewas,23.0517,76.1091,590.6,4.7,12,Croplands
23,Madhya Pradesh,402,Dewas,3812,Kannod,23.0907,75.977,588.4,4.64,12,Croplands
23,Madhya Pradesh,402,Dewas,3813,Khategaon,22.9658,75.9966,583.4,4.58,12,Croplands
23,Madhya Pradesh,402,Dewas,3814,Sonkatch,22.88,76.0014,579.6,4.53,12,Croplands
23,Madhya Pradesh,402,Dewas,3815,Tonk Khurd,22.841,76.1335,581.8,4.58,12,Croplands
23,Madhya Pradesh,403,Dhar,3816,Badnawar,22.5953,75.3592,547.6,3.97,12,Croplands
23,Madhya Pradesh,403,Dhar,3817,Bagh,22.6413,75.3957,550.7,4.02,12,Croplands
23,Madhya Pradesh,403,Dhar,3818,Dahi,22.7139,75.3893,553.8,4.06,12,Croplands
23,Madhya Pradesh,403,Dhar,3819,Dhar,22.6489,75.3077,548.4,3.97,12,Croplands
23,Madhya Pradesh,403,Dhar,3820,Dharampuri,22.6879,75.2625,548.8,3.97,12,Croplands
23,Madhya Pradesh,403,Dhar,3821,Gandhwani,22.6909,75.1837,546.6,3.92,12,Croplands
23,Madhya Pradesh,403,Dhar,3822,Kukshi,22.6082,75.2438,544.7,3.91,12,Croplands
23,Madhya Pradesh,403,Dhar,3823,Manawar,22.5716,75.1964,541.6,3.86,12,Croplands
23,Madhya Pradesh,403,Dhar,3824,Nalchha,22.4997,75.1837,538.0,3.81,12,Croplands
23,Madhya Pradesh,403,Dhar,3825,Nisarpur,22.5447,75.2798,542.9,3.89,12,Croplands
23,Madhya Pradesh,403,Dhar,3826,Sardarpur,22.4969,75.3135,541.8,3.89,12,Croplands
23,Madhya Pradesh,403,Dhar,3827,Tirla,22.4767,75.3893,543.1,3.92,12,Croplands
23,Madhya Pradesh,403,Dhar,3828,Umarban,22.5702,75.3525,546.2,3.95,12,Croplands
23,Madhya Pradesh,404,Dindori,3829,Amarpur,22.947,81.1338,586.6,2.85,12,Croplands
23,Madhya Pradesh,404,Dindori,3830,Bajag,23.0245,81.1422,590.4,2.9,12,Croplands
23,Madhya Pradesh,404,Dindori,3831,Dindori,23.0875,81.0402,590.1,2.88,12,Croplands
23,Madhya Pradesh,404,Dindori,3832,Karanjiya,22.9705,81.0222,584.3,5.2,12,Croplands
23,Madhya Pradesh,404,Dindori,3833,Mehandwani,22.904,80.9781,580.0,5.13,12,Croplands
23,Madhya Pradesh,404,Dindori,3834,Samnapur,22.8065,81.0402,577.5,5.11,12,Croplands
23,Madhya Pradesh,404,Dindori,3835,Shahpura,22.9047,81.1117,584.1,2.81,12,Croplands
23,Madhya Pradesh,405,East Nimar,3836,Baladi,21.8994,76.6167,554.0,4.31,12,Croplands
23,Madhya Pradesh,405,East Nimar,3837,Chhaigaon Makhan,21.9769,76.625,557.7,4.36,12,Croplands
23,Madhya Pradesh,405,East Nimar,3838,Harsud,22.0399,76.5238,557.5,4.34,12,Croplands
23,Madhya Pradesh,405,East Nimar,3839,Khalwa,21.9228,76.5059,551.7,4.26,12,Croplands
23,Madhya Pradesh,405,East Nimar,3840,Khandwa,21.8564,76.4622,547.4,4.19,12,Croplands
23,Madhya Pradesh,405,East Nimar,3841,Pandhana,21.7588,76.5238,544.9,4.17,12,Croplands
23,Madhya Pradesh,405,East Nimar,3842,Punasa,21.8571,76.5947,551.4,4.27,12,Croplands
23,Madhya Pradesh,406,Guna,3843,Aron,24.6464,77.3704,700.2,4.01,12,Croplands
23,Madhya Pradesh,406,Guna,3844,Bamori,24.7407,77.3446,703.7,4.05,12,Croplands
23,Madhya Pradesh,406,Guna,3845,Chanchoda,24.7312,77.1826,698.4,3.95,12,Croplands
23,Madhya Pradesh,406,Guna,3846,Guna,24.6147,77.2628,695.5,3.93,12,Croplands
23,Madhya Pradesh,406,Guna,3847,Raghogarh,24.5522,77.3446,695.2,3.94,12,Croplands
23,Madhya Pradesh,407,Gwalior,3848,Bhitarwar,26.2201,78.2365,572.0,3.07,12,Croplands
23,Madhya Pradesh,407,Gwalior,3849,Dabra,26.3192,78.1762,574.6,3.1,12,Croplands
23,Madhya Pradesh,407,Gwalior,3850,Ghatigaon,26.2201,78.0155,565.4,2.94,12,Croplands
23,Madhya Pradesh,407,Gwalior,3851,Morar,26.1661,78.1762,567.8,3.01,12,Croplands
23,Madhya Pradesh,408,Harda,3852,Harda,22.3438,77.1482,589.9,4.9,12,Croplands
23,Madhya Pradesh,408,Harda,3853,Khirkiya,22.4297,77.0361,590.4,4.88,12,Croplands
23,Madhya Pradesh,408,Harda,3854,Timarni,22.219,77.0118,580.2,4.74,12,Croplands
23,Madhya Pradesh,409,Hoshangabad,3855,Babai,22.7475,77.786,627.2,3.12,12,Croplands
23,Madhya Pradesh,409,Hoshangabad,3856,Bankhedi,22.8249,77.7944,631.0,3.17,12,Croplands
23,Madhya Pradesh,409,Hoshangabad,3857,Hoshangabad,22.888,77.6926,630.7,3.15,12,Croplands
23,Madhya Pradesh,409,Hoshangabad,3858,Kesla,22.7709,77.6746,624.9,3.07,12,Croplands
23,Madhya Pradesh,409,Hoshangabad,3859,Pipariya,22.7045,77.6305,620.6,3.0,12,Croplands
23,Madhya Pradesh,409,Hoshangabad,3860,Seoni Malwa,22.6069,77.6926,618.1,2.98,12,Croplands
23,Madhya Pradesh,409,Hoshangabad,3861,Sohagpur,22.7052,77.7639,624.7,3.08,12,Croplands
23,Madhya Pradesh,410,Indore,3862,Depalpur,22.7162,75.9237,569.9,4.38,12,Croplands
23,Madhya Pradesh,410,Indore,3863,Indore,22.8153,75.8651,572.6,4.41,12,Croplands
23,Madhya Pradesh,410,Indore,3864,Mhow,22.7162,75.7089,563.5,4.26,12,Croplands
23,Madhya Pradesh,410,Indore,3865,Sanwer,22.6622,75.8651,565.8,4.32,12,Croplands
23,Madhya Pradesh,411,Jabalpur,3866,Jabalpur,23.1742,79.9901,712.5,4.7,12,Croplands
23,Madhya Pradesh,411,Jabalpur,3867,Kundam,23.2516,79.9986,716.3,4.75,12,Croplands
23,Madhya Pradesh,411,Jabalpur,3868,Majhouli,23.3147,79.8965,716.1,4.73,12,Croplands
23,Madhya Pradesh,411,Jabalpur,3869,Panagar,23.1976,79.8784,710.2,4.65,12,Croplands
23,Madhya Pradesh,411,Jabalpur,3870,Patan,23.1312,79.8342,705.9,4.58,12,Croplands
23,Madhya Pradesh,411,Jabalpur,3871,Shahpura,23.0336,79.8965,703.4,4.56,12,Croplands
23,Madhya Pradesh,411,Jabalpur,3872,Sihora,23.1319,79.968,710.0,4.66,12,Croplands
23,Madhya Pradesh,412,Jhabua,3875,Jhabua,22.7699,74.6561,684.3,3.66,12,Croplands
23,Madhya Pradesh,412,Jhabua,3878,Meghnagar,22.8557,74.6512,688.0,3.7,12,Croplands
23,Madhya Pradesh,412,Jhabua,3879,Petlawad,22.8948,74.5193,685.8,3.65,12,Croplands
23,Madhya Pradesh,412,Jhabua,3880,Rama,22.7699,74.5389,680.8,3.59,12,Croplands
23,Madhya Pradesh,412,Jhabua,3881,Ranapur,22.6841,74.5438,677.1,3.54,12,Croplands
23,Madhya Pradesh,412,Jhabua,3883,Thandla,22.6451,74.6757,679.3,3.59,12,Croplands
23,Madhya Pradesh,413,Katni,3885,Badwara,23.7513,80.4673,602.8,2.93,12,Croplands
23,Madhya Pradesh,413,Katni,3886,Bahoriband,23.8371,80.4624,606.5,2.98,12,Croplands
23,Madhya Pradesh,413,Katni,3887,Dheemerkheda,23.8761,80.3295,604.3,2.92,12,Croplands
23,Madhya Pradesh,413,Katni,3888,Katni,23.7513,80.3492,599.3,2.86,12,Croplands
23,Madhya Pradesh,413,Katni,3889,Rithi,23.6655,80.3541,595.6,2.81,12,Croplands
23,Madhya Pradesh,413,Katni,3890,Vijayraghavgarh,23.6265,80.487,597.8,2.87,12,Croplands
23,Madhya Pradesh,414,Khargone,3891,Barwah,21.8257,75.6795,522.5,3.7,12,Croplands
23,Madhya Pradesh,414,Khargone,3892,Bhagvanpura,21.8894,75.7031,526.1,3.76,12,Croplands
23,Madhya Pradesh,414,Khargone,3893,Bhikangaon,21.9677,75.6483,528.0,3.77,12,Croplands
23,Madhya Pradesh,414,Khargone,3894,Gogawan,21.8726,75.5922,522.0,3.68,12,Croplands
23,Madhya Pradesh,414,Khargone,3895,Kasrawad,21.8596,75.521,519.3,3.63,12,Croplands
23,Madhya Pradesh,414,Khargone,3896,Khargone,21.7764,75.4754,514.2,3.55,12,Croplands
23,Madhya Pradesh,414,Khargone,3897,Maheshwar,21.7789,75.5922,517.8,3.62,12,Croplands
23,Madhya Pradesh,414,Khargone,3898,Segaon,21.7281,75.6398,517.0,3.62,12,Croplands
23,Madhya Pradesh,414,Khargone,3899,Ziranya,21.7331,75.7402,520.2,3.68,12,Croplands
23,Madhya Pradesh,415,Mandla,3900,Bichhiya,22.6096,80.4286,550.3,4.62,12,Croplands
23,Madhya Pradesh,415,Mandla,3901,Bijadandi,22.6733,80.4523,553.9,4.68,12,Croplands
23,Madhya Pradesh,415,Mandla,3902,Ghughri,22.7515,80.3972,555.7,4.69,12,Croplands
23,Madhya Pradesh,415,Mandla,3903,Mandla,22.6564,80.3408,549.8,4.6,12,Croplands
23,Madhya Pradesh,415,Mandla,3904,Mawai,22.6435,80.2692,547.0,4.55,12,Croplands
23,Madhya Pradesh,415,Mandla,3905,Mohgaon,22.5603,80.2233,541.9,4.47,12,Croplands
23,Madhya Pradesh,415,Mandla,3906,Nainpur,22.5628,80.3408,545.6,4.54,12,Croplands
23,Madhya Pradesh,415,Mandla,3907,Narayanganj,22.512,80.3887,544.7,4.54,12,Croplands
23,Madhya Pradesh,415,Mandla,3908,Niwas,22.5169,80.4897,548.0,4.6,12,Croplands
23,Madhya Pradesh,416,Mandsaur,3909,Bhanpura,24.0726,75.1252,607.0,4.72,12,Croplands
23,Madhya Pradesh,416,Mandsaur,3910,Garoth,24.1668,75.0995,610.5,4.76,12,Croplands
23,Madhya Pradesh,416,Mandsaur,3911,Malhargarh,24.1573,74.9383,755.2,4.66,12,Croplands
23,Madhya Pradesh,416,Mandsaur,3912,Mandsaur,24.0408,75.0181,602.4,4.64,12,Croplands
23,Madhya Pradesh,416,Mandsaur,3913,Sitamau,23.9783,75.0995,602.0,4.65,12,Croplands
23,Madhya Pradesh,417,Morena,3914,Ambah,26.4905,78.0461,578.5,3.12,12,Croplands
23,Madhya Pradesh,417,Morena,3915,Joura,26.568,78.0548,582.2,3.17,12,Croplands
23,Madhya Pradesh,417,Morena,3916,Kailaras,26.6311,77.9499,581.9,3.15,12,Croplands
23,Madhya Pradesh,417,Morena,3917,Morena,26.514,77.9313,576.1,3.07,12,Croplands
23,Madhya Pradesh,417,Morena,3918,Pahadgarh,26.4475,77.886,571.7,3.0,12,Croplands
23,Madhya Pradesh,417,Morena,3919,Porsa,26.35,77.9499,569.2,2.98,12,Croplands
23,Madhya Pradesh,417,Morena,3920,Sabalgarh,26.4483,78.0234,575.9,3.08,12,Croplands
23,Madhya Pradesh,418,Narsinghpur,3921,Babai Chichali,22.9458,79.255,680.2,4.12,12,Croplands
23,Madhya Pradesh,418,Narsinghpur,3922,Chawarpatha,23.0316,79.2501,683.9,4.17,12,Croplands
23,Madhya Pradesh,418,Narsinghpur,3923,Gotegaon,23.0706,79.118,681.7,4.11,12,Croplands
23,Madhya Pradesh,418,Narsinghpur,3924,Kareli,22.9458,79.1376,676.7,4.05,12,Croplands
23,Madhya Pradesh,418,Narsinghpur,3925,Narsimhapur,22.86,79.1425,673.0,4.0,12,Croplands
23,Madhya Pradesh,418,Narsinghpur,3926,Sainkheda,22.821,79.2745,675.2,4.06,12,Croplands
23,Madhya Pradesh,419,Neemuch,3927,Jawad,24.4585,74.9218,768.3,4.83,12,Croplands
23,Madhya Pradesh,419,Neemuch,3928,Manasa,24.5444,74.808,768.7,4.81,12,Croplands
23,Madhya Pradesh,419,Neemuch,3929,Neemuch,24.3337,74.7833,758.5,4.67,12,Croplands
23,Madhya Pradesh,420,Panna,3930,Ajaigarh,24.7079,80.236,638.9,3.37,12,Croplands
23,Madhya Pradesh,420,Panna,3931,Gunour,24.8022,80.2102,642.4,3.41,12,Croplands
23,Madhya Pradesh,420,Panna,3932,Panna,24.7927,80.0482,637.1,3.3,12,Croplands
23,Madhya Pradesh,420,Panna,3933,Pawai,24.6762,80.1284,634.3,3.28,12,Croplands
23,Madhya Pradesh,420,Panna,3934,Shahnagar,24.6137,80.2102,633.9,3.29,12,Croplands
23,Madhya Pradesh,421,Raisen,3935,Badi,23.3301,77.8433,655.2,3.5,12,Croplands
23,Madhya Pradesh,421,Raisen,3936,Begamganj,23.4076,77.8518,658.9,3.56,12,Croplands
23,Madhya Pradesh,421,Raisen,3937,Gairatganj,23.4706,77.7495,658.7,3.53,12,Croplands
23,Madhya Pradesh,421,Raisen,3938,Obaidallaganj,23.3536,77.7314,652.9,3.45,12,Croplands
23,Madhya Pradesh,421,Raisen,3939,Sanchi,23.2871,77.6872,648.5,3.38,12,Croplands
23,Madhya Pradesh,421,Raisen,3940,Silwani,23.1896,77.7495,646.0,3.36,12,Croplands
23,Madhya Pradesh,421,Raisen,3941,Udaipura,23.2878,77.8212,652.6,3.47,12,Croplands
23,Madhya Pradesh,422,Rajgarh,3942,Biaora,24.0057,76.7863,653.8,3.28,12,Croplands
23,Madhya Pradesh,422,Rajgarh,3943,Khilchipur,24.0916,76.7814,657.6,3.32,12,Croplands
23,Madhya Pradesh,422,Rajgarh,3944,Narsinghgarh,24.1306,76.6483,655.3,3.27,12,Croplands
23,Madhya Pradesh,422,Rajgarh,3945,Rajgarh,24.0057,76.668,650.3,3.2,12,Croplands
23,Madhya Pradesh,422,Rajgarh,3946,Sarangpur,23.9199,76.6729,646.6,3.16,12,Croplands
23,Madhya Pradesh,422,Rajgarh,3947,Zirapur,23.8809,76.8061,648.8,3.21,12,Croplands
23,Madhya Pradesh,423,Ratlam,3948,Alot,23.3303,75.0992,572.8,4.26,12,Croplands
23,Madhya Pradesh,423,Ratlam,3949,Bajna,23.4162,75.0943,576.6,4.31,12,Croplands
23,Madhya Pradesh,423,Ratlam,3950,Jaora,23.4552,74.9618,724.3,4.25,12,Croplands
23,Madhya Pradesh,423,Ratlam,3951,Piploda,23.3303,74.9815,719.3,4.19,12,Croplands
23,Madhya Pradesh,423,Ratlam,3952,Ratlam,23.2445,74.9864,715.6,4.14,12,Croplands
23,Madhya Pradesh,423,Ratlam,3953,Sailana,23.2055,75.1188,567.8,4.19,12,Croplands
23,Madhya Pradesh,424,Rewa,3954,Gangev,24.5261,81.3619,664.5,3.93,12,Croplands
23,Madhya Pradesh,424,Rewa,3955,Hanumana,24.5898,81.3859,668.1,3.99,12,Croplands
23,Madhya Pradesh,424,Rewa,3956,Jawa,24.6681,81.33,670.0,4.0,12,Croplands
23,Madhya Pradesh,424,Rewa,3957,Mauganj,24.5729,81.2727,664.0,3.91,12,Croplands
23,Madhya Pradesh,424,Rewa,3958,Naigarhi,24.56,81.2001,661.2,3.86,12,Croplands
23,Madhya Pradesh,424,Rewa,3959,Raipur Karchuliyan,24.4768,81.1536,656.1,3.78,12,Croplands
23,Madhya Pradesh,424,Rewa,3960,Rewa,24.4793,81.2727,659.7,3.85,12,Croplands
23,Madhya Pradesh,424,Rewa,3961,Sirmour,24.4285,81.3214,658.9,3.85,12,Croplands
23,Madhya Pradesh,424,Rewa,3962,Teonthar,24.4335,81.4238,662.2,3.91,12,Croplands
23,Madhya Pradesh,425,Sagar,3963,Banda,23.8432,78.8018,707.0,4.39,12,Croplands
23,Madhya Pradesh,425,Sagar,3964,Bina,23.8967,78.8339,710.4,4.44,12,Croplands
23,Madhya Pradesh,425,Sagar,3965,Deori,23.9743,78.8082,713.1,4.47,12,Croplands
23,Madhya Pradesh,425,Sagar,3966,Jaisinagar,23.8967,78.7343,707.4,4.38,12,Croplands
23,Madhya Pradesh,425,Sagar,3967,Kesli,23.918,78.6718,706.5,4.35,12,Croplands
23,Madhya Pradesh,425,Sagar,3968,Khurai,23.8838,78.5915,702.5,4.29,12,Croplands
23,Madhya Pradesh,425,Sagar,3969,Malthone,23.8279,78.686,702.8,4.31,12,Croplands
23,Madhya Pradesh,425,Sagar,3970,Rahatgarh,23.7683,78.6718,699.7,4.26,12,Croplands
23,Madhya Pradesh,425,Sagar,3971,Rehli,23.7005,78.7203,698.1,4.25,12,Croplands
23,Madhya Pradesh,425,Sagar,3972,Sagar,23.794,78.7673,703.7,4.34,12,Croplands
23,Madhya Pradesh,425,Sagar,3973,Shahgarh,23.7896,78.8339,705.5,4.37,12,Croplands
23,Madhya Pradesh,426,Satna,3974,Amarpatan,24.5761,80.8601,651.7,3.66,12,Croplands
23,Madhya Pradesh,426,Satna,3975,Maihar,24.6462,80.8777,655.4,3.71,12,Croplands
23,Madhya Pradesh,426,Satna,3976,Majhgawan,24.7202,80.8007,656.4,3.71,12,Croplands
23,Madhya Pradesh,426,Satna,3977,Nagod,24.6143,80.7586,650.4,3.62,12,Croplands
23,Madhya Pradesh,426,Satna,3978,Ramnagar,24.5761,80.6917,646.7,3.56,12,Croplands
23,Madhya Pradesh,426,Satna,3979,Rampur Baghelan,24.4742,80.6886,642.0,3.5,12,Croplands
23,Madhya Pradesh,426,Satna,3980,Sohawal,24.522,80.8007,647.5,3.59,12,Croplands
23,Madhya Pradesh,426,Satna,3981,Unchahara,24.506,80.8777,649.1,3.63,12,Croplands
23,Madhya Pradesh,427,Sehore,3982,Ashta,23.2011,77.1359,628.1,3.0,12,Croplands
23,Madhya Pradesh,427,Sehore,3983,Budni,23.2953,77.1104,631.6,3.04,12,Croplands
23,Madhya Pradesh,427,Sehore,3984,Ichhawar,23.2858,76.9502,626.4,2.94,12,Croplands
23,Madhya Pradesh,427,Sehore,3985,Nasrullaganj,23.1693,77.0295,623.5,2.92,12,Croplands
23,Madhya Pradesh,427,Sehore,3986,Sehore,23.1068,77.1104,623.1,2.93,12,Croplands
23,Madhya Pradesh,428,Seoni,3987,Barghat,22.085,79.6087,652.1,3.82,12,Croplands
23,Madhya Pradesh,428,Seoni,3988,Chhapara,22.1551,79.626,655.8,3.87,12,Croplands
23,Madhya Pradesh,428,Seoni,3989,Dhanaura,22.2292,79.5504,656.8,3.87,12,Croplands
23,Madhya Pradesh,428,Seoni,3990,Kahnapas(Ghansaur),22.1233,79.5091,650.8,3.78,12,Croplands
23,Madhya Pradesh,428,Seoni,3991,Keolari,22.085,79.4434,647.1,3.72,12,Croplands
23,Madhya Pradesh,428,Seoni,3992,Kurai,21.9831,79.4404,642.5,3.65,12,Croplands
23,Madhya Pradesh,428,Seoni,3993,Lakhnadon,22.031,79.5504,647.9,3.75,12,Croplands
23,Madhya Pradesh,428,Seoni,3994,Seoni,22.015,79.626,649.5,3.78,12,Croplands
23,Madhya Pradesh,429,Shahdol,3995,Beohari,23.2927,81.4175,610.7,3.23,12,Croplands
23,Madhya Pradesh,429,Shahdol,3996,Burhar,23.3869,81.392,614.2,3.27,12,Croplands
23,Madhya Pradesh,429,Shahdol,3997,Gohparu,23.3774,81.2317,608.9,3.17,12,Croplands
23,Madhya Pradesh,429,Shahdol,3998,Jaisinghnagar,23.2609,81.311,606.1,3.14,12,Croplands
23,Madhya Pradesh,429,Shahdol,3999,Sohagpur,23.1984,81.392,605.7,3.15,12,Croplands
23,Madhya Pradesh,430,Shajapur,4002,Kalapipal,23.42,76.3398,614.1,5.06,12,Croplands
23,Madhya Pradesh,430,Shajapur,4003,Moman Badodia,23.5191,76.2808,616.8,5.08,12,Croplands
23,Madhya Pradesh,430,Shajapur,4005,Shajapur,23.42,76.1238,607.6,4.93,12,Croplands
23,Madhya Pradesh,430,Shajapur,4006,Shujalpur,23.3659,76.2808,609.9,4.99,12,Croplands
23,Madhya Pradesh,431,Sheopur,4008,Karahal,25.6734,76.7565,503.0,4.26,12,Croplands
23,Madhya Pradesh,431,Sheopur,4009,Sheopur,25.7592,76.6416,503.4,4.24,12,Croplands
23,Madhya Pradesh,431,Sheopur,4010,Vijaypur,25.5485,76.6166,493.2,4.1,12,Croplands
23,Madhya Pradesh,432,Shivpuri,4011,Badarwas,25.4238,77.7221,520.7,4.69,12,Croplands
23,Madhya Pradesh,432,Shivpuri,4012,Karera,25.4939,77.7398,524.4,4.74,12,Croplands
23,Madhya Pradesh,432,Shivpuri,4013,Khaniadhana,25.5679,77.6622,525.4,4.74,12,Croplands
23,Madhya Pradesh,432,Shivpuri,4014,Kolaras,25.462,77.6199,519.4,4.65,12,Croplands
23,Madhya Pradesh,432,Shivpuri,4015,Narwar,25.4238,77.5525,515.6,4.59,12,Croplands
23,Madhya Pradesh,432,Shivpuri,4016,Pichhore,25.3219,77.5494,511.0,4.52,12,Croplands
23,Madhya Pradesh,432,Shivpuri,4017,Pohri,25.3697,77.6622,516.5,4.62,12,Croplands
23,Madhya Pradesh,432,Shivpuri,4018,Shivpuri,25.3537,77.7398,518.1,4.66,12,Croplands
23,Madhya Pradesh,433,Sidhi,4021,Kusmi,24.4074,81.942,676.6,4.21,12,Croplands
23,Madhya Pradesh,433,Sidhi,4022,Majhauli,24.5016,81.9162,680.1,4.25,12,Croplands
23,Madhya Pradesh,433,Sidhi,4023,Rampur Naikin,24.4921,81.7546,674.8,4.15,12,Croplands
23,Madhya Pradesh,433,Sidhi,4024,Sidhi,24.3756,81.8346,671.9,4.13,12,Croplands
23,Madhya Pradesh,433,Sidhi,4025,Sihawal,24.3131,81.9162,671.6,4.14,12,Croplands
23,Madhya Pradesh,434,Tikamgarh,4027,Baldeogarh,24.7443,78.8925,750.3,4.98,12,Croplands
23,Madhya Pradesh,434,Tikamgarh,4028,Jatara,24.8434,78.833,752.9,5.01,12,Croplands
23,Madhya Pradesh,434,Tikamgarh,4030,Palera,24.7443,78.6743,743.7,4.85,12,Croplands
23,Madhya Pradesh,434,Tikamgarh,4032,Tikamgarh,24.6902,78.833,746.0,4.91,12,Croplands
23,Madhya Pradesh,435,Ujjain,4033,Badnagar,23.1809,75.8469,588.5,4.62,12,Croplands
23,Madhya Pradesh,435,Ujjain,4034,Ghatiya,23.2667,75.842,592.3,4.67,12,Croplands
23,Madhya Pradesh,435,Ujjain,4035,Khacharod,23.3057,75.7097,590.0,4.61,12,Croplands
23,Madhya Pradesh,435,Ujjain,4036,Mahidpur,23.1809,75.7293,585.0,4.55,12,Croplands
23,Madhya Pradesh,435,Ujjain,4037,Tarana,23.0951,75.7342,581.3,4.5,12,Croplands
23,Madhya Pradesh,435,Ujjain,4038,Ujjain,23.056,75.8665,583.5,4.55,12,Croplands
23,Madhya Pradesh,436,Umaria,4039,Karkeli,23.5306,80.8868,605.5,3.05,12,Croplands
23,Madhya Pradesh,436,Umaria,4040,Manpur,23.6165,80.7738,606.0,3.03,12,Croplands
23,Madhya Pradesh,436,Umaria,4041,Pali,23.4058,80.7493,595.7,2.89,12,Croplands
23,Madhya Pradesh,437,Vidisha,4042,Basoda,23.5214,77.8654,664.4,3.63,12,Croplands
23,Madhya Pradesh,437,Vidisha,4043,Gyaraspur,23.5989,77.8738,668.2,3.68,12,Croplands
23,Madhya Pradesh,437,Vidisha,4044,Kurwai,23.662,77.7714,667.9,3.66,12,Croplands
23,Madhya Pradesh,437,Vidisha,4045,Lateri,23.5449,77.7533,662.1,3.58,12,Croplands
23,Madhya Pradesh,437,Vidisha,4046,Nateran,23.4784,77.709,657.8,3.51,12,Croplands
23,Madhya Pradesh,437,Vidisha,4047,Sironj,23.3809,77.7714,655.3,3.49,12,Croplands
23,Madhya Pradesh,437,Vidisha,4048,Vidisha,23.4792,77.8432,661.9,3.59,12,Croplands
23,Madhya Pradesh,638,Singrauli,4019,Chitrangi,24.2805,82.6113,691.0,4.54,12,Croplands
23,Madhya Pradesh,638,Singrauli,4020,Devsar,24.0698,82.5866,680.7,4.39,12,Croplands
23,Madhya Pradesh,638,Singrauli,4026,Baidhan,24.1947,82.7249,690.5,4.55,12,Croplands
23,Madhya Pradesh,639,Alirajpur,3873,Alirajpur,22.3059,74.4139,656.2,3.23,12,Croplands
23,Madhya Pradesh,639,Alirajpur,3874,Bhabra,22.3918,74.409,659.9,3.28,12,Croplands
23,Madhya Pradesh,639,Alirajpur,3876,Jobat,22.4308,74.2776,657.7,3.23,12,Croplands
23,Madhya Pradesh,639,Alirajpur,3877,Katthiwada,22.3059,74.2971,652.7,3.16,12,Croplands
23,Madhya Pradesh,639,Alirajpur,3882,Sondwa,22.2201,74.3019,649.0,3.11,12,Croplands
23,Madhya Pradesh,639,Alirajpur,3884,Udaigarh,22.1811,74.4334,651.2,3.17,12,Croplands
23,Madhya Pradesh,667,Agar Malwa,4000,Agar,23.825,76.1321,626.1,5.17,12,Croplands
23,Madhya Pradesh,667,Agar Malwa,4001,Barod,23.9241,76.073,628.8,5.2,12,Croplands
23,Madhya Pradesh,667,Agar Malwa,4004,Nalkheda,23.825,75.9154,619.6,5.04,12,Croplands
23,Madhya Pradesh,667,Agar Malwa,4007,Susner,23.771,76.073,621.9,5.11,12,Croplands
23,Madhya Pradesh,722,Niwari,4029,Niwari,25.3498,78.8643,551.7,2.93,12,Croplands
23,Madhya Pradesh,722,Niwari,4031,Prithvipur,25.3498,78.6948,546.6,2.83,12,Croplands
24,Gujarat,438,Ahmadabad,4049,Ahmadabad City,23.0278,72.659,110.4,2.75,12,Croplands
24,Gujarat,438,Ahmadabad,4051,Bavla,23.086,72.6874,111.3,2.82,12,Croplands
24,Gujarat,438,Ahmadabad,4052,Daskroi,23.1649,72.6487,112.5,2.85,12,Croplands
24,Gujarat,438,Ahmadabad,4053,Detroj Rampura,23.0792,72.5821,111.2,2.73,12,Croplands
24,Gujarat,438,Ahmadabad,4054,Dhandhuka,23.086,72.5131,111.3,2.68,12,Croplands
24,Gujarat,438,Ahmadabad,4055,Dholka,22.996,72.5527,109.9,2.64,12,Croplands
24,Gujarat,438,Ahmadabad,4056,Mandal,22.9335,72.567,109.0,2.6,12,Croplands
24,Gujarat,438,Ahmadabad,4058,Sanand,22.8907,72.6487,108.4,2.63,12,Croplands
24,Gujarat,438,Ahmadabad,4059,Viramgam,22.996,72.6478,109.9,2.72,12,Croplands
24,Gujarat,438,Ahmadabad,7155,Dholera,23.0278,72.4436,110.4,2.58,12,Croplands
24,Gujarat,439,Amreli,4060,Amreli,21.6052,71.2744,89.1,2.1,12,Croplands
24,Gujarat,439,Amreli,4061,Babra,21.6587,71.3059,89.9,2.17,12,Croplands
24,Gujarat,439,Amreli,4062,Bagasara,21.7363,71.2807,91.0,2.21,12,Croplands
24,Gujarat,439,Amreli,4063,Dhari,21.6587,71.208,89.9,2.09,12,Croplands
24,Gujarat,439,Amreli,4064,Jafrabad,21.6801,71.1464,90.2,2.06,12,Croplands
24,Gujarat,439,Amreli,4065,Khambha,21.6458,71.0675,89.7,1.97,12,Croplands
24,Gujarat,439,Amreli,4066,Kunkavav -Vadia,21.5899,71.1605,88.8,2.0,12,Croplands
24,Gujarat,439,Amreli,4067,Lathi,21.5303,71.1464,88.0,1.94,12,Croplands
24,Gujarat,439,Amreli,4068,Lilia,21.4625,71.1942,86.9,1.93,12,Croplands
24,Gujarat,439,Amreli,4069,Rajula,21.556,71.2404,88.3,2.04,12,Croplands
24,Gujarat,439,Amreli,4070,Saverkundla,21.5516,71.3059,88.3,2.09,12,Croplands
24,Gujarat,440,Anand,4071,Anand,22.5525,73.0137,103.3,2.65,12,Croplands
24,Gujarat,440,Anand,4072,Anklav,22.6226,73.0311,104.3,2.72,12,Croplands
24,Gujarat,440,Anand,4073,Borsad,22.6967,72.9552,105.5,2.72,12,Croplands
24,Gujarat,440,Anand,4074,Khambhat,22.5907,72.9138,103.9,2.6,12,Croplands
24,Gujarat,440,Anand,4075,Petlad,22.5525,72.8479,103.3,2.52,12,Croplands
24,Gujarat,440,Anand,4076,Sojitra,22.4506,72.8448,101.8,2.44,12,Croplands
24,Gujarat,440,Anand,4077,Tarapur,22.4985,72.9552,102.5,2.56,12,Croplands
24,Gujarat,440,Anand,4078,Umreth,22.4824,73.0311,102.2,2.61,12,Croplands
24,Gujarat,441,Banas Kantha,4079,Amirgadh,24.2839,72.0925,39.3,1.7,12,Croplands
24,Gujarat,441,Banas Kantha,4080,Bhabhar,24.3269,72.1312,39.9,1.77,12,Croplands
24,Gujarat,441,Banas Kantha,4081,Danta,24.3966,72.1318,40.9,1.82,12,Croplands
24,Gujarat,441,Banas Kantha,4082,Dantivada,24.3366,72.0464,40.0,1.71,12,Croplands
24,Gujarat,441,Banas Kantha,4083,Deesa,24.3805,72.009,40.7,1.71,12,Croplands
24,Gujarat,441,Banas Kantha,4084,Deodar,24.3966,71.9346,40.9,1.66,12,Croplands
24,Gujarat,441,Banas Kantha,4085,Dhanera,24.3074,71.9798,39.6,1.63,12,Croplands
24,Gujarat,441,Banas Kantha,4086,Kankrej,24.2839,71.9245,39.3,1.57,12,Croplands
24,Gujarat,441,Banas Kantha,4087,Palanpur,24.2417,71.9963,38.6,1.59,12,Croplands
24,Gujarat,441,Banas Kantha,4088,Tharad,24.1434,72.0684,37.2,1.57,12,Croplands
24,Gujarat,441,Banas Kantha,4089,Vadgam,24.2417,72.0702,38.6,1.65,12,Croplands
24,Gujarat,441,Banas Kantha,4090,Vav,24.2409,72.1312,38.6,1.7,12,Croplands
24,Gujarat,441,Banas Kantha,7119,Lakhani,24.2214,71.8907,38.3,1.49,12,Croplands
24,Gujarat,441,Banas Kantha,7135,Suigam,24.1873,72.009,37.8,1.56,12,Croplands
24,Gujarat,442,Bharuch,4091,Amod,21.6948,73.0387,90.4,1.99,12,Croplands
24,Gujarat,442,Bharuch,4092,Anklesvar,21.7585,73.0622,91.4,2.06,12,Croplands
24,Gujarat,442,Bharuch,4093,Bharuch,21.8368,73.0074,92.6,2.08,12,Croplands
24,Gujarat,442,Bharuch,4094,Hansot,21.7416,72.9514,91.1,1.95,12,Croplands
24,Gujarat,442,Bharuch,4095,Jambusar,21.7287,72.8803,90.9,1.89,12,Croplands
24,Gujarat,442,Bharuch,4096,Jhagadia,21.6455,72.8347,89.7,1.78,12,Croplands
24,Gujarat,442,Bharuch,4097,Vagra,21.5972,72.999,89.0,1.88,12,Croplands
24,Gujarat,442,Bharuch,4098,Valia,21.6022,73.0993,89.0,1.96,12,Croplands
24,Gujarat,442,Bharuch,7157,Netrang,21.648,72.9514,89.7,1.88,12,Croplands
24,Gujarat,443,Bhavnagar,4099,Bhavnagar,21.7752,72.2075,91.6,2.99,12,Croplands
24,Gujarat,443,Bhavnagar,4102,Gariadhar,21.8335,72.2356,92.5,1.46,12,Croplands
24,Gujarat,443,Bhavnagar,4103,Ghogha,21.9123,72.1972,93.7,1.49,12,Croplands
24,Gujarat,443,Bhavnagar,4104,Mahuva,21.8335,72.0629,92.5,2.92,12,Croplands
24,Gujarat,443,Bhavnagar,4105,Palitana,21.7752,71.994,91.6,2.82,12,Croplands
24,Gujarat,443,Bhavnagar,4106,Sihor,21.7435,72.1022,91.2,2.88,12,Croplands
24,Gujarat,443,Bhavnagar,4107,Talaja,21.681,72.1163,90.2,2.84,12,Croplands
24,Gujarat,443,Bhavnagar,4108,Umrala,21.6382,72.1972,89.6,2.87,12,Croplands
24,Gujarat,443,Bhavnagar,4109,Vallabhipur,21.7435,72.1963,91.2,2.95,12,Croplands
24,Gujarat,443,Bhavnagar,7117,Jesar,21.8266,72.1313,92.4,2.97,12,Croplands
24,Gujarat,444,Dang,4110,Ahwa,22.2587,71.2508,98.9,2.61,12,Croplands
24,Gujarat,444,Dang,7108,Waghai,22.1339,71.1145,97.0,2.4,12,Croplands
24,Gujarat,444,Dang,7109,Subir,22.3445,71.1389,100.2,2.59,12,Croplands
24,Gujarat,445,Dohad,4111,Dahod,22.8556,74.3161,107.8,2.34,12,Croplands
24,Gujarat,445,Dohad,4112,Devgad Bariya,22.9193,74.3398,108.8,2.41,12,Croplands
24,Gujarat,445,Dohad,4113,Dhanpur,22.9976,74.2846,110.0,2.43,12,Croplands
24,Gujarat,445,Dohad,4114,Fatepura,22.9024,74.2281,108.5,2.3,12,Croplands
24,Gujarat,445,Dohad,4115,Garbada,22.8895,74.1564,108.3,2.24,12,Croplands
24,Gujarat,445,Dohad,4116,Jhalod,22.8063,74.1104,107.1,2.13,12,Croplands
24,Gujarat,445,Dohad,4117,Limkheda,22.8088,74.2281,107.1,2.23,12,Croplands
24,Gujarat,445,Dohad,7124,Singvad,22.763,74.3772,106.4,2.31,12,Croplands
24,Gujarat,445,Dohad,7132,Sanjeli,22.758,74.2761,106.4,2.23,12,Croplands
24,Gujarat,446,Gandhinagar,4118,Dehgam,23.2408,72.6962,113.6,2.95,12,Croplands
24,Gujarat,446,Gandhinagar,4119,Gandhinagar,23.3399,72.6373,115.1,2.98,12,Croplands
24,Gujarat,446,Gandhinagar,4120,Kalol,23.2408,72.4805,113.6,2.78,12,Croplands
24,Gujarat,446,Gandhinagar,4121,Mansa,23.1868,72.6373,112.8,2.86,12,Croplands
24,Gujarat,447,Jamnagar,4123,Dhrol,22.4696,70.1321,102.0,1.88,12,Croplands
24,Gujarat,447,Jamnagar,4124,Jamjodhpur,22.5554,70.1272,103.3,1.95,12,Croplands
24,Gujarat,447,Jamnagar,4125,Jamnagar,22.5944,69.9956,103.9,1.87,12,Croplands
24,Gujarat,447,Jamnagar,4126,Jodiya,22.4696,70.0151,102.0,1.79,12,Croplands
24,Gujarat,447,Jamnagar,4127,Kalavad,22.3838,70.02,100.8,1.72,12,Croplands
24,Gujarat,447,Jamnagar,4130,Lalpur,22.3448,70.1516,100.2,1.8,12,Croplands
24,Gujarat,448,Junagadh,4132,Bhesan,21.5197,70.5179,87.8,1.43,12,Croplands
24,Gujarat,448,Junagadh,4133,Junagadh,21.5834,70.5414,88.8,1.5,12,Croplands
24,Gujarat,448,Junagadh,4134,Keshod,21.6616,70.4867,89.9,1.52,12,Croplands
24,Gujarat,448,Junagadh,4136,Malia,21.5665,70.4308,88.5,3.0,12,Croplands
24,Gujarat,448,Junagadh,4137,Manavadar,21.5536,70.3597,88.3,2.93,12,Croplands
24,Gujarat,448,Junagadh,4138,Mangrol,21.4704,70.3142,87.1,2.83,12,Croplands
24,Gujarat,448,Junagadh,4139,Mendarda,21.4728,70.4308,87.1,2.92,12,Croplands
24,Gujarat,448,Junagadh,4144,Vanthali,21.4221,70.4783,86.3,2.92,12,Croplands
24,Gujarat,448,Junagadh,4145,Visavadar,21.427,70.5785,86.4,1.4,12,Croplands
24,Gujarat,449,Kachchh,4146,Abdasa,23.624,70.0178,119.4,2.71,12,Croplands
24,Gujarat,449,Kachchh,4147,Anjar,23.6822,70.0463,120.2,2.78,12,Croplands
24,Gujarat,449,Kachchh,4148,Bhachau,23.761,70.0074,121.4,2.81,12,Croplands
24,Gujarat,449,Kachchh,4149,Bhuj,23.6754,69.9406,120.1,2.69,12,Croplands
24,Gujarat,449,Kachchh,4150,Gandhidham,23.6822,69.8713,120.2,2.64,12,Croplands
24,Gujarat,449,Kachchh,4151,Lakhpat,23.624,69.8015,119.4,2.54,12,Croplands
24,Gujarat,449,Kachchh,4152,Mandvi,23.5922,69.9111,118.9,2.6,12,Croplands
24,Gujarat,449,Kachchh,4153,Mundra,23.5297,69.9254,117.9,2.56,12,Croplands
24,Gujarat,449,Kachchh,4154,Nakhatrana,23.4869,70.0074,117.3,2.6,12,Croplands
24,Gujarat,449,Kachchh,4155,Rapar,23.5922,70.0066,118.9,2.68,12,Croplands
24,Gujarat,450,Kheda,4157,Kapadvanj,22.8109,72.7734,107.2,2.67,12,Croplands
24,Gujarat,450,Kheda,4158,Kathlal,22.8897,72.7348,108.3,2.7,12,Croplands
24,Gujarat,450,Kheda,4159,Kheda,22.804,72.6684,107.1,2.58,12,Croplands
24,Gujarat,450,Kheda,4160,Mahudha,22.8109,72.5995,107.2,2.53,12,Croplands
24,Gujarat,450,Kheda,4161,Matar,22.7526,72.5302,106.3,2.43,12,Croplands
24,Gujarat,450,Kheda,4162,Mehmedabad,22.7209,72.6391,105.8,2.49,12,Croplands
24,Gujarat,450,Kheda,4163,Nadiad,22.6584,72.6533,104.9,2.45,12,Croplands
24,Gujarat,450,Kheda,4164,Thasra,22.6156,72.7348,104.2,2.48,12,Croplands
24,Gujarat,450,Kheda,7128,Galteshwar,22.7526,72.7451,106.3,2.6,12,Croplands
24,Gujarat,450,Kheda,7131,Vaso,22.7209,72.7339,105.8,2.56,12,Croplands
24,Gujarat,451,Mahesana,4166,Bechraji,23.606,72.4346,119.1,1.43,12,Croplands
24,Gujarat,451,Mahesana,4167,Kadi,23.7431,72.4242,121.1,1.53,12,Croplands
24,Gujarat,451,Mahesana,4168,Kheralu,23.6574,72.3574,119.9,1.41,12,Croplands
24,Gujarat,451,Mahesana,4169,Mahesana,23.6642,72.2881,120.0,2.96,12,Croplands
24,Gujarat,451,Mahesana,4170,Satlasna,23.606,72.2183,119.1,2.86,12,Croplands
24,Gujarat,451,Mahesana,4171,Unjha,23.5742,72.3279,118.6,2.92,12,Croplands
24,Gujarat,451,Mahesana,4172,Vadnagar,23.5117,72.3422,117.7,2.88,12,Croplands
24,Gujarat,451,Mahesana,4173,Vijapur,23.4689,72.4242,117.0,2.91,12,Croplands
24,Gujarat,451,Mahesana,4174,Visnagar,23.5742,72.4233,118.6,3.0,12,Croplands
24,Gujarat,451,Mahesana,7118,Jotana,23.6642,72.4631,120.0,1.5,12,Croplands
24,Gujarat,452,Narmada,4175,Dediyapada,22.2587,71.2508,98.9,2.61,12,Croplands
24,Gujarat,452,Narmada,4176,Nandod,22.3434,71.0664,100.2,2.53,12,Croplands
24,Gujarat,452,Narmada,4177,Sagbara,22.2269,71.1451,98.4,2.5,12,Croplands
24,Gujarat,452,Narmada,4178,Tilakwada,22.1645,71.2255,97.5,2.51,12,Croplands
24,Gujarat,452,Narmada,7129,Garudeshwar,22.3529,71.2255,100.3,2.66,12,Croplands
24,Gujarat,453,Navsari,4179,Chikhali,20.9402,72.9967,79.1,2.95,12,Croplands
24,Gujarat,453,Navsari,4180,Gandevi,21.026,72.9919,80.4,1.41,12,Croplands
24,Gujarat,453,Navsari,4181,Jalalpore,21.065,72.8617,81.0,2.94,12,Croplands
24,Gujarat,453,Navsari,4182,Navsari,20.8544,72.8858,77.8,2.79,12,Croplands
24,Gujarat,453,Navsari,4183,Vansda,20.8154,73.016,77.2,2.87,12,Croplands
24,Gujarat,453,Navsari,7116,Khergam,20.9402,72.881,79.1,2.86,12,Croplands
24,Gujarat,454,Panch Mahals,4184,Ghoghamba,22.7205,73.6879,105.8,1.73,12,Croplands
24,Gujarat,454,Panch Mahals,4185,Godhra,22.7979,73.6963,107.0,1.8,12,Croplands
24,Gujarat,454,Panch Mahals,4186,Halol,22.861,73.5945,107.9,1.76,12,Croplands
24,Gujarat,454,Panch Mahals,4187,Jambughoda,22.7439,73.5765,106.2,1.66,12,Croplands
24,Gujarat,454,Panch Mahals,4189,Kalol,22.6775,73.5325,105.2,1.57,12,Croplands
24,Gujarat,454,Panch Mahals,4192,Morvahadaf,22.5799,73.5945,103.7,1.54,12,Croplands
24,Gujarat,454,Panch Mahals,4194,Shehera,22.6782,73.6658,105.2,1.68,12,Croplands
24,Gujarat,455,Patan,4195,Chanasma,23.8507,72.1887,122.8,1.43,12,Croplands
24,Gujarat,455,Patan,4196,Harij,23.9144,72.2126,123.7,1.5,12,Croplands
24,Gujarat,455,Patan,4197,Patan,23.9927,72.157,124.9,1.52,12,Croplands
24,Gujarat,455,Patan,4198,Radhanpur,23.8975,72.1001,123.5,3.0,12,Croplands
24,Gujarat,455,Patan,4199,Sami,23.8846,72.0278,123.3,2.93,12,Croplands
24,Gujarat,455,Patan,4200,Santalpur,23.8039,72.1001,122.1,2.92,12,Croplands
24,Gujarat,455,Patan,4201,Sidhpur,23.758,72.2504,121.4,1.41,12,Croplands
24,Gujarat,455,Patan,7120,Sankheshwar,23.8014,71.9815,122.0,2.83,12,Croplands
24,Gujarat,455,Patan,7121,Saraswati,23.7531,72.1484,121.3,2.92,12,Croplands
24,Gujarat,456,Porbandar,4202,Kutiyana,21.6448,69.6792,89.7,2.46,12,Croplands
24,Gujarat,456,Porbandar,4203,Porbandar,21.7306,69.5677,91.0,2.44,12,Croplands
24,Gujarat,456,Porbandar,4204,Ranavav,21.52,69.5435,87.8,2.25,12,Croplands
24,Gujarat,457,Rajkot,4205,Dhoraji,22.2916,70.8516,99.4,2.31,12,Croplands
24,Gujarat,457,Rajkot,4206,Gondal,22.3452,70.8833,100.2,2.38,12,Croplands
24,Gujarat,457,Rajkot,4207,Jamkandorna,22.4227,70.8579,101.3,2.42,12,Croplands
24,Gujarat,457,Rajkot,4208,Jasdan,22.3451,70.7849,100.2,2.3,12,Croplands
24,Gujarat,457,Rajkot,4209,Jetpur,22.3665,70.7231,100.5,2.27,12,Croplands
24,Gujarat,457,Rajkot,4210,Kotda Sangani,22.3322,70.6437,100.0,2.18,12,Croplands
24,Gujarat,457,Rajkot,4211,Lodhika,22.2764,70.7372,99.1,2.21,12,Croplands
24,Gujarat,457,Rajkot,4214,Paddhari,22.2167,70.7231,98.3,2.15,12,Croplands
24,Gujarat,457,Rajkot,4215,Rajkot,22.1489,70.771,97.2,2.14,12,Croplands
24,Gujarat,457,Rajkot,4217,Upleta,22.2424,70.8175,98.6,2.25,12,Croplands
24,Gujarat,457,Rajkot,7133,Vinchhiya,22.238,70.8833,98.6,2.3,12,Croplands
24,Gujarat,458,Sabar Kantha,4222,Himatnagar,23.8073,73.0944,122.1,2.12,12,Croplands
24,Gujarat,458,Sabar Kantha,4223,Idar,23.8774,73.1119,123.2,2.19,12,Croplands
24,Gujarat,458,Sabar Kantha,4224,Khedbrahma,23.9515,73.0353,124.3,2.19,12,Croplands
24,Gujarat,458,Sabar Kantha,4228,Prantij,23.8073,72.927,122.1,1.99,12,Croplands
24,Gujarat,458,Sabar Kantha,4229,Talod,23.7054,72.9239,120.6,1.9,12,Croplands
24,Gujarat,458,Sabar Kantha,4230,Vadali,23.7533,73.0353,121.3,2.03,12,Croplands
24,Gujarat,458,Sabar Kantha,4231,Vijaynagar,23.7372,73.1119,121.1,2.08,12,Croplands
24,Gujarat,458,Sabar Kantha,7134,Poshina,23.8455,72.9936,122.7,2.07,12,Croplands
24,Gujarat,459,Surat,4232,Bardoli,21.1858,72.8946,82.8,1.46,12,Croplands
24,Gujarat,459,Surat,4233,Chorasi,21.2441,72.9227,83.7,1.53,12,Croplands
24,Gujarat,459,Surat,4234,Kamrej,21.3229,72.8844,84.8,1.57,12,Croplands
24,Gujarat,459,Surat,4235,Mahuva,21.2372,72.8188,83.6,1.44,12,Croplands
24,Gujarat,459,Surat,4236,Mandvi,21.2441,72.7507,83.7,3.0,12,Croplands
24,Gujarat,459,Surat,4237,Mangrol,21.1858,72.6821,82.8,2.89,12,Croplands
24,Gujarat,459,Surat,4239,Olpad,21.1541,72.7898,82.3,2.96,12,Croplands
24,Gujarat,459,Surat,4240,Palsana,21.0916,72.8038,81.4,2.92,12,Croplands
24,Gujarat,459,Surat,4242,Suratcity,21.0488,72.8844,80.7,2.95,12,Croplands
24,Gujarat,459,Surat,4244,Umarpada,21.1541,72.8836,82.3,1.43,12,Croplands
24,Gujarat,460,Surendranagar,4247,Chotila,22.7271,71.7072,105.9,1.75,12,Croplands
24,Gujarat,460,Surendranagar,4248,Chuda,22.7853,71.7355,106.8,1.82,12,Croplands
24,Gujarat,460,Surendranagar,4249,Dasada,22.8641,71.6969,108.0,1.85,12,Croplands
24,Gujarat,460,Surendranagar,4250,Dhrangadhra,22.7785,71.6305,106.7,1.73,12,Croplands
24,Gujarat,460,Surendranagar,4252,Lakhtar,22.7853,71.5616,106.8,1.68,12,Croplands
24,Gujarat,460,Surendranagar,4253,Limbdi,22.7271,71.4923,105.9,1.58,12,Croplands
24,Gujarat,460,Surendranagar,4254,Muli,22.6953,71.6011,105.4,1.64,12,Croplands
24,Gujarat,460,Surendranagar,4255,Sayla,22.6328,71.6154,104.5,1.6,12,Croplands
24,Gujarat,460,Surendranagar,4256,Wadhwan,22.6953,71.696,105.4,1.71,12,Croplands
24,Gujarat,460,Surendranagar,7136,Thangadh,22.59,71.6969,103.8,1.63,12,Croplands
24,Gujarat,461,Vadodara,4258,Dabhoi,22.3095,73.2383,99.6,2.64,12,Croplands
24,Gujarat,461,Vadodara,4260,Karjan,22.4536,73.1799,101.8,2.71,12,Croplands
24,Gujarat,461,Vadodara,4263,Padra,22.3477,73.1386,100.2,2.59,12,Croplands
24,Gujarat,461,Vadodara,4265,Savli,22.3095,73.0728,99.6,2.51,12,Croplands
24,Gujarat,461,Vadodara,4266,Shinor,22.2076,73.0697,98.1,2.42,12,Croplands
24,Gujarat,461,Vadodara,4267,Vadodara(City And Rural),22.2554,73.1799,98.8,2.55,12,Croplands
24,Gujarat,461,Vadodara,4268,Waghodia,22.2394,73.2556,98.6,2.6,12,Croplands
24,Gujarat,461,Vadodara,7126,Desar,22.3796,73.2556,100.7,2.71,12,Croplands
24,Gujarat,462,Valsad,4269,Dharampur,20.6065,72.9891,74.1,2.68,12,Croplands
24,Gujarat,462,Valsad,4270,Kaprada,20.6923,72.9843,75.4,2.74,12,Croplands
24,Gujarat,462,Valsad,4271,Pardi,20.7313,72.8544,76.0,2.67,12,Croplands
24,Gujarat,462,Valsad,4272,Umbergaon,20.6065,72.8736,74.1,2.58,12,Croplands
24,Gujarat,462,Valsad,4273,Valsad,20.5207,72.8784,72.8,2.52,12,Croplands
24,Gujarat,462,Valsad,7123,Vapi,20.4817,73.0084,72.2,2.59,12,Croplands
24,Gujarat,641,Tapi,4238,Nizar,21.3169,73.585,84.8,2.12,12,Croplands
24,Gujarat,641,Tapi,4241,Songadh,21.1998,73.5672,83.0,2.01,12,Croplands
24,Gujarat,641,Tapi,4243,Uchchhal,21.1334,73.5236,82.0,1.93,12,Croplands
24,Gujarat,641,Tapi,4245,Valod,21.0359,73.585,80.5,1.9,12,Croplands
24,Gujarat,641,Tapi,4246,Vyara,21.1341,73.6555,82.0,2.03,12,Croplands
24,Gujarat,641,Tapi,7127,Dolvan,21.1764,73.6774,82.6,2.08,12,Croplands
24,Gujarat,641,Tapi,7130,Kukarmunda,21.2539,73.6856,83.8,2.15,12,Croplands
24,Gujarat,668,Chhotaudepur,4257,Chhota Udepur,22.3992,74.0688,101.0,1.77,12,Croplands
24,Gujarat,668,Chhotaudepur,4259,Jetpur Pavi,22.4382,73.9373,101.6,1.7,12,Croplands
24,Gujarat,668,Chhotaudepur,4261,Kawant,22.3133,73.9568,99.7,1.62,12,Croplands
24,Gujarat,668,Chhotaudepur,4262,Naswadi,22.2275,73.9616,98.4,1.55,12,Croplands
24,Gujarat,668,Chhotaudepur,4264,Sankheda,22.1885,74.0931,97.8,1.63,12,Croplands
24,Gujarat,668,Chhotaudepur,7156,Bodeli,22.3133,74.0736,99.7,1.71,12,Croplands
24,Gujarat,669,Mahisagar,4156,Balasinor,23.1884,73.7059,112.8,2.12,12,Croplands
24,Gujarat,669,Mahisagar,4165,Virpur,23.0636,73.7255,111.0,2.03,12,Croplands
24,Gujarat,669,Mahisagar,4188,Kadana,23.2742,73.701,114.1,2.18,12,Croplands
24,Gujarat,669,Mahisagar,4190,Khanpur,23.3132,73.5687,114.7,2.11,12,Croplands
24,Gujarat,669,Mahisagar,4191,Lunawada,23.1884,73.5883,112.8,2.02,12,Croplands
24,Gujarat,669,Mahisagar,4193,Santrampur,23.1026,73.5932,111.5,1.96,12,Croplands
24,Gujarat,672,Arvalli,4219,Bayad,22.2587,71.2508,98.9,2.61,12,Croplands
24,Gujarat,672,Arvalli,4220,Bhiloda,22.3445,71.2459,100.2,2.67,12,Croplands
24,Gujarat,672,Arvalli,4221,Dhansura,22.3835,71.1145,100.8,2.6,12,Croplands
24,Gujarat,672,Arvalli,4225,Malpur,22.2587,71.134,98.9,2.51,12,Croplands
24,Gujarat,672,Arvalli,4226,Meghraj,22.1729,71.1389,97.6,2.45,12,Croplands
24,Gujarat,672,Arvalli,4227,Modasa,22.1339,71.2703,97.0,2.52,12,Croplands
24,Gujarat,673,Morbi,4212,Maliya,22.902,70.8568,108.5,2.81,12,Croplands
24,Gujarat,673,Morbi,4213,Morvi,22.8925,70.697,108.4,2.67,12,Croplands
24,Gujarat,673,Morbi,4216,Tankara,22.776,70.7761,106.6,2.64,12,Croplands
24,Gujarat,673,Morbi,4218,Wankaner,22.7135,70.8568,105.7,2.66,12,Croplands
24,Gujarat,673,Morbi,4251,Halvad,22.8078,70.8822,107.1,2.75,12,Croplands
24,Gujarat,674,Devbhumi Dwarka,4122,Bhanvad,22.1285,69.5139,96.9,2.71,12,Croplands
24,Gujarat,674,Devbhumi Dwarka,4128,Kalyanpur,22.2276,69.4555,98.4,2.75,12,Croplands
24,Gujarat,674,Devbhumi Dwarka,4129,Khambhalia,22.1285,69.2999,96.9,2.54,12,Croplands
24,Gujarat,674,Devbhumi Dwarka,4131,Okhamandal,22.0744,69.4555,96.1,2.62,12,Croplands
24,Gujarat,675,Gir Somnath,4135,Kodinar,21.0499,70.8301,80.7,2.9,12,Croplands
24,Gujarat,675,Gir Somnath,4140,Patan Veraval,21.0889,70.6999,81.3,2.83,12,Croplands
24,Gujarat,675,Gir Somnath,4141,Sutrapada,20.9641,70.7192,79.5,2.75,12,Croplands
24,Gujarat,675,Gir Somnath,4142,Talala,20.8782,70.724,78.2,2.68,12,Croplands
24,Gujarat,675,Gir Somnath,4143,Una,20.8392,70.8543,77.6,2.75,12,Croplands
24,Gujarat,675,Gir Somnath,7158,Girgadhda,20.9641,70.835,79.5,2.84,12,Croplands
24,Gujarat,676,Botad,4050,Barvala,22.1692,71.7251,97.5,2.92,12,Croplands
24,Gujarat,676,Botad,4057,Ranpur,22.1151,71.6667,96.7,2.83,12,Croplands
24,Gujarat,676,Botad,4100,Botad,22.2683,71.6667,99.0,2.95,12,Croplands
24,Gujarat,676,Botad,4101,Gadhada,22.1692,71.5111,97.5,2.74,12,Croplands
27,Maharashtra,466,Ahmednagar,4277,Akole,19.0921,74.7956,748.0,3.93,12,Croplands
27,Maharashtra,466,Ahmednagar,4278,Jamkhed,19.1351,74.8329,751.1,3.98,12,Croplands
27,Maharashtra,466,Ahmednagar,4279,Karjat,19.2048,74.8335,754.2,4.02,12,Croplands
27,Maharashtra,466,Ahmednagar,4280,Kopargaon,19.1448,74.7511,749.0,3.94,12,Croplands
27,Maharashtra,466,Ahmednagar,4281,Nagar,19.1887,74.7151,749.9,3.94,12,Croplands
27,Maharashtra,466,Ahmednagar,4282,Nevasa,19.2048,74.6433,748.5,3.91,12,Croplands
27,Maharashtra,466,Ahmednagar,4283,Parner,19.1156,74.6869,745.8,3.88,12,Croplands
27,Maharashtra,466,Ahmednagar,4284,Pathardi,19.0921,74.6336,743.2,3.84,12,Croplands
27,Maharashtra,466,Ahmednagar,4285,Rahata,19.0296,74.601,739.4,3.78,12,Croplands
27,Maharashtra,466,Ahmednagar,4286,Rahuri,19.0498,74.7028,743.3,3.85,12,Croplands
27,Maharashtra,466,Ahmednagar,4287,Sangamner,18.9955,74.7151,741.3,3.83,12,Croplands
27,Maharashtra,466,Ahmednagar,4288,Shevgaon,18.9516,74.7724,741.0,3.83,12,Croplands
27,Maharashtra,466,Ahmednagar,4289,Shrigonda,19.0498,74.7741,745.5,3.89,12,Croplands
27,Maharashtra,466,Ahmednagar,4290,Shrirampur,19.0491,74.8329,747.2,3.93,12,Croplands
27,Maharashtra,467,Akola,4291,Akola,20.7054,77.06,513.5,3.86,12,Croplands
27,Maharashtra,467,Akola,4292,Akot,20.7828,77.0682,517.3,3.91,12,Croplands
27,Maharashtra,467,Akola,4293,Balapur,20.8459,76.9679,517.1,3.89,12,Croplands
27,Maharashtra,467,Akola,4294,Barshitakli,20.7288,76.9501,511.3,3.81,12,Croplands
27,Maharashtra,467,Akola,4295,Murtijapur,20.6624,76.9067,507.0,3.74,12,Croplands
27,Maharashtra,467,Akola,4296,Patur,20.5648,76.9679,504.5,3.72,12,Croplands
27,Maharashtra,467,Akola,4297,Telhara,20.6631,77.0382,511.0,3.82,12,Croplands
27,Maharashtra,468,Amravati,4298,Achalpur,20.9333,77.8079,546.2,4.44,12,Croplands
27,Maharashtra,468,Amravati,4299,Amravati,20.9763,77.8456,549.3,4.49,12,Croplands
27,Maharashtra,468,Amravati,4300,Anjangaon S,21.046,77.8462,552.5,4.54,12,Croplands
27,Maharashtra,468,Amravati,4301,Bhatkuli,20.986,77.7629,547.3,4.45,12,Croplands
27,Maharashtra,468,Amravati,4302,Chandur Ril,21.046,77.6538,546.7,4.42,12,Croplands
27,Maharashtra,468,Amravati,4303,Chandur Bz,21.0299,77.7264,548.1,4.45,12,Croplands
27,Maharashtra,468,Amravati,4304,Chikhaldara,20.9568,77.6979,544.0,4.39,12,Croplands
27,Maharashtra,468,Amravati,4305,Daryapur,20.9333,77.6439,541.3,4.35,12,Croplands
27,Maharashtra,468,Amravati,4306,Dhamangaon Ril,20.8708,77.611,537.5,4.29,12,Croplands
27,Maharashtra,468,Amravati,4307,Dharni,20.8911,77.7139,541.5,4.36,12,Croplands
27,Maharashtra,468,Amravati,4308,Morshi,20.8367,77.7264,539.4,4.34,12,Croplands
27,Maharashtra,468,Amravati,4309,Nandgaon Kh,20.7928,77.7843,539.2,4.35,12,Croplands
27,Maharashtra,468,Amravati,4310,Tiwsa,20.8911,77.7861,543.7,4.41,12,Croplands
27,Maharashtra,468,Amravati,4311,Warud,20.8903,77.8456,545.4,4.44,12,Croplands
27,Maharashtra,469,Aurangabad,4312,Aurangabad,19.8702,75.4035,651.3,4.76,12,Croplands
27,Maharashtra,469,Aurangabad,4313,Gangapur,19.9339,75.4267,654.8,4.82,12,Croplands
27,Maharashtra,469,Aurangabad,4314,Kanand,20.0121,75.3726,431.7,4.83,12,Croplands
27,Maharashtra,469,Aurangabad,4315,Khultabad,19.917,75.3173,650.8,4.74,12,Croplands
27,Maharashtra,469,Aurangabad,4316,Paithan,19.9041,75.247,648.1,4.69,12,Croplands
27,Maharashtra,469,Aurangabad,4317,Phulambri,19.8209,75.202,643.0,4.61,12,Croplands
27,Maharashtra,469,Aurangabad,4318,Sillod,19.8233,75.3173,646.6,4.68,12,Croplands
27,Maharashtra,469,Aurangabad,4319,Soegaon,19.7726,75.3643,645.7,4.68,12,Croplands
27,Maharashtra,469,Aurangabad,4320,Vaijapur,19.7775,75.4634,648.9,4.74,12,Croplands
27,Maharashtra,470,Beed,4321,Ambajogai,18.9896,75.8131,623.9,4.48,12,Croplands
27,Maharashtra,470,Beed,4322,Ashti,19.0431,75.8441,627.3,4.53,12,Croplands
27,Maharashtra,470,Beed,4323,Beed,19.1207,75.8192,630.0,4.56,12,Croplands
27,Maharashtra,470,Beed,4324,Dharur,19.0431,75.7478,624.4,4.47,12,Croplands
27,Maharashtra,470,Beed,4325,Georai,19.0645,75.6873,623.5,4.45,12,Croplands
27,Maharashtra,470,Beed,4326,Kaij,19.0302,75.6096,619.6,4.38,12,Croplands
27,Maharashtra,470,Beed,4327,Majalgaon,18.9743,75.701,619.9,4.41,12,Croplands
27,Maharashtra,470,Beed,4328,Parali V .,18.9147,75.6873,616.8,4.36,12,Croplands
27,Maharashtra,470,Beed,4329,Patoda,18.8469,75.7342,615.1,4.35,12,Croplands
27,Maharashtra,470,Beed,4330,Shirur ( Ka ),18.9404,75.7796,620.7,4.43,12,Croplands
27,Maharashtra,470,Beed,4331,Wadwani,18.936,75.8441,622.4,4.47,12,Croplands
27,Maharashtra,471,Bhandara,4332,Bhandara,21.1712,79.7143,614.1,3.33,12,Croplands
27,Maharashtra,471,Bhandara,4333,Lakhandur,21.2487,79.7226,617.9,3.38,12,Croplands
27,Maharashtra,471,Bhandara,4334,Lakhani,21.3117,79.6219,617.7,3.36,12,Croplands
27,Maharashtra,471,Bhandara,4335,Mohadi,21.1946,79.6041,611.9,3.28,12,Croplands
27,Maharashtra,471,Bhandara,4336,Pauni,21.1282,79.5606,607.6,3.21,12,Croplands
27,Maharashtra,471,Bhandara,4337,Sakoli,21.0307,79.6219,605.0,3.19,12,Croplands
27,Maharashtra,471,Bhandara,4338,Tumsar,21.1289,79.6925,611.6,3.29,12,Croplands
27,Maharashtra,472,Buldhana,4339,Buldana,20.5833,76.4744,490.5,3.43,12,Croplands
27,Maharashtra,472,Buldhana,4340,Chikhli,20.6294,76.5104,493.6,3.48,12,Croplands
27,Maharashtra,472,Buldhana,4341,D. Raja,20.702,76.5041,496.7,3.52,12,Croplands
27,Maharashtra,472,Buldhana,4342,Jalgaonjamod,20.637,76.4236,491.4,3.44,12,Croplands
27,Maharashtra,472,Buldhana,4343,Khamgaon,20.676,76.3791,491.8,3.43,12,Croplands
27,Maharashtra,472,Buldhana,4344,Lonar,20.6789,76.3014,489.6,3.39,12,Croplands
27,Maharashtra,472,Buldhana,4345,Malkapur,20.5963,76.3606,487.7,3.37,12,Croplands
27,Maharashtra,472,Buldhana,4346,Mehkar,20.5596,76.3139,484.6,3.32,12,Croplands
27,Maharashtra,472,Buldhana,4347,Motala,20.4877,76.3014,481.0,3.27,12,Croplands
27,Maharashtra,472,Buldhana,4348,Nandura,20.5328,76.3962,485.9,3.36,12,Croplands
27,Maharashtra,472,Buldhana,4349,Sangrampur,20.485,76.4294,484.7,3.35,12,Croplands
27,Maharashtra,472,Buldhana,4350,Shegaon,20.4647,76.5041,486.0,3.38,12,Croplands
27,Maharashtra,472,Buldhana,4351,Sindkhedraja,20.5582,76.4678,489.2,3.42,12,Croplands
27,Maharashtra,473,Chandrapur,4352,Ballarpur,19.9665,79.3541,774.1,4.79,12,Croplands
27,Maharashtra,473,Chandrapur,4353,Bhadrawati,20.0068,79.3929,552.1,4.84,12,Croplands
27,Maharashtra,473,Chandrapur,4354,Brahmapuri,20.0736,79.3992,555.3,4.88,12,Croplands
27,Maharashtra,473,Chandrapur,4355,Chandrapur,20.0179,79.3144,550.2,4.8,12,Croplands
27,Maharashtra,473,Chandrapur,4356,Chimur,20.0651,79.2856,551.5,4.81,12,Croplands
27,Maharashtra,473,Chandrapur,4357,Gondpipri,20.0913,79.2199,550.7,4.79,12,Croplands
27,Maharashtra,473,Chandrapur,4358,Jiwati,19.9983,79.2501,772.4,4.75,12,Croplands
27,Maharashtra,473,Chandrapur,4359,Korpana,19.9871,79.1934,770.2,4.71,12,Croplands
27,Maharashtra,473,Chandrapur,4360,Mul,19.9365,79.1466,766.5,4.65,12,Croplands
27,Maharashtra,473,Chandrapur,4361,Nagbhid,19.9347,79.2501,769.6,4.71,12,Croplands
27,Maharashtra,473,Chandrapur,4362,Pombhurna,19.8807,79.2439,766.9,4.67,12,Croplands
27,Maharashtra,473,Chandrapur,4363,Rajura,19.8231,79.2805,765.5,4.66,12,Croplands
27,Maharashtra,473,Chandrapur,4364,Saoli,19.9151,79.3144,770.6,4.74,12,Croplands
27,Maharashtra,473,Chandrapur,4365,Sindewahi,19.8929,79.3671,771.2,4.76,12,Croplands
27,Maharashtra,473,Chandrapur,4366,Warora,19.9079,79.4367,774.0,4.81,12,Croplands
27,Maharashtra,474,Dhule,4367,Dhule,20.9029,74.8304,605.5,5.04,12,Croplands
27,Maharashtra,474,Dhule,4368,Sakri,21.002,74.7725,608.3,5.06,12,Croplands
27,Maharashtra,474,Dhule,4369,Shindkhede,20.9029,74.6182,599.2,4.91,12,Croplands
27,Maharashtra,474,Dhule,4370,Shirpur,20.8488,74.7725,601.4,4.97,12,Croplands
27,Maharashtra,475,Gadchiroli,4371,Aheri,20.1826,80.0638,430.1,2.95,12,Croplands
27,Maharashtra,475,Gadchiroli,4372,Armori,20.2321,80.0976,433.4,3.0,12,Croplands
27,Maharashtra,475,Gadchiroli,4373,Bhamaragad,20.3074,80.083,436.3,3.03,12,Croplands
27,Maharashtra,475,Gadchiroli,4374,Chamorshi,20.2366,80.0062,430.8,2.95,12,Croplands
27,Maharashtra,475,Gadchiroli,4375,Desaiganj (Wadsa),20.2684,79.9534,580.7,2.93,12,Croplands
27,Maharashtra,475,Gadchiroli,4376,Dhanora,20.2547,79.8732,577.7,2.88,12,Croplands
27,Maharashtra,475,Gadchiroli,4377,Etapalli,20.1826,79.9486,576.7,2.88,12,Croplands
27,Maharashtra,475,Gadchiroli,4378,Gadchiroli,20.133,79.9147,573.4,2.83,12,Croplands
27,Maharashtra,475,Gadchiroli,4379,Korchi,20.0578,79.9294,570.5,5.19,12,Croplands
27,Maharashtra,475,Gadchiroli,4380,Kurkheda,20.1285,80.0062,426.0,2.88,12,Croplands
27,Maharashtra,475,Gadchiroli,4381,Mulchera,20.0968,80.059,426.1,2.89,12,Croplands
27,Maharashtra,475,Gadchiroli,4382,Sironcha,20.1105,80.1392,429.1,2.95,12,Croplands
27,Maharashtra,476,Gondia,4383,Amgaon,21.4588,80.2543,493.3,3.83,12,Croplands
27,Maharashtra,476,Gondia,4384,Arjuni Morgaon,21.5289,80.2715,496.9,3.88,12,Croplands
27,Maharashtra,476,Gondia,4385,Deori,21.6029,80.1963,498.0,3.88,12,Croplands
27,Maharashtra,476,Gondia,4386,Gondia,21.497,80.1552,492.0,3.79,12,Croplands
27,Maharashtra,476,Gondia,4387,Goregaon,21.4588,80.0898,488.3,3.73,12,Croplands
27,Maharashtra,476,Gondia,4388,Sadak Arjuni,21.3569,80.0867,483.7,3.67,12,Croplands
27,Maharashtra,476,Gondia,4389,Salekasa,21.4047,80.1963,489.1,3.76,12,Croplands
27,Maharashtra,476,Gondia,4390,Tirora,21.3887,80.2715,490.6,3.8,12,Croplands
27,Maharashtra,477,Hingoli,4391,Aundha Nagnath,19.7217,77.2092,698.8,3.36,12,Croplands
27,Maharashtra,477,Hingoli,4392,Basmat,19.8159,77.1843,702.2,3.4,12,Croplands
27,Maharashtra,477,Hingoli,4393,Hingoli,19.8064,77.0279,697.1,3.3,12,Croplands
27,Maharashtra,477,Hingoli,4394,Kalamnuri,19.6899,77.1053,694.2,3.28,12,Croplands
27,Maharashtra,477,Hingoli,4395,Sengaon,19.6274,77.1843,693.8,3.29,12,Croplands
27,Maharashtra,478,Jalgaon,4396,Amalner,21.0029,75.6239,483.8,3.18,12,Croplands
27,Maharashtra,478,Jalgaon,4397,Bhadgaon,21.0432,75.663,486.8,3.22,12,Croplands
27,Maharashtra,478,Jalgaon,4398,Bhusawal,21.11,75.6693,490.0,3.27,12,Croplands
27,Maharashtra,478,Jalgaon,4399,Bodwad,21.0543,75.5839,485.0,3.18,12,Croplands
27,Maharashtra,478,Jalgaon,4400,Chalisgaon,21.1015,75.5549,486.2,3.19,12,Croplands
27,Maharashtra,478,Jalgaon,4401,Chopda,21.1278,75.4888,485.4,3.17,12,Croplands
27,Maharashtra,478,Jalgaon,4402,Dharangaon,21.0347,75.5192,482.1,3.13,12,Croplands
27,Maharashtra,478,Jalgaon,4403,Erandol,21.0235,75.4622,479.9,3.09,12,Croplands
27,Maharashtra,478,Jalgaon,4404,Jalgaon,20.973,75.415,476.2,3.03,12,Croplands
27,Maharashtra,478,Jalgaon,4405,Jamner,20.9711,75.5192,479.3,3.09,12,Croplands
27,Maharashtra,478,Jalgaon,4406,Muktainagar,20.9171,75.5129,476.7,3.06,12,Croplands
27,Maharashtra,478,Jalgaon,4407,Pachora,20.8596,75.5499,475.2,3.05,12,Croplands
27,Maharashtra,478,Jalgaon,4408,Parola,20.9515,75.5839,480.3,3.12,12,Croplands
27,Maharashtra,478,Jalgaon,4409,Raver,20.9293,75.637,480.9,3.14,12,Croplands
27,Maharashtra,478,Jalgaon,4410,Yawal,20.9443,75.7071,483.7,3.19,12,Croplands
27,Maharashtra,479,Jalna,4411,Ambad,19.841,75.9438,666.2,5.07,12,Croplands
27,Maharashtra,479,Jalna,4412,Badnapur,19.9111,75.9609,669.8,5.12,12,Croplands
27,Maharashtra,479,Jalna,4413,Bhokardan,19.9852,75.8864,670.9,5.12,12,Croplands
27,Maharashtra,479,Jalna,4414,Ghansawangi,19.8792,75.8457,664.9,5.03,12,Croplands
27,Maharashtra,479,Jalna,4415,Jafrabad,19.841,75.781,661.3,4.97,12,Croplands
27,Maharashtra,479,Jalna,4416,Jalna,19.7391,75.778,656.6,4.91,12,Croplands
27,Maharashtra,479,Jalna,4417,Mantha,19.787,75.8864,662.0,5.0,12,Croplands
27,Maharashtra,479,Jalna,4418,Partur,19.7709,75.9609,663.5,5.04,12,Croplands
27,Maharashtra,480,Kolhapur,4419,Ajara,16.7045,74.2979,855.7,11.89,4,Deciduous Broadleaf Forest
27,Maharashtra,480,Kolhapur,4420,Gagan Bavada,16.7903,74.1897,868.5,11.57,4,Deciduous Broadleaf Forest
27,Maharashtra,480,Kolhapur,4421,Bhudargad,16.754,74.331,863.1,11.99,4,Deciduous Broadleaf Forest
27,Maharashtra,480,Kolhapur,4422,Chandgad,16.8293,74.3167,874.4,11.95,4,Deciduous Broadleaf Forest
27,Maharashtra,480,Kolhapur,4423,Gadhinglaj,16.7585,74.2414,863.8,11.72,4,Deciduous Broadleaf Forest
27,Maharashtra,480,Kolhapur,4424,Hatkanangale,16.7766,74.1111,866.5,11.33,4,Deciduous Broadleaf Forest
27,Maharashtra,480,Kolhapur,4425,Kagal,16.7045,74.185,855.7,11.56,4,Deciduous Broadleaf Forest
27,Maharashtra,480,Kolhapur,4426,Karveer,16.6549,74.1518,848.2,11.46,4,Deciduous Broadleaf Forest
27,Maharashtra,480,Kolhapur,4427,Panhala,16.5796,74.1662,836.9,11.5,4,Deciduous Broadleaf Forest
27,Maharashtra,480,Kolhapur,4428,Radhanagari,16.6504,74.2414,847.6,11.72,4,Deciduous Broadleaf Forest
27,Maharashtra,480,Kolhapur,4429,Shahuwadi,16.6187,74.2932,842.8,11.88,4,Deciduous Broadleaf Forest
27,Maharashtra,480,Kolhapur,4430,Shirol,16.6324,74.3718,844.9,12.12,4,Deciduous Broadleaf Forest
27,Maharashtra,481,Latur,4431,Ahemadpur,18.3972,76.6248,621.6,4.61,12,Croplands
27,Maharashtra,481,Latur,4432,Ausa,18.4555,76.6523,625.1,4.66,12,Croplands
27,Maharashtra,481,Latur,4433,Chakur,18.5343,76.6148,627.5,4.69,12,Croplands
27,Maharashtra,481,Latur,4434,Deoni,18.4486,76.5502,621.7,4.6,12,Croplands
27,Maharashtra,481,Latur,4435,Jalkot,18.4555,76.4833,620.0,4.56,12,Croplands
27,Maharashtra,481,Latur,4436,Latur,18.3972,76.4159,615.4,4.49,12,Croplands
27,Maharashtra,481,Latur,4437,Nilanga,18.3654,76.5218,617.1,4.53,12,Croplands
27,Maharashtra,481,Latur,4438,Renapur,18.303,76.5356,614.7,4.5,12,Croplands
27,Maharashtra,481,Latur,4439,Shirur Anantpal,18.2601,76.6148,615.1,4.52,12,Croplands
27,Maharashtra,481,Latur,4440,Udgir,18.3654,76.6139,619.9,4.59,12,Croplands
27,Maharashtra,484,Nagpur,4444,Bhivapur,21.1571,79.1401,596.3,2.98,12,Croplands
27,Maharashtra,484,Nagpur,4445,Hingna,21.2031,79.1762,599.4,3.03,12,Croplands
27,Maharashtra,484,Nagpur,4446,Kalmeshwar,21.2757,79.1699,602.5,3.07,12,Croplands
27,Maharashtra,484,Nagpur,4447,Kamptee,21.2107,79.0891,597.2,2.98,12,Croplands
27,Maharashtra,484,Nagpur,4448,Katol,21.2497,79.0444,597.6,2.98,12,Croplands
27,Maharashtra,484,Nagpur,4449,Kuhi,21.2527,78.9664,595.4,2.93,12,Croplands
27,Maharashtra,484,Nagpur,4450,Mouda,21.17,79.0258,593.4,2.92,12,Croplands
27,Maharashtra,484,Nagpur,4451,Nagpur,21.1334,78.9789,590.4,2.87,12,Croplands
27,Maharashtra,484,Nagpur,4452,Narkhed,21.0615,78.9664,586.8,2.82,12,Croplands
27,Maharashtra,484,Nagpur,4453,Parseoni,21.1065,79.0615,591.6,2.9,12,Croplands
27,Maharashtra,484,Nagpur,4454,Ramtek,21.0587,79.0949,590.5,2.89,12,Croplands
27,Maharashtra,484,Nagpur,4455,Saoner,21.0384,79.1699,591.8,2.92,12,Croplands
27,Maharashtra,484,Nagpur,4456,Umred,21.1319,79.1334,594.9,2.96,12,Croplands
27,Maharashtra,485,Nanded,4457,Ardhapur,19.1557,77.3682,678.1,3.11,12,Croplands
27,Maharashtra,485,Nanded,4458,Bhokar,19.1936,77.4079,680.9,3.16,12,Croplands
27,Maharashtra,485,Nanded,4459,Biloli,19.2576,77.4189,684.2,3.21,12,Croplands
27,Maharashtra,485,Nanded,4460,Deglur,19.2056,77.3329,679.2,3.12,12,Croplands
27,Maharashtra,485,Nanded,4461,Dharmabad,19.2548,77.311,680.8,3.14,12,Croplands
27,Maharashtra,485,Nanded,4462,Hadgaon,19.2889,77.2526,680.6,3.12,12,Croplands
27,Maharashtra,485,Nanded,4463,Himayatnagar,19.1939,77.2705,676.8,3.08,12,Croplands
27,Maharashtra,485,Nanded,4464,Kandhar,19.1936,77.214,675.1,3.04,12,Croplands
27,Maharashtra,485,Nanded,4465,Kinwat,19.1557,77.1584,671.8,2.99,12,Croplands
27,Maharashtra,485,Nanded,4466,Loha,19.135,77.2581,673.8,3.04,12,Croplands
27,Maharashtra,485,Nanded,4467,Mahur,19.0856,77.2368,671.0,2.99,12,Croplands
27,Maharashtra,485,Nanded,4468,Modkhed,19.0225,77.2526,668.6,2.97,12,Croplands
27,Maharashtra,485,Nanded,4469,Mokhed,19.1017,77.311,673.9,3.05,12,Croplands
27,Maharashtra,485,Nanded,4470,Naigaon (Kh),19.0642,77.3511,673.4,3.05,12,Croplands
27,Maharashtra,485,Nanded,4471,Nanded,19.0538,77.4189,675.0,3.08,12,Croplands
27,Maharashtra,485,Nanded,4472,Umri,19.135,77.3638,677.0,3.1,12,Croplands
27,Maharashtra,486,Nandurbar,4473,Akkalkuwa,21.4525,74.2937,967.9,11.88,4,Deciduous Broadleaf Forest
27,Maharashtra,486,Nandurbar,4474,Akarani,21.3667,74.2986,955.0,11.9,4,Deciduous Broadleaf Forest
27,Maharashtra,486,Nandurbar,4475,Nandurbar,21.4915,74.1631,973.7,11.49,4,Deciduous Broadleaf Forest
27,Maharashtra,486,Nandurbar,4476,Navapur,21.3667,74.1825,955.0,11.55,4,Deciduous Broadleaf Forest
27,Maharashtra,486,Nandurbar,4477,Shahada,21.2809,74.1873,942.1,11.56,4,Deciduous Broadleaf Forest
27,Maharashtra,486,Nandurbar,4478,Taloda,21.2419,74.3179,936.3,11.95,4,Deciduous Broadleaf Forest
27,Maharashtra,487,Nashik,4479,Baglan,19.9973,73.8485,1349.6,16.55,4,Deciduous Broadleaf Forest
27,Maharashtra,487,Nashik,4480,Chandwad,20.0376,73.8873,755.6,16.66,4,Deciduous Broadleaf Forest
27,Maharashtra,487,Nashik,4481,Deola,20.1044,73.8936,765.7,16.68,4,Deciduous Broadleaf Forest
27,Maharashtra,487,Nashik,4482,Dindori,20.0487,73.8087,757.3,16.43,4,Deciduous Broadleaf Forest
27,Maharashtra,487,Nashik,4483,Igatpuri,20.0958,73.7799,25.8,2.55,12,Croplands
27,Maharashtra,487,Nashik,4484,Kalwan,20.1221,73.7143,26.0,2.56,12,Croplands
27,Maharashtra,487,Nashik,4485,Malegaon,20.029,73.7444,25.2,2.51,12,Croplands
27,Maharashtra,487,Nashik,4486,Nandgaon,20.0179,73.6878,25.1,2.51,12,Croplands
27,Maharashtra,487,Nashik,4487,Nashik,19.9673,73.6409,64.7,2.48,12,Croplands
27,Maharashtra,487,Nashik,4488,Niphad,19.9655,73.7444,64.7,2.48,12,Croplands
27,Maharashtra,487,Nashik,4489,Peth,19.9114,73.7382,64.3,2.46,12,Croplands
27,Maharashtra,487,Nashik,4490,Sinnar,19.8539,73.7749,63.8,2.43,12,Croplands
27,Maharashtra,487,Nashik,4491,Surgana,19.9459,73.8087,1341.9,16.43,4,Deciduous Broadleaf Forest
27,Maharashtra,487,Nashik,4492,Trimbak,19.9236,73.8615,1338.5,16.58,4,Deciduous Broadleaf Forest
27,Maharashtra,487,Nashik,4493,Yeola,19.9386,73.9311,1340.8,16.79,4,Deciduous Broadleaf Forest
27,Maharashtra,488,Osmanabad,4494,Bhoom,18.1853,76.0976,596.3,4.17,12,Croplands
27,Maharashtra,488,Osmanabad,4495,Kalamb,18.2554,76.1145,599.9,4.22,12,Croplands
27,Maharashtra,488,Osmanabad,4496,Lohara,18.3294,76.0407,601.0,4.22,12,Croplands
27,Maharashtra,488,Osmanabad,4497,Omerga,18.2235,76.0005,595.1,4.13,12,Croplands
27,Maharashtra,488,Osmanabad,4498,Osmanabad,18.1853,75.9364,591.4,4.07,12,Croplands
27,Maharashtra,488,Osmanabad,4499,Paranda,18.0834,75.9334,586.8,4.01,12,Croplands
27,Maharashtra,488,Osmanabad,4500,Tuljapur,18.1312,76.0407,592.1,4.1,12,Croplands
27,Maharashtra,488,Osmanabad,4501,Washi,18.1152,76.1145,593.6,4.14,12,Croplands
27,Maharashtra,489,Parbhani,4502,Gangakhed,19.2608,76.8342,666.8,2.86,12,Croplands
27,Maharashtra,489,Parbhani,4503,Jintur,19.3245,76.8573,670.3,2.91,12,Croplands
27,Maharashtra,489,Parbhani,4504,Manwat,19.4027,76.8034,672.2,2.92,12,Croplands
27,Maharashtra,489,Parbhani,4505,Palam,19.3076,76.7483,666.3,2.83,12,Croplands
27,Maharashtra,489,Parbhani,4506,Parbhani,19.2947,76.6783,663.6,5.18,12,Croplands
27,Maharashtra,489,Parbhani,4507,Pathri,19.2115,76.6334,658.5,5.11,12,Croplands
27,Maharashtra,489,Parbhani,4508,Purna,19.214,76.7483,662.1,5.18,12,Croplands
27,Maharashtra,489,Parbhani,4509,Sailu,19.1632,76.7952,661.2,5.18,12,Croplands
27,Maharashtra,489,Parbhani,4510,Sonpeth,19.1681,76.8939,664.4,2.84,12,Croplands
27,Maharashtra,490,Pune,4511,Ambegaon,18.5042,73.9099,1125.6,16.73,4,Deciduous Broadleaf Forest
27,Maharashtra,490,Pune,4512,Baramati,18.5472,73.947,1132.1,16.84,4,Deciduous Broadleaf Forest
27,Maharashtra,490,Pune,4513,Bhor,18.6169,73.9476,1142.5,16.84,4,Deciduous Broadleaf Forest
27,Maharashtra,490,Pune,4514,Daund,18.5569,73.8655,1133.5,16.6,4,Deciduous Broadleaf Forest
27,Maharashtra,490,Pune,4515,Haveli,18.6008,73.8296,1140.1,16.49,4,Deciduous Broadleaf Forest
27,Maharashtra,490,Pune,4516,Indapur,18.6169,73.7581,53.9,1.81,12,Croplands
27,Maharashtra,490,Pune,4517,Junnar,18.5276,73.8015,1129.1,16.4,4,Deciduous Broadleaf Forest
27,Maharashtra,490,Pune,4518,Khed,18.5042,73.7484,53.0,1.75,12,Croplands
27,Maharashtra,490,Pune,4519,Maval,18.4416,73.7159,52.5,1.72,12,Croplands
27,Maharashtra,490,Pune,4520,Mulshi,18.4619,73.8173,1119.3,16.45,4,Deciduous Broadleaf Forest
27,Maharashtra,490,Pune,4521,Pune City,18.4076,73.8296,1111.1,16.49,4,Deciduous Broadleaf Forest
27,Maharashtra,490,Pune,4522,Purandar,18.3637,73.8867,1104.6,16.66,4,Deciduous Broadleaf Forest
27,Maharashtra,490,Pune,4523,Shirur,18.4619,73.8884,1119.3,16.67,4,Deciduous Broadleaf Forest
27,Maharashtra,490,Pune,4524,Velhe,18.4612,73.947,1119.2,16.84,4,Deciduous Broadleaf Forest
27,Maharashtra,491,Raigad,4525,Alibag,18.5122,73.2804,53.1,1.76,12,Croplands
27,Maharashtra,491,Raigad,4526,Karjat,18.5525,73.3189,53.4,1.78,12,Croplands
27,Maharashtra,491,Raigad,4527,Khalapur,18.6193,73.3251,54.0,1.81,12,Croplands
27,Maharashtra,491,Raigad,4528,Mahad,18.5636,73.241,53.5,1.78,12,Croplands
27,Maharashtra,491,Raigad,4529,Mangaon,18.6107,73.2125,53.9,1.81,12,Croplands
27,Maharashtra,491,Raigad,4530,Mhasala,18.637,73.1474,54.1,1.82,12,Croplands
27,Maharashtra,491,Raigad,4531,Murud,18.5439,73.1773,53.4,1.77,12,Croplands
27,Maharashtra,491,Raigad,4532,Panvel,18.5328,73.1212,53.3,1.77,12,Croplands
27,Maharashtra,491,Raigad,4533,Pen,18.4822,73.0747,52.9,1.74,12,Croplands
27,Maharashtra,491,Raigad,4534,Poladpur,18.4804,73.1773,52.8,1.74,12,Croplands
27,Maharashtra,491,Raigad,4535,Roha,18.4263,73.1712,52.4,1.71,12,Croplands
27,Maharashtra,491,Raigad,4536,Shrivardhan,18.3688,73.2075,52.0,1.68,12,Croplands
27,Maharashtra,491,Raigad,4537,Sudhagad,18.4608,73.241,52.7,1.73,12,Croplands
27,Maharashtra,491,Raigad,4538,Tala,18.4385,73.2933,52.5,1.72,12,Croplands
27,Maharashtra,491,Raigad,4539,Uran,18.4535,73.3623,52.6,1.73,12,Croplands
27,Maharashtra,492,Ratnagiri,4540,Chipalun,16.9921,73.3484,40.9,2.5,12,Croplands
27,Maharashtra,492,Ratnagiri,4541,Dapoli,17.0558,73.3713,41.4,2.53,12,Croplands
27,Maharashtra,492,Ratnagiri,4542,Guhagar,17.1341,73.3181,42.1,2.57,12,Croplands
27,Maharashtra,492,Ratnagiri,4543,Khed,17.039,73.2636,41.3,2.52,12,Croplands
27,Maharashtra,492,Ratnagiri,4544,Lanja,17.026,73.1945,41.2,2.51,12,Croplands
27,Maharashtra,492,Ratnagiri,4545,Mandangad,16.9428,73.1503,40.5,2.47,12,Croplands
27,Maharashtra,492,Ratnagiri,4546,Rajapur,16.9453,73.2636,40.6,2.47,12,Croplands
27,Maharashtra,492,Ratnagiri,4547,Ratnagiri,16.8945,73.3099,40.2,2.45,12,Croplands
27,Maharashtra,492,Ratnagiri,4548,Sangmeshwar,16.8995,73.4074,40.2,2.45,12,Croplands
27,Maharashtra,493,Sangli,4549,Atpadi,16.8544,74.6207,642.1,4.89,12,Croplands
27,Maharashtra,493,Sangli,4550,Jath,16.9126,74.6479,645.5,4.94,12,Croplands
27,Maharashtra,493,Sangli,4551,Kadegaon,16.9915,74.6107,647.9,4.96,12,Croplands
27,Maharashtra,493,Sangli,4552,Kavathemahankal,16.9058,74.5467,642.2,4.87,12,Croplands
27,Maharashtra,493,Sangli,4553,Khanapur-Vita,16.9126,74.4804,886.9,12.44,4,Deciduous Broadleaf Forest
27,Maharashtra,493,Sangli,4554,Miraj,16.8544,74.4136,878.2,12.24,4,Deciduous Broadleaf Forest
27,Maharashtra,493,Sangli,4555,Palus,16.8226,74.5185,637.6,4.8,12,Croplands
27,Maharashtra,493,Sangli,4556,Shirala,16.7601,74.5322,635.2,4.78,12,Croplands
27,Maharashtra,493,Sangli,4557,Tasgaon,16.7173,74.6107,635.6,4.8,12,Croplands
27,Maharashtra,493,Sangli,4558,Valva-Islampur,16.8226,74.6099,640.3,4.86,12,Croplands
27,Maharashtra,494,Satara,4559,Jawali,17.6859,74.0501,1002.9,11.15,4,Deciduous Broadleaf Forest
27,Maharashtra,494,Satara,4560,Karad,17.7395,74.0808,1010.9,11.24,4,Deciduous Broadleaf Forest
27,Maharashtra,494,Satara,4561,Khandala,17.817,74.0562,1022.5,11.17,4,Deciduous Broadleaf Forest
27,Maharashtra,494,Satara,4562,Khatav,17.7394,73.9853,1010.9,16.96,4,Deciduous Broadleaf Forest
27,Maharashtra,494,Satara,4563,Koregaon,17.7608,73.9252,1014.1,16.78,4,Deciduous Broadleaf Forest
27,Maharashtra,494,Satara,4564,Mahabaleshwar,17.7265,73.8482,1009.0,16.54,4,Deciduous Broadleaf Forest
27,Maharashtra,494,Satara,4565,Man,17.6707,73.9389,1000.6,16.82,4,Deciduous Broadleaf Forest
27,Maharashtra,494,Satara,4566,Patan,17.611,73.9252,991.7,16.78,4,Deciduous Broadleaf Forest
27,Maharashtra,494,Satara,4567,Phaltan,17.5432,73.9718,981.5,16.92,4,Deciduous Broadleaf Forest
27,Maharashtra,494,Satara,4568,Satara,17.6367,74.0169,995.5,11.05,4,Deciduous Broadleaf Forest
27,Maharashtra,494,Satara,4569,Wai,17.6323,74.0808,994.8,11.24,4,Deciduous Broadleaf Forest
27,Maharashtra,495,Sindhudurg,4570,Deogad,16.1331,73.7961,34.1,2.07,12,Croplands
27,Maharashtra,495,Sindhudurg,4571,Dodamarg,16.2031,73.8128,780.5,16.44,4,Deciduous Broadleaf Forest
27,Maharashtra,495,Sindhudurg,4572,Kankavali,16.2772,73.7398,35.2,2.14,12,Croplands
27,Maharashtra,495,Sindhudurg,4573,Kudal,16.1713,73.7,34.4,2.09,12,Croplands
27,Maharashtra,495,Sindhudurg,4574,Malvan,16.1331,73.6366,34.1,2.07,12,Croplands
27,Maharashtra,495,Sindhudurg,4575,Sawantwadi,16.0311,73.6337,33.2,2.02,12,Croplands
27,Maharashtra,495,Sindhudurg,4576,Vaibhavawadi,16.079,73.7398,33.6,2.04,12,Croplands
27,Maharashtra,495,Sindhudurg,4577,Vengurla,16.063,73.8128,759.4,16.44,4,Deciduous Broadleaf Forest
27,Maharashtra,496,Solapur,4578,Akkalkot,17.6581,75.9635,568.5,3.77,12,Croplands
27,Maharashtra,496,Solapur,4579,Barshi,17.7117,75.9943,571.9,3.82,12,Croplands
27,Maharashtra,496,Solapur,4580,Karmala,17.7892,75.9696,574.6,3.86,12,Croplands
27,Maharashtra,496,Solapur,4581,Madha,17.7116,75.8987,569.0,3.77,12,Croplands
27,Maharashtra,496,Solapur,4582,Malshiras,17.733,75.8387,568.1,3.74,12,Croplands
27,Maharashtra,496,Solapur,4583,Mangalvedhe,17.6987,75.7616,564.3,3.68,12,Croplands
27,Maharashtra,496,Solapur,4584,Mohol,17.6429,75.8524,564.5,3.7,12,Croplands
27,Maharashtra,496,Solapur,4585,Pandharpur,17.5832,75.8387,561.4,3.65,12,Croplands
27,Maharashtra,496,Solapur,4586,Sangola,17.5154,75.8853,559.8,3.64,12,Croplands
27,Maharashtra,496,Solapur,4587,Solapur North,17.6089,75.9303,565.3,3.72,12,Croplands
27,Maharashtra,496,Solapur,4588,South Solapur,17.6045,75.9943,567.0,3.76,12,Croplands
27,Maharashtra,497,Thane,4589,Ambernath,19.197,73.0208,58.6,2.1,12,Croplands
27,Maharashtra,497,Thane,4590,Bhiwandi,19.2913,72.996,59.3,2.15,12,Croplands
27,Maharashtra,497,Thane,4593,Kalyan,19.2818,72.8401,59.3,2.14,12,Croplands
27,Maharashtra,497,Thane,4595,Murbad,19.1653,72.9172,58.3,2.08,12,Croplands
27,Maharashtra,497,Thane,4597,Shahapur,19.1028,72.996,57.8,2.05,12,Croplands
27,Maharashtra,498,Wardha,4604,Arvi,20.7354,78.6527,562.7,4.83,12,Croplands
27,Maharashtra,498,Wardha,4605,Ashti,20.8055,78.6698,566.3,4.89,12,Croplands
27,Maharashtra,498,Wardha,4606,Deoli,20.8796,78.5949,567.4,4.88,12,Croplands
27,Maharashtra,498,Wardha,4607,Hinganghat,20.7736,78.554,561.4,4.8,12,Croplands
27,Maharashtra,498,Wardha,4608,Karanja,20.7354,78.4889,557.8,4.73,12,Croplands
27,Maharashtra,498,Wardha,4609,Samudrapur,20.6335,78.4859,553.1,4.67,12,Croplands
27,Maharashtra,498,Wardha,4610,Seloo,20.6814,78.5949,558.5,4.77,12,Croplands
27,Maharashtra,498,Wardha,4611,Wardha,20.6653,78.6698,560.0,4.8,12,Croplands
27,Maharashtra,499,Washim,4612,Karanja,20.1082,77.1985,490.8,3.58,12,Croplands
27,Maharashtra,499,Washim,4613,Malegaon,20.194,77.1937,494.5,3.63,12,Croplands
27,Maharashtra,499,Washim,4614,Mangrulpir,20.233,77.0642,492.4,3.58,12,Croplands
27,Maharashtra,499,Washim,4615,Manora,20.1082,77.0834,487.4,3.51,12,Croplands
27,Maharashtra,499,Washim,4616,Risod,20.0224,77.0882,483.7,3.47,12,Croplands
27,Maharashtra,499,Washim,4617,Washim,19.9834,77.2177,710.8,3.52,12,Croplands
27,Maharashtra,500,Yavatmal,4618,Arni,20.3932,78.1897,533.4,4.35,12,Croplands
27,Maharashtra,500,Yavatmal,4619,Babhulgaon,20.4312,78.2297,536.3,4.4,12,Croplands
27,Maharashtra,500,Yavatmal,4620,Darwha,20.4952,78.2408,539.5,4.44,12,Croplands
27,Maharashtra,500,Yavatmal,4621,Digras,20.4432,78.1541,534.6,4.36,12,Croplands
27,Maharashtra,500,Yavatmal,4622,Ghatanji,20.4923,78.132,536.1,4.37,12,Croplands
27,Maharashtra,500,Yavatmal,4623,Kalamb,20.5264,78.0732,535.9,4.36,12,Croplands
27,Maharashtra,500,Yavatmal,4624,Kelapur,20.4315,78.0912,532.2,4.31,12,Croplands
27,Maharashtra,500,Yavatmal,4625,Mahagaon,20.4312,78.0343,530.4,4.28,12,Croplands
27,Maharashtra,500,Yavatmal,4626,Maregaon,20.3932,77.9782,527.0,4.22,12,Croplands
27,Maharashtra,500,Yavatmal,4627,Ner,20.3726,78.0787,529.1,4.27,12,Croplands
27,Maharashtra,500,Yavatmal,4628,Pusad,20.3232,78.0573,526.3,4.23,12,Croplands
27,Maharashtra,500,Yavatmal,4629,Ralegaon,20.2601,78.0732,523.9,4.2,12,Croplands
27,Maharashtra,500,Yavatmal,4630,Umarkhed,20.3392,78.132,529.2,4.28,12,Croplands
27,Maharashtra,500,Yavatmal,4631,Wani,20.3017,78.1725,528.8,4.28,12,Croplands
27,Maharashtra,500,Yavatmal,4632,Yavatmal,20.2913,78.2408,530.3,4.32,12,Croplands
27,Maharashtra,500,Yavatmal,4633,Zari Jamni,20.3726,78.1853,532.3,4.33,12,Croplands
27,Maharashtra,665,Palghar,4591,Dahanu,19.7002,72.8285,62.6,2.35,12,Croplands
27,Maharashtra,665,Palghar,4592,Jawhar,19.7703,72.8455,63.2,2.39,12,Croplands
27,Maharashtra,665,Palghar,4594,Mokhada,19.8444,72.771,63.8,2.42,12,Croplands
27,Maharashtra,665,Palghar,4596,Palghar,19.7385,72.7304,62.9,2.37,12,Croplands
27,Maharashtra,665,Palghar,4598,Talasari,19.7002,72.6658,62.6,2.35,12,Croplands
27,Maharashtra,665,Palghar,4601,Vasai,19.5983,72.6628,61.8,2.3,12,Croplands
27,Maharashtra,665,Palghar,4602,Vikramgad,19.6462,72.771,62.2,2.32,12,Croplands
27,Maharashtra,665,Palghar,4603,Wada,19.6302,72.8455,62.0,2.32,12,Croplands
28,Andhra Pradesh,502,Anantapur,4686,Agali,14.6835,77.6378,806.5,4.12,12,Croplands
28,Andhra Pradesh,502,Anantapur,4687,Amadagur,14.6934,77.6839,808.6,4.16,12,Croplands
28,Andhra Pradesh,502,Anantapur,4688,Amarapuram,14.7121,77.728,811.1,4.21,12,Croplands
28,Andhra Pradesh,502,Anantapur,4689,Anantapur,14.6995,77.6353,807.2,4.13,12,Croplands
28,Andhra Pradesh,502,Anantapur,4690,Atmakur,14.722,77.6764,809.8,4.18,12,Croplands
28,Andhra Pradesh,502,Anantapur,4691,Bathalapalle,14.7525,77.7128,812.6,4.23,12,Croplands
28,Andhra Pradesh,502,Anantapur,4692,Beluguppa,14.714,77.6281,807.7,4.14,12,Croplands
28,Andhra Pradesh,502,Anantapur,4693,Bommanahal,14.7472,77.6604,810.5,4.19,12,Croplands
28,Andhra Pradesh,502,Anantapur,4694,Brahmasamudram,14.7867,77.686,813.3,4.23,12,Croplands
28,Andhra Pradesh,502,Anantapur,4695,Bukkapatnam,14.7258,77.6168,807.9,4.14,12,Croplands
28,Andhra Pradesh,502,Anantapur,4696,Bukkarayasamudram,14.7668,77.6375,810.7,4.18,12,Croplands
28,Andhra Pradesh,502,Anantapur,4697,Chennekothapalle,14.8118,77.6499,813.3,4.22,12,Croplands
28,Andhra Pradesh,502,Anantapur,4698,Chilamathur,14.7338,77.6024,807.8,4.14,12,Croplands
28,Andhra Pradesh,502,Anantapur,4699,D.Hirehal,14.8255,77.6078,812.5,4.2,12,Croplands
28,Andhra Pradesh,502,Anantapur,4700,Dharmavaram,14.7789,77.6097,810.3,4.17,12,Croplands
28,Andhra Pradesh,502,Anantapur,4701,Gandlapenta,14.7374,77.5861,807.4,4.13,12,Croplands
28,Andhra Pradesh,502,Anantapur,4702,Garladinne,14.7826,77.5794,809.4,4.15,12,Croplands
28,Andhra Pradesh,502,Anantapur,4703,Gooty,14.8265,77.5634,811.0,4.17,12,Croplands
28,Andhra Pradesh,502,Anantapur,4704,Gorantla,14.7362,77.5695,806.7,4.11,12,Croplands
28,Andhra Pradesh,502,Anantapur,4705,Gudibanda,14.7775,77.5493,808.1,4.13,12,Croplands
28,Andhra Pradesh,502,Anantapur,4706,Gummagatta,14.8149,77.5207,809.0,4.13,12,Croplands
28,Andhra Pradesh,502,Anantapur,4707,Guntakal,14.7303,77.554,805.9,4.1,12,Croplands
28,Andhra Pradesh,502,Anantapur,4708,Hindupur,14.764,77.5221,806.5,4.1,12,Croplands
28,Andhra Pradesh,502,Anantapur,4709,Kadiri,14.7916,77.4834,806.5,4.09,12,Croplands
28,Andhra Pradesh,502,Anantapur,4710,Kalyandrug,14.7203,77.541,804.9,4.08,12,Croplands
28,Andhra Pradesh,502,Anantapur,4711,Kambadur,14.7434,77.5003,804.7,4.07,12,Croplands
28,Andhra Pradesh,502,Anantapur,4712,Kanaganapalle,14.7587,77.4548,803.9,4.05,12,Croplands
28,Andhra Pradesh,502,Anantapur,4713,Kanekal,14.707,77.5316,804.0,4.07,12,Croplands
28,Andhra Pradesh,502,Anantapur,4714,Kothacheruvu,14.7174,77.4857,802.9,4.04,12,Croplands
28,Andhra Pradesh,502,Anantapur,4715,Kudair,14.7191,77.4375,801.3,4.01,12,Croplands
28,Andhra Pradesh,502,Anantapur,4716,Kundurpi,14.6916,77.5267,803.0,4.05,12,Croplands
28,Andhra Pradesh,502,Anantapur,4717,Lepakshi,14.6885,77.4796,801.2,4.02,12,Croplands
28,Andhra Pradesh,502,Anantapur,4718,Madakasira,14.6763,77.4331,799.0,3.98,12,Croplands
28,Andhra Pradesh,502,Anantapur,4719,Mudigubba,14.6755,77.5267,802.2,4.04,12,Croplands
28,Andhra Pradesh,502,Anantapur,4720,Nallacheruvu,14.6591,77.4827,799.8,4.0,12,Croplands
28,Andhra Pradesh,502,Anantapur,4721,Nallamada,14.6342,77.4419,797.2,3.95,12,Croplands
28,Andhra Pradesh,502,Anantapur,4722,Nambulapulikunta,14.6601,77.5316,801.6,4.03,12,Croplands
28,Andhra Pradesh,502,Anantapur,4723,Narpala,14.6318,77.4945,798.9,3.99,12,Croplands
28,Andhra Pradesh,502,Anantapur,4724,Obuladevarecheruvu,14.5965,77.4632,796.0,3.94,12,Croplands
28,Andhra Pradesh,502,Anantapur,4725,Pamidi,14.6468,77.541,801.3,4.03,12,Croplands
28,Andhra Pradesh,502,Anantapur,4726,Parigi,14.6092,77.5142,798.5,3.99,12,Croplands
28,Andhra Pradesh,502,Anantapur,4727,Peddapappur,14.5665,77.495,795.7,3.94,12,Croplands
28,Andhra Pradesh,502,Anantapur,4728,Peddavadugur,14.6367,77.554,801.2,4.03,12,Croplands
28,Andhra Pradesh,502,Anantapur,4729,Penukonda,14.5932,77.5398,798.6,3.99,12,Croplands
28,Andhra Pradesh,502,Anantapur,4730,Putlur,14.5469,77.5345,796.1,3.96,12,Croplands
28,Andhra Pradesh,502,Anantapur,4731,Puttaparthi,14.6308,77.5695,801.5,4.04,12,Croplands
28,Andhra Pradesh,502,Anantapur,4732,Ramagiri,14.5852,77.5692,799.2,4.01,12,Croplands
28,Andhra Pradesh,502,Anantapur,4733,Raptadu,14.5394,77.5782,797.2,3.98,12,Croplands
28,Andhra Pradesh,502,Anantapur,4734,Rayadurg,14.6296,77.5861,802.0,4.05,12,Croplands
28,Andhra Pradesh,502,Anantapur,4735,Roddam,14.5859,77.5997,800.3,4.03,12,Croplands
28,Andhra Pradesh,502,Anantapur,4736,Rolla,14.5448,77.6223,799.0,4.02,12,Croplands
28,Andhra Pradesh,502,Anantapur,4737,Settur,14.6332,77.6024,802.7,4.06,12,Croplands
28,Andhra Pradesh,502,Anantapur,4738,Singanamala,14.5953,77.6287,801.8,4.06,12,Croplands
28,Andhra Pradesh,502,Anantapur,4739,Somandepalle,14.5624,77.6628,801.3,4.06,12,Croplands
28,Andhra Pradesh,502,Anantapur,4740,Tadimarri,14.6413,77.6168,803.7,4.08,12,Croplands
28,Andhra Pradesh,502,Anantapur,4741,Tadipatri,14.6126,77.6535,803.5,4.09,12,Croplands
28,Andhra Pradesh,502,Anantapur,4742,Talupula,14.5909,77.6961,803.9,4.1,12,Croplands
28,Andhra Pradesh,502,Anantapur,4743,Tanakal,14.6531,77.6281,804.6,4.1,12,Croplands
28,Andhra Pradesh,502,Anantapur,4744,Uravakonda,14.6361,77.6719,805.3,4.12,12,Croplands
28,Andhra Pradesh,502,Anantapur,4745,Vajrakarur,14.6275,77.7193,806.6,4.14,12,Croplands
28,Andhra Pradesh,502,Anantapur,4746,Vidapanakal,14.6676,77.6353,805.6,4.11,12,Croplands
28,Andhra Pradesh,502,Anantapur,4747,Yadiki,14.6639,77.6824,807.1,4.14,12,Croplands
28,Andhra Pradesh,502,Anantapur,4748,Yellanur,14.6692,77.7302,809.0,4.18,12,Croplands
28,Andhra Pradesh,503,Chittoor,4749,B.Kothakota,13.2337,79.2336,789.9,4.23,12,Croplands
28,Andhra Pradesh,503,Chittoor,4750,Baireddipalle,13.206,79.1439,785.3,4.14,12,Croplands
28,Andhra Pradesh,503,Chittoor,4751,Bangarupalem,13.2156,79.1896,787.4,4.18,12,Croplands
28,Andhra Pradesh,503,Chittoor,4752,Buchinadidu Khandriga,13.2215,79.1415,786.0,4.15,12,Croplands
28,Andhra Pradesh,503,Chittoor,4753,Chandragiri,13.2434,79.1826,788.6,4.2,12,Croplands
28,Andhra Pradesh,503,Chittoor,4754,Chinnagottigallu,13.273,79.2194,791.3,4.24,12,Croplands
28,Andhra Pradesh,503,Chittoor,4755,Chittoor,13.2357,79.1348,786.5,4.16,12,Croplands
28,Andhra Pradesh,503,Chittoor,4756,Chowdepalle,13.2681,79.1677,789.3,4.21,12,Croplands
28,Andhra Pradesh,503,Chittoor,4757,Gangadhara Nellore,13.3067,79.1943,792.1,4.25,12,Croplands
28,Andhra Pradesh,503,Chittoor,4758,Gangavaram,13.2474,79.1241,786.7,4.16,12,Croplands
28,Andhra Pradesh,503,Chittoor,4759,Gudipala,13.2876,79.1462,789.5,4.2,12,Croplands
28,Andhra Pradesh,503,Chittoor,4760,Gudupalle,13.332,79.1603,792.2,4.24,12,Croplands
28,Andhra Pradesh,503,Chittoor,4761,Gurramkonda,13.2556,79.1105,786.6,4.16,12,Croplands
28,Andhra Pradesh,503,Chittoor,4762,Irala,13.3003,79.1198,789.2,4.19,12,Croplands
28,Andhra Pradesh,503,Chittoor,4763,K.V.B.Puram,13.3408,79.0358,788.3,4.16,12,Croplands
28,Andhra Pradesh,503,Chittoor,4764,Kalakada,13.3468,79.1203,791.6,4.23,12,Croplands
28,Andhra Pradesh,503,Chittoor,4765,Kalikiri,13.2597,79.095,786.3,4.15,12,Croplands
28,Andhra Pradesh,503,Chittoor,4766,Kambhamvaripalle,13.3051,79.0908,788.4,4.18,12,Croplands
28,Andhra Pradesh,503,Chittoor,4767,Karvetinagar,13.3498,79.0776,790.2,4.2,12,Croplands
28,Andhra Pradesh,503,Chittoor,4768,Kuppam,13.2593,79.079,785.7,4.14,12,Croplands
28,Andhra Pradesh,503,Chittoor,4769,Kurabalakota,13.3017,79.0616,787.2,4.15,12,Croplands
28,Andhra Pradesh,503,Chittoor,4770,Madanapalle,13.2545,79.0637,785.0,4.12,12,Croplands
28,Andhra Pradesh,503,Chittoor,4771,Mulakalacheruvu,13.2902,79.0346,785.7,4.13,12,Croplands
28,Andhra Pradesh,503,Chittoor,4772,Nagalapuram,13.3206,78.9984,786.0,4.12,12,Croplands
28,Andhra Pradesh,503,Chittoor,4773,Nagari,13.2456,79.0505,784.0,4.11,12,Croplands
28,Andhra Pradesh,503,Chittoor,4774,Narayanavanam,13.2718,79.0121,784.0,4.1,12,Croplands
28,Andhra Pradesh,503,Chittoor,4775,Nimmanapalle,13.2908,78.9685,783.4,4.08,12,Croplands
28,Andhra Pradesh,503,Chittoor,4776,Nindra,13.2334,79.0405,783.1,4.09,12,Croplands
28,Andhra Pradesh,503,Chittoor,4777,Pakala,13.2478,78.996,782.2,4.07,12,Croplands
28,Andhra Pradesh,503,Chittoor,4778,Palamaner,13.2539,78.9487,780.9,4.04,12,Croplands
28,Andhra Pradesh,503,Chittoor,4779,Palasamudram,13.219,79.0344,782.2,4.08,12,Croplands
28,Andhra Pradesh,503,Chittoor,4780,Peddamandyam,13.2204,78.9876,780.6,4.05,12,Croplands
28,Andhra Pradesh,503,Chittoor,4781,Peddapanjani,13.213,78.9404,778.6,4.01,12,Croplands
28,Andhra Pradesh,503,Chittoor,4782,Peddathippasamudram,13.2034,79.0329,781.3,4.07,12,Croplands
28,Andhra Pradesh,503,Chittoor,4783,Penumuru,13.1917,78.9876,779.2,4.03,12,Croplands
28,Andhra Pradesh,503,Chittoor,4784,Piler,13.1715,78.9446,776.6,3.98,12,Croplands
28,Andhra Pradesh,503,Chittoor,4785,Pitchatur,13.1881,79.036,780.7,4.06,12,Croplands
28,Andhra Pradesh,503,Chittoor,4786,Pulicherla H/O Reddivaripalle,13.1643,78.996,778.1,4.01,12,Croplands
28,Andhra Pradesh,503,Chittoor,4787,Punganur,13.133,78.9607,775.3,3.97,12,Croplands
28,Andhra Pradesh,503,Chittoor,4788,Puthalapattu,13.1743,79.0434,780.2,4.05,12,Croplands
28,Andhra Pradesh,503,Chittoor,4789,Puttur,13.1403,79.0121,777.4,4.01,12,Croplands
28,Andhra Pradesh,503,Chittoor,4790,Ramachandrapuram,13.1005,78.9875,774.6,3.96,12,Croplands
28,Andhra Pradesh,503,Chittoor,4791,Ramakuppam,13.1631,79.0546,780.1,4.05,12,Croplands
28,Andhra Pradesh,503,Chittoor,4792,Ramasamudram,13.1219,79.0346,777.3,4.01,12,Croplands
28,Andhra Pradesh,503,Chittoor,4793,Renigunta,13.0768,79.0227,774.6,3.97,12,Croplands
28,Andhra Pradesh,503,Chittoor,4794,Rompicherla,13.1555,79.0686,780.2,4.06,12,Croplands
28,Andhra Pradesh,503,Chittoor,4795,Santhipuram Ho Arimuthanapalle,13.1104,79.0616,777.7,4.02,12,Croplands
28,Andhra Pradesh,503,Chittoor,4796,Satyavedu,13.064,79.0634,775.4,3.99,12,Croplands
28,Andhra Pradesh,503,Chittoor,4797,Sodam,13.1521,79.0843,780.6,4.07,12,Croplands
28,Andhra Pradesh,503,Chittoor,4798,Somala,13.107,79.0908,778.5,4.04,12,Croplands
28,Andhra Pradesh,503,Chittoor,4799,Srikalahasti,13.0629,79.1062,776.9,4.02,12,Croplands
28,Andhra Pradesh,503,Chittoor,4800,Srirangarajapuram,13.1533,79.1003,781.2,4.08,12,Croplands
28,Andhra Pradesh,503,Chittoor,4801,Thamballapalle,13.1118,79.1198,779.8,4.06,12,Croplands
28,Andhra Pradesh,503,Chittoor,4802,Thavanampalle,13.0739,79.1475,778.9,4.05,12,Croplands
28,Andhra Pradesh,503,Chittoor,4803,Thottambedu,13.1588,79.1153,782.0,4.09,12,Croplands
28,Andhra Pradesh,503,Chittoor,4804,Tirupati (Rural),13.1245,79.1462,781.3,4.09,12,Croplands
28,Andhra Pradesh,503,Chittoor,4806,Vadamalapeta,13.0959,79.1838,781.2,4.1,12,Croplands
28,Andhra Pradesh,503,Chittoor,4807,Valmikipuram,13.1683,79.1281,782.9,4.11,12,Croplands
28,Andhra Pradesh,503,Chittoor,4808,Varadaiahpalem,13.144,79.1677,783.1,4.12,12,Croplands
28,Andhra Pradesh,503,Chittoor,4809,Vedurukuppam,13.127,79.2122,783.8,4.14,12,Croplands
28,Andhra Pradesh,503,Chittoor,4810,Venkatagirikota,13.1809,79.1375,783.9,4.12,12,Croplands
28,Andhra Pradesh,503,Chittoor,4811,Vijayapuram,13.1687,79.1826,784.8,4.15,12,Croplands
28,Andhra Pradesh,503,Chittoor,4812,Yadamari,13.1648,79.2302,786.3,4.18,12,Croplands
28,Andhra Pradesh,503,Chittoor,4813,Yerpedu,13.1957,79.1428,784.8,4.14,12,Croplands
28,Andhra Pradesh,503,Chittoor,4814,Yerravaripalem,13.1965,79.1896,786.5,4.17,12,Croplands
28,Andhra Pradesh,504,Y.S.R.,4815,Atlur,13.8746,79.5945,834.5,2.83,12,Croplands
28,Andhra Pradesh,504,Y.S.R.,4816,B.Kodur,13.9097,79.6828,839.4,2.91,12,Croplands
28,Andhra Pradesh,504,Y.S.R.,4817,Badvel,13.8867,79.6401,836.7,2.87,12,Croplands
28,Andhra Pradesh,504,Y.S.R.,4818,Brahmamgarimatham.,13.8941,79.5907,835.4,2.84,12,Croplands
28,Andhra Pradesh,504,Y.S.R.,4819,Chakrayapet,13.9215,79.6287,838.1,2.89,12,Croplands
28,Andhra Pradesh,504,Y.S.R.,4820,Chapadu,13.9579,79.66,841.0,2.93,12,Croplands
28,Andhra Pradesh,504,Y.S.R.,4821,Chennur,13.911,79.5799,835.8,2.84,12,Croplands
28,Andhra Pradesh,504,Y.S.R.,4822,Chinnamandem,13.9498,79.6052,838.7,2.89,12,Croplands
28,Andhra Pradesh,504,Y.S.R.,4823,Chintakomma Dinne,13.9947,79.6208,841.5,2.93,12,Croplands
28,Andhra Pradesh,504,Y.S.R.,4824,Chitvel,13.923,79.5636,835.9,2.84,12,Croplands
28,Andhra Pradesh,504,Y.S.R.,4825,Duvvur,13.968,79.5727,838.4,2.88,12,Croplands
28,Andhra Pradesh,504,Y.S.R.,4826,Galiveedu,14.0154,79.5706,840.7,2.91,12,Croplands
28,Andhra Pradesh,504,Y.S.R.,4827,Gopavaram,13.9284,79.5439,835.5,2.83,12,Croplands
28,Andhra Pradesh,504,Y.S.R.,4828,Jammalamadugu,13.9736,79.5357,837.4,2.86,12,Croplands
28,Andhra Pradesh,504,Y.S.R.,4829,Kalasapadu,13.9266,79.5236,834.7,2.82,12,Croplands
28,Andhra Pradesh,504,Y.S.R.,4830,Kamalapuram,13.9658,79.499,835.8,2.83,12,Croplands
28,Andhra Pradesh,504,Y.S.R.,4831,Khajipet,13.9994,79.4646,836.2,2.82,12,Croplands
28,Andhra Pradesh,504,Y.S.R.,4832,Kodur,13.9177,79.5052,833.6,2.8,12,Croplands
28,Andhra Pradesh,504,Y.S.R.,4833,Kondapuram,13.9457,79.4677,833.7,2.79,12,Croplands
28,Andhra Pradesh,504,Y.S.R.,4834,Lakkireddipalle,13.9649,79.4231,833.1,2.77,12,Croplands
28,Andhra Pradesh,504,Y.S.R.,4835,Lingala,13.903,79.4915,832.4,2.78,12,Croplands
28,Andhra Pradesh,504,Y.S.R.,4836,Muddanur,13.916,79.4461,831.4,2.75,12,Croplands
28,Andhra Pradesh,504,Y.S.R.,4837,Mydukur,13.9183,79.3973,829.8,2.72,12,Croplands
28,Andhra Pradesh,504,Y.S.R.,4838,Mylavaram,13.8845,79.4841,831.2,2.76,12,Croplands
28,Andhra Pradesh,504,Y.S.R.,4839,Nandalur,13.8807,79.4369,829.3,2.72,12,Croplands
28,Andhra Pradesh,504,Y.S.R.,4840,Obulavaripalle,13.8657,79.3906,827.0,2.68,12,Croplands
28,Andhra Pradesh,504,Y.S.R.,4841,Peddamudium,13.8646,79.4841,830.2,2.74,12,Croplands
28,Andhra Pradesh,504,Y.S.R.,4842,Penagalur,13.8445,79.4415,827.7,2.7,12,Croplands
28,Andhra Pradesh,504,Y.S.R.,4843,Pendlimarri,13.8143,79.4039,824.9,2.65,12,Croplands
28,Andhra Pradesh,504,Y.S.R.,4844,Porumamilla,13.8461,79.4915,829.5,2.74,12,Croplands
28,Andhra Pradesh,504,Y.S.R.,4845,Proddatur,13.8124,79.4593,826.7,2.69,12,Croplands
28,Andhra Pradesh,504,Y.S.R.,4846,Pulivendla,13.7711,79.4354,823.8,2.64,12,Croplands
28,Andhra Pradesh,504,Y.S.R.,4847,Pullampeta,13.8314,79.5052,829.3,2.74,12,Croplands
28,Andhra Pradesh,504,Y.S.R.,4848,Rajampet,13.7887,79.4878,826.5,2.69,12,Croplands
28,Andhra Pradesh,504,Y.S.R.,4849,Rajupalem,13.7418,79.4809,823.9,2.66,12,Croplands
28,Andhra Pradesh,504,Y.S.R.,4850,Ramapuram,13.8226,79.5236,829.5,2.74,12,Croplands
28,Andhra Pradesh,504,Y.S.R.,4851,Rayachoty,13.7766,79.5231,827.1,2.71,12,Croplands
28,Andhra Pradesh,504,Y.S.R.,4852,Sambepalle,13.7305,79.5342,825.2,2.69,12,Croplands
28,Andhra Pradesh,504,Y.S.R.,4853,Sidhout,13.8207,79.5439,830.1,2.76,12,Croplands
28,Andhra Pradesh,504,Y.S.R.,4854,Simhadripuram,13.7778,79.5606,828.5,2.74,12,Croplands
28,Andhra Pradesh,504,Y.S.R.,4855,Sri Avadutha Kasinayana,13.7386,79.5881,827.5,2.73,12,Croplands
28,Andhra Pradesh,504,Y.S.R.,4856,T.Sundupalle,13.792,79.5952,830.4,2.77,12,Croplands
28,Andhra Pradesh,504,Y.S.R.,4857,Thondur,13.8262,79.5636,831.0,2.77,12,Croplands
28,Andhra Pradesh,504,Y.S.R.,4858,Vallur,13.7651,79.6354,830.5,2.78,12,Croplands
28,Andhra Pradesh,504,Y.S.R.,4859,Veeraballi,13.8382,79.5799,832.2,2.79,12,Croplands
28,Andhra Pradesh,504,Y.S.R.,4860,Veerapanayani Palle,13.8173,79.6221,832.6,2.81,12,Croplands
28,Andhra Pradesh,504,Y.S.R.,4861,Vempalle,13.8064,79.6696,833.8,2.83,12,Croplands
28,Andhra Pradesh,504,Y.S.R.,4862,Vemula,13.855,79.5907,833.4,2.81,12,Croplands
28,Andhra Pradesh,504,Y.S.R.,4863,Vontimitta,13.8504,79.6378,834.8,2.84,12,Croplands
28,Andhra Pradesh,504,Y.S.R.,4864,Yerraguntla,13.8569,79.6862,836.9,2.88,12,Croplands
28,Andhra Pradesh,504,Y.S.R.,7344,Kadapa,14.017,79.516,838.9,2.87,12,Croplands
28,Andhra Pradesh,505,East Godavari,4865,Addateegala,16.9604,82.2946,658.3,2.68,12,Croplands
28,Andhra Pradesh,505,East Godavari,4866,Ainavilli,16.9701,82.3412,660.4,2.72,12,Croplands
28,Andhra Pradesh,505,East Godavari,4867,Alamuru,16.9885,82.3859,662.9,2.76,12,Croplands
28,Andhra Pradesh,505,East Godavari,4868,Allavaram,16.9761,82.2922,659.0,2.69,12,Croplands
28,Andhra Pradesh,505,East Godavari,4869,Amalapuram,16.9983,82.3338,661.6,2.73,12,Croplands
28,Andhra Pradesh,505,East Godavari,4870,Ambajipeta,17.0283,82.371,664.4,2.78,12,Croplands
28,Andhra Pradesh,505,East Godavari,4871,Anaparthy,16.9904,82.2851,659.5,2.69,12,Croplands
28,Andhra Pradesh,505,East Godavari,4872,Atreyapuram,17.0232,82.3182,662.3,2.74,12,Croplands
28,Andhra Pradesh,505,East Godavari,4873,Biccavolu,17.0623,82.3446,665.2,2.78,12,Croplands
28,Andhra Pradesh,505,East Godavari,4874,Devipatnam,17.0428,82.2956,662.5,2.74,12,Croplands
28,Andhra Pradesh,505,East Godavari,4875,Gandepalle,17.0875,82.3091,665.2,2.78,12,Croplands
28,Andhra Pradesh,505,East Godavari,4876,Gangavaram,17.0103,82.2597,659.6,2.69,12,Croplands
28,Andhra Pradesh,505,East Godavari,4877,Gokavaram,17.0552,82.2682,662.1,2.73,12,Croplands
28,Andhra Pradesh,505,East Godavari,4878,Gollaprolu,17.1017,82.2675,664.4,2.76,12,Croplands
28,Andhra Pradesh,505,East Godavari,4879,I. Polavaram,17.0142,82.2436,659.2,2.68,12,Croplands
28,Andhra Pradesh,505,East Godavari,4880,Jaggampeta,17.0595,82.2381,661.3,2.71,12,Croplands
28,Andhra Pradesh,505,East Godavari,4881,Kadiam,17.1038,82.2233,663.0,2.73,12,Croplands
28,Andhra Pradesh,505,East Godavari,4882,Kajuluru,17.0134,82.2271,658.6,2.67,12,Croplands
28,Andhra Pradesh,505,East Godavari,4883,Kakinada Rural,17.0552,82.208,660.0,2.68,12,Croplands
28,Andhra Pradesh,505,East Godavari,4884,Kapileswarapuram,17.008,82.2115,657.8,2.65,12,Croplands
28,Andhra Pradesh,505,East Godavari,4885,Karapa,17.0428,82.1805,658.5,2.66,12,Croplands
28,Andhra Pradesh,505,East Godavari,4886,Katrenikona,17.0718,82.1425,658.6,2.65,12,Croplands
28,Andhra Pradesh,505,East Godavari,4887,Kirlampudi,16.9986,82.1981,656.9,2.64,12,Croplands
28,Andhra Pradesh,505,East Godavari,4888,Korukonda,17.0232,82.158,656.7,2.63,12,Croplands
28,Andhra Pradesh,505,East Godavari,4889,Kotananduru,17.0404,82.1128,656.0,2.61,12,Croplands
28,Andhra Pradesh,505,East Godavari,4890,U.Kothapalle,16.8924,82.371,657.6,2.68,12,Croplands
28,Andhra Pradesh,505,East Godavari,4891,Kothapeta,16.9858,82.1883,655.9,2.62,12,Croplands
28,Andhra Pradesh,505,East Godavari,4892,Malikipuram,17.0022,82.0939,653.4,2.57,12,Croplands
28,Andhra Pradesh,505,East Godavari,4893,Mamidikuduru,16.9709,82.1827,654.9,2.61,12,Croplands
28,Andhra Pradesh,505,East Godavari,4894,Mandapeta,16.9701,82.135,653.2,2.57,12,Croplands
28,Andhra Pradesh,505,East Godavari,4895,Maredumilli,16.9604,82.0874,651.1,2.53,12,Croplands
28,Andhra Pradesh,505,East Godavari,4896,Mummidivaram,16.9551,82.1819,654.1,2.6,12,Croplands
28,Andhra Pradesh,505,East Godavari,4897,P.Gannavaram,16.8803,82.1128,648.0,4.6,12,Croplands
28,Andhra Pradesh,505,East Godavari,4898,Pamarru,16.9185,82.0939,649.2,2.51,12,Croplands
28,Andhra Pradesh,505,East Godavari,4899,Pedapudi,16.9397,82.1859,653.5,2.59,12,Croplands
28,Andhra Pradesh,505,East Godavari,4900,Peddapuram,16.9136,82.1467,650.8,2.54,12,Croplands
28,Andhra Pradesh,505,East Godavari,4901,Pithapuram,16.9261,82.1944,653.1,2.58,12,Croplands
28,Andhra Pradesh,505,East Godavari,4902,Prathipadu,16.8903,82.1648,650.3,2.54,12,Croplands
28,Andhra Pradesh,505,East Godavari,4903,Rajahmundry Rural,16.8489,82.1425,647.4,4.59,12,Croplands
28,Andhra Pradesh,505,East Godavari,4904,Rajanagaram,16.873,82.1893,650.3,2.54,12,Croplands
28,Andhra Pradesh,505,East Godavari,4905,Rajavommangi,16.8272,82.1804,647.7,2.51,12,Croplands
28,Andhra Pradesh,505,East Godavari,4906,Ramachandrapuram,16.9086,82.2217,653.2,2.59,12,Croplands
28,Andhra Pradesh,505,East Godavari,4907,Rampachodavaram,16.8632,82.2179,650.8,2.56,12,Croplands
28,Andhra Pradesh,505,East Godavari,4908,Rangampeta,16.8169,82.2233,648.7,2.53,12,Croplands
28,Andhra Pradesh,505,East Godavari,4909,Ravulapalem,16.9063,82.2381,653.6,2.6,12,Croplands
28,Andhra Pradesh,505,East Godavari,4910,Rayavaram,16.8617,82.2482,651.8,2.58,12,Croplands
28,Andhra Pradesh,505,East Godavari,4911,Razole,16.819,82.2675,650.3,2.56,12,Croplands
28,Andhra Pradesh,505,East Godavari,4912,Sakhinetipalle,16.8688,82.2777,653.2,2.6,12,Croplands
28,Andhra Pradesh,505,East Godavari,4913,Samalkota,16.8332,82.3091,652.5,2.6,12,Croplands
28,Andhra Pradesh,505,East Godavari,4914,Sankhavaram,16.9154,82.2695,655.2,2.63,12,Croplands
28,Andhra Pradesh,505,East Godavari,4915,Seethanagaram,16.8838,82.3038,654.8,2.63,12,Croplands
28,Andhra Pradesh,505,East Godavari,4916,Thallarevu,16.8584,82.3446,655.0,2.64,12,Croplands
28,Andhra Pradesh,505,East Godavari,4917,Thondangi,16.9261,82.2818,656.2,2.65,12,Croplands
28,Andhra Pradesh,505,East Godavari,4918,Tuni,16.9053,82.3242,656.6,2.66,12,Croplands
28,Andhra Pradesh,505,East Godavari,4919,Uppalaguptam,16.9397,82.2903,657.1,2.66,12,Croplands
28,Andhra Pradesh,505,East Godavari,4920,Y. Ramavaram,16.9551,82.2943,658.1,2.67,12,Croplands
28,Andhra Pradesh,505,East Godavari,4921,Yeleswaram,16.9322,82.3859,660.1,2.72,12,Croplands
28,Andhra Pradesh,505,East Godavari,5062,Chintoor,17.0021,82.2739,659.7,2.69,12,Croplands
28,Andhra Pradesh,505,East Godavari,5076,Kunavaram,16.9983,82.1424,654.9,2.6,12,Croplands
28,Andhra Pradesh,505,East Godavari,5091,Vararamachandrapuram,16.9316,82.3372,658.4,2.69,12,Croplands
28,Andhra Pradesh,505,East Godavari,6501,Routhulapudi,16.9086,82.2545,654.3,2.61,12,Croplands
28,Andhra Pradesh,505,East Godavari,6502,Rajahmundry Urban,16.9154,82.2067,653.0,2.59,12,Croplands
28,Andhra Pradesh,505,East Godavari,6503,Kakinada Urban,17.0935,82.1804,661.0,2.69,12,Croplands
28,Andhra Pradesh,505,East Godavari,6829,Nellipaka,16.941,82.1365,651.8,2.55,12,Croplands
28,Andhra Pradesh,506,Guntur,4923,Amaravathi,16.2997,80.5136,563.0,3.07,12,Croplands
28,Andhra Pradesh,506,Guntur,4924,Amruthalur,16.3106,80.5599,565.1,3.11,12,Croplands
28,Andhra Pradesh,506,Guntur,4925,Atchempet,16.3313,80.6038,567.7,3.15,12,Croplands
28,Andhra Pradesh,506,Guntur,4926,Bapatla,16.3173,80.5106,563.7,3.08,12,Croplands
28,Andhra Pradesh,506,Guntur,4927,Bellamkonda,16.342,80.5507,566.4,3.12,12,Croplands
28,Andhra Pradesh,506,Guntur,4928,Bhattiprolu,16.3752,80.5852,569.2,3.17,12,Croplands
28,Andhra Pradesh,506,Guntur,4929,Bollapalle,16.3329,80.5017,564.2,3.08,12,Croplands
28,Andhra Pradesh,506,Guntur,4930,Chebrole,16.3688,80.5313,567.0,3.13,12,Croplands
28,Andhra Pradesh,506,Guntur,4931,Cherukupalle,16.411,80.5528,569.9,3.17,12,Croplands
28,Andhra Pradesh,506,Guntur,4932,Chilakaluripet,16.345,80.4881,564.3,3.08,12,Croplands
28,Andhra Pradesh,506,Guntur,4933,Dachepalle,16.3882,80.5039,567.0,3.12,12,Croplands
28,Andhra Pradesh,506,Guntur,4934,Duggirala,16.4347,80.5099,569.6,3.16,12,Croplands
28,Andhra Pradesh,506,Guntur,4935,Durgi,16.3521,80.4711,564.1,3.08,12,Croplands
28,Andhra Pradesh,506,Guntur,4936,Edlapadu,16.3979,80.4715,566.4,3.11,12,Croplands
28,Andhra Pradesh,506,Guntur,4937,Guntur,16.4438,80.4614,568.3,3.13,12,Croplands
28,Andhra Pradesh,506,Guntur,4938,Gurazala,16.3536,80.4526,563.5,3.06,12,Croplands
28,Andhra Pradesh,506,Guntur,4939,Ipur,16.397,80.4375,565.2,3.08,12,Croplands
28,Andhra Pradesh,506,Guntur,4940,Kakumanu,16.4373,80.4125,566.3,3.09,12,Croplands
28,Andhra Pradesh,506,Guntur,4941,Karempudi,16.3492,80.4347,562.7,3.05,12,Croplands
28,Andhra Pradesh,506,Guntur,4942,Karlapalem,16.3856,80.4057,563.5,3.05,12,Croplands
28,Andhra Pradesh,506,Guntur,4943,Kollipara,16.4159,80.3683,563.7,3.05,12,Croplands
28,Andhra Pradesh,506,Guntur,4944,Kollur,16.3395,80.4191,561.6,3.03,12,Croplands
28,Andhra Pradesh,506,Guntur,4945,Krosuru,16.3648,80.3794,561.5,3.02,12,Croplands
28,Andhra Pradesh,506,Guntur,4946,Machavaram,16.3819,80.3339,560.8,3.0,12,Croplands
28,Andhra Pradesh,506,Guntur,4947,Macherla,16.3255,80.4078,560.5,3.01,12,Croplands
28,Andhra Pradesh,506,Guntur,4948,Mangalagiri,16.337,80.3616,559.5,2.99,12,Croplands
28,Andhra Pradesh,506,Guntur,4949,Medikonduru,16.339,80.3128,557.9,2.96,12,Croplands
28,Andhra Pradesh,506,Guntur,4950,Muppalla,16.3086,80.4017,559.5,3.0,12,Croplands
28,Andhra Pradesh,506,Guntur,4951,Nadendla,16.3052,80.3542,557.7,2.96,12,Croplands
28,Andhra Pradesh,506,Guntur,4952,Nagaram,16.2918,80.3073,555.3,2.92,12,Croplands
28,Andhra Pradesh,506,Guntur,4953,Narasaraopeta,16.2908,80.4017,558.6,2.98,12,Croplands
28,Andhra Pradesh,506,Guntur,4954,Nekarikallu,16.2728,80.3579,556.2,2.94,12,Croplands
28,Andhra Pradesh,506,Guntur,4955,Nizampatnam,16.2455,80.3181,553.4,2.89,12,Croplands
28,Andhra Pradesh,506,Guntur,4956,Nuzendla,16.274,80.4078,558.0,2.98,12,Croplands
28,Andhra Pradesh,506,Guntur,4957,Pedakakani,16.2433,80.3724,555.2,2.93,12,Croplands
28,Andhra Pradesh,506,Guntur,4958,Pedakurapadu,16.2051,80.344,552.3,2.88,12,Croplands
28,Andhra Pradesh,506,Guntur,4959,Pedanandipadu,16.26,80.4191,557.7,2.98,12,Croplands
28,Andhra Pradesh,506,Guntur,4960,Phirangipuram,16.2199,80.3961,554.9,2.93,12,Croplands
28,Andhra Pradesh,506,Guntur,4961,Piduguralla,16.1749,80.3822,552.1,2.89,12,Croplands
28,Andhra Pradesh,506,Guntur,4962,Pittalavanipalem,16.2502,80.4347,557.7,2.98,12,Croplands
28,Andhra Pradesh,506,Guntur,4963,Ponnur,16.2052,80.4265,555.2,2.94,12,Croplands
28,Andhra Pradesh,506,Guntur,4964,Prathipadu,16.1583,80.4285,552.9,2.91,12,Croplands
28,Andhra Pradesh,506,Guntur,4965,Rajupalem,16.2459,80.4526,558.1,2.99,12,Croplands
28,Andhra Pradesh,506,Guntur,4966,Rentachintala,16.2007,80.4601,556.1,2.96,12,Croplands
28,Andhra Pradesh,506,Guntur,4967,Repalle,16.157,80.4779,554.6,2.94,12,Croplands
28,Andhra Pradesh,506,Guntur,4968,Rompicherla,16.2473,80.4711,558.9,3.0,12,Croplands
28,Andhra Pradesh,506,Guntur,4969,Sattenapalle,16.2069,80.4935,557.6,2.99,12,Croplands
28,Andhra Pradesh,506,Guntur,4970,Savalyapuram,16.1711,80.5251,556.9,2.99,12,Croplands
28,Andhra Pradesh,506,Guntur,4971,Tadepalle,16.2545,80.4881,559.8,3.02,12,Croplands
28,Andhra Pradesh,506,Guntur,4972,Tadikonda,16.2232,80.5229,559.5,3.02,12,Croplands
28,Andhra Pradesh,506,Guntur,4973,Tenali,16.1992,80.5649,559.7,3.03,12,Croplands
28,Andhra Pradesh,506,Guntur,4974,Thullur,16.2665,80.5017,560.9,3.04,12,Croplands
28,Andhra Pradesh,506,Guntur,4975,Tsundur,16.2478,80.5452,561.5,3.06,12,Croplands
28,Andhra Pradesh,506,Guntur,4976,Vatticherukuru,16.2382,80.5931,562.7,3.08,12,Croplands
28,Andhra Pradesh,506,Guntur,4977,Veldurthy,16.2822,80.5106,562.0,3.05,12,Croplands
28,Andhra Pradesh,506,Guntur,4978,Vemuru,16.2781,80.558,563.4,3.09,12,Croplands
28,Andhra Pradesh,506,Guntur,4979,Vinukonda,16.2839,80.6066,565.4,3.12,12,Croplands
28,Andhra Pradesh,510,Krishna,5099,A.Konduru,16.1999,81.2413,583.4,3.51,12,Croplands
28,Andhra Pradesh,510,Krishna,5100,Agiripalli,16.1875,81.1952,581.2,3.47,12,Croplands
28,Andhra Pradesh,510,Krishna,5101,Avanigadda,16.2233,81.2843,586.1,3.56,12,Croplands
28,Andhra Pradesh,510,Krishna,5102,Bantumilli,16.2074,81.1912,582.1,3.48,12,Croplands
28,Andhra Pradesh,510,Krishna,5103,Bapulapadu,16.2352,81.2293,584.8,3.53,12,Croplands
28,Andhra Pradesh,510,Krishna,5104,Challapalli,16.2722,81.2603,587.7,3.57,12,Croplands
28,Andhra Pradesh,510,Krishna,5105,Chandarlapadu,16.2245,81.1799,582.5,3.48,12,Croplands
28,Andhra Pradesh,510,Krishna,5106,Chatrai,16.2638,81.2047,585.4,3.53,12,Croplands
28,Andhra Pradesh,510,Krishna,5107,G.Konduru,16.3291,81.167,587.3,3.55,12,Croplands
28,Andhra Pradesh,510,Krishna,5108,Gampalagudem,16.3092,81.2193,588.1,3.57,12,Croplands
28,Andhra Pradesh,510,Krishna,5109,Gannavaram,16.2364,81.1628,582.5,3.48,12,Croplands
28,Andhra Pradesh,510,Krishna,5110,Ghantasala,16.2817,81.1708,585.1,3.52,12,Croplands
28,Andhra Pradesh,510,Krishna,5111,Gudivada,16.2414,81.1424,582.1,3.47,12,Croplands
28,Andhra Pradesh,510,Krishna,5112,Gudlavalleru,16.2864,81.1324,584.0,3.49,12,Croplands
28,Andhra Pradesh,510,Krishna,5113,Guduru,16.3291,81.1108,585.3,3.51,12,Croplands
28,Andhra Pradesh,510,Krishna,5114,Ibrahimpatnam,16.2389,81.1215,581.2,3.45,12,Croplands
28,Andhra Pradesh,510,Krishna,5115,Jaggayyapeta,16.2771,81.0949,582.2,3.46,12,Croplands
28,Andhra Pradesh,510,Krishna,5116,Kaikalur,16.3092,81.0585,582.5,3.46,12,Croplands
28,Andhra Pradesh,510,Krishna,5117,Kalidindi,16.2291,81.103,580.1,3.43,12,Croplands
28,Andhra Pradesh,510,Krishna,5118,Kanchikacherla,16.2553,81.0637,580.0,3.42,12,Croplands
28,Andhra Pradesh,510,Krishna,5119,Kankipadu,16.2722,81.0175,579.2,3.4,12,Croplands
28,Andhra Pradesh,510,Krishna,5120,Koduru,16.2135,81.0896,578.8,3.41,12,Croplands
28,Andhra Pradesh,510,Krishna,5121,Kruttivennu,16.224,81.0429,577.7,3.39,12,Croplands
28,Andhra Pradesh,510,Krishna,5122,Machilipatnam,16.2233,80.9935,575.9,3.35,12,Croplands
28,Andhra Pradesh,510,Krishna,5123,Mandavalli,16.1942,81.083,577.6,3.39,12,Croplands
28,Andhra Pradesh,510,Krishna,5124,Mopidevi,16.1875,81.0357,575.6,3.36,12,Croplands
28,Andhra Pradesh,510,Krishna,5125,Movva,16.1694,80.99,573.1,3.31,12,Croplands
28,Andhra Pradesh,510,Krishna,5126,Mudinepalle,16.174,81.0844,576.7,3.38,12,Croplands
28,Andhra Pradesh,510,Krishna,5127,Musunuru,16.151,81.0429,574.1,3.34,12,Croplands
28,Andhra Pradesh,510,Krishna,5128,Mylavaram,16.118,81.0074,571.2,3.29,12,Croplands
28,Andhra Pradesh,510,Krishna,5129,Nagayalanka,16.1557,81.0933,576.1,3.37,12,Croplands
28,Andhra Pradesh,510,Krishna,5130,Nandigama,16.1196,81.0637,573.2,3.33,12,Croplands
28,Andhra Pradesh,510,Krishna,5131,Nandivada,16.0764,81.0432,570.3,3.28,12,Croplands
28,Andhra Pradesh,510,Krishna,5132,Nuzvid,16.1418,81.1087,575.9,3.38,12,Croplands
28,Andhra Pradesh,510,Krishna,5133,Pamarru,16.0978,81.0949,573.2,3.33,12,Croplands
28,Andhra Pradesh,510,Krishna,5134,Pamidimukkala,16.0504,81.0925,570.8,3.3,12,Croplands
28,Andhra Pradesh,510,Krishna,5135,Pedana,16.1344,81.1283,576.2,3.38,12,Croplands
28,Andhra Pradesh,510,Krishna,5136,Pedaparupudi,16.0886,81.1324,574.1,3.35,12,Croplands
28,Andhra Pradesh,510,Krishna,5137,Penamaluru,16.0436,81.1483,572.4,3.33,12,Croplands
28,Andhra Pradesh,510,Krishna,5138,Penuganchiprolu,16.1344,81.1494,576.9,3.4,12,Croplands
28,Andhra Pradesh,510,Krishna,5139,Reddigudem,16.0932,81.1708,575.6,3.38,12,Croplands
28,Andhra Pradesh,510,Krishna,5140,Thotlavalluru,16.057,81.2028,574.9,3.38,12,Croplands
28,Andhra Pradesh,510,Krishna,5141,Tiruvuru,16.1418,81.169,578.0,3.42,12,Croplands
28,Andhra Pradesh,510,Krishna,5142,Unguturu,16.1111,81.2047,577.7,3.42,12,Croplands
28,Andhra Pradesh,510,Krishna,5143,Vatsavai,16.0888,81.2483,578.1,3.44,12,Croplands
28,Andhra Pradesh,510,Krishna,5144,Veerullapadu,16.1557,81.1844,579.2,3.44,12,Croplands
28,Andhra Pradesh,510,Krishna,5145,Vijayawada Rural,16.1397,81.2293,580.0,3.46,12,Croplands
28,Andhra Pradesh,510,Krishna,5146,Vijayawada Urban,16.1344,81.2784,581.5,3.49,12,Croplands
28,Andhra Pradesh,510,Krishna,5147,Vissannapet,16.174,81.1934,580.5,3.46,12,Croplands
28,Andhra Pradesh,510,Krishna,5148,Vuyyuru,16.175,81.2413,582.2,3.49,12,Croplands
28,Andhra Pradesh,511,Kurnool,5149,Adoni,15.8255,78.0863,629.3,3.14,12,Croplands
28,Andhra Pradesh,511,Kurnool,5150,Allagadda,15.837,78.1324,631.5,3.18,12,Croplands
28,Andhra Pradesh,511,Kurnool,5151,Alur,15.8588,78.1759,634.1,3.22,12,Croplands
28,Andhra Pradesh,511,Kurnool,5152,Aspari,15.844,78.0829,630.1,3.15,12,Croplands
28,Andhra Pradesh,511,Kurnool,5153,Atmakur,15.87,78.1222,632.8,3.19,12,Croplands
28,Andhra Pradesh,511,Kurnool,5154,Banaganapalle,15.9047,78.1553,635.7,3.24,12,Croplands
28,Andhra Pradesh,511,Kurnool,5155,Bandi Atmakur,15.8603,78.0732,630.6,3.15,12,Croplands
28,Andhra Pradesh,511,Kurnool,5156,Bethamcherla,15.8976,78.1008,633.4,3.2,12,Croplands
28,Andhra Pradesh,511,Kurnool,5157,C.Belagal,15.9411,78.1196,636.2,3.24,12,Croplands
28,Andhra Pradesh,511,Kurnool,5158,Chagalamarri,15.8723,78.0582,630.7,3.15,12,Croplands
28,Andhra Pradesh,511,Kurnool,5159,Chippagiri,15.9165,78.0709,633.3,3.19,12,Croplands
28,Andhra Pradesh,511,Kurnool,5160,Devanakonda,15.9636,78.0731,635.7,3.23,12,Croplands
28,Andhra Pradesh,511,Kurnool,5161,Dhone Alias Dronachalam,15.8787,78.0399,630.3,3.14,12,Croplands
28,Andhra Pradesh,511,Kurnool,5162,Dornipadu,15.9244,78.0361,632.5,3.17,12,Croplands
28,Andhra Pradesh,511,Kurnool,5163,Gadivemula,15.9694,78.0214,634.2,3.19,12,Croplands
28,Andhra Pradesh,511,Kurnool,5164,Gonegandla,15.8787,78.0204,629.6,3.13,12,Croplands
28,Andhra Pradesh,511,Kurnool,5165,Gospadu,15.9204,78.0006,631.0,3.14,12,Croplands
28,Andhra Pradesh,511,Kurnool,5166,Gudur,15.9579,77.9708,631.9,3.15,12,Croplands
28,Andhra Pradesh,511,Kurnool,5167,Halaharvi,15.8723,78.002,628.7,3.11,12,Croplands
28,Andhra Pradesh,511,Kurnool,5168,Holagunda,15.905,77.9686,629.2,3.11,12,Croplands
28,Andhra Pradesh,511,Kurnool,5169,Jupadu Bungalow,15.9304,77.9273,629.0,3.1,12,Croplands
28,Andhra Pradesh,511,Kurnool,5170,Kallur,15.8603,77.9871,627.6,3.09,12,Croplands
28,Andhra Pradesh,511,Kurnool,5171,Kodumur,15.88,77.9441,627.0,3.08,12,Croplands
28,Andhra Pradesh,511,Kurnool,5172,Koilakuntla,15.8902,77.8962,625.9,3.05,12,Croplands
28,Andhra Pradesh,511,Kurnool,5173,Kolimigundla,15.844,77.9773,626.4,3.07,12,Croplands
28,Andhra Pradesh,511,Kurnool,5174,Kosigi,15.8484,77.9299,625.0,3.04,12,Croplands
28,Andhra Pradesh,511,Kurnool,5175,Kothapalle,15.8422,77.8813,623.0,3.01,12,Croplands
28,Andhra Pradesh,511,Kurnool,5176,Kowthalam,15.8255,77.9739,625.4,3.06,12,Croplands
28,Andhra Pradesh,511,Kurnool,5177,Krishnagiri,15.814,77.9278,623.2,3.02,12,Croplands
28,Andhra Pradesh,511,Kurnool,5178,Kurnool,15.7923,77.8843,620.6,2.97,12,Croplands
28,Andhra Pradesh,511,Kurnool,5179,Maddikera (East),15.807,77.9773,624.6,3.05,12,Croplands
28,Andhra Pradesh,511,Kurnool,5180,Mahanandi,15.781,77.9381,621.9,3.0,12,Croplands
28,Andhra Pradesh,511,Kurnool,5181,Mantralayam,15.7463,77.9049,619.0,2.96,12,Croplands
28,Andhra Pradesh,511,Kurnool,5182,Midthur,15.7908,77.9871,624.1,3.04,12,Croplands
28,Andhra Pradesh,511,Kurnool,5183,Nandavaram,15.7534,77.9594,621.2,3.0,12,Croplands
28,Andhra Pradesh,511,Kurnool,5184,Nandikotkur,15.7099,77.9407,618.4,2.96,12,Croplands
28,Andhra Pradesh,511,Kurnool,5185,Nandyal,15.7787,78.002,624.0,3.05,12,Croplands
28,Andhra Pradesh,511,Kurnool,5186,Orvakal,15.7345,77.9893,621.4,3.01,12,Croplands
28,Andhra Pradesh,511,Kurnool,5187,Owk,15.6874,77.9872,618.9,2.97,12,Croplands
28,Andhra Pradesh,511,Kurnool,5188,Pagidyala,15.7723,78.0204,624.3,3.05,12,Croplands
28,Andhra Pradesh,511,Kurnool,5189,Pamulapadu,15.7266,78.0241,622.2,3.03,12,Croplands
28,Andhra Pradesh,511,Kurnool,5190,Panyam,15.6816,78.0388,620.4,3.0,12,Croplands
28,Andhra Pradesh,511,Kurnool,5191,Pattikonda,15.7723,78.0399,625.0,3.07,12,Croplands
28,Andhra Pradesh,511,Kurnool,5192,Peapully,15.7306,78.0597,623.6,3.05,12,Croplands
28,Andhra Pradesh,511,Kurnool,5193,Peddakadabur,15.6932,78.0895,622.8,3.05,12,Croplands
28,Andhra Pradesh,511,Kurnool,5194,Rudravaram,15.7787,78.0582,626.0,3.09,12,Croplands
28,Andhra Pradesh,511,Kurnool,5195,Sanjamala,15.746,78.0916,625.5,3.09,12,Croplands
28,Andhra Pradesh,511,Kurnool,5196,Sirivel,15.7207,78.1329,625.7,3.1,12,Croplands
28,Andhra Pradesh,511,Kurnool,5197,Srisailam,15.7908,78.0732,627.1,3.1,12,Croplands
28,Andhra Pradesh,511,Kurnool,5198,Tuggali,15.7711,78.1162,627.6,3.12,12,Croplands
28,Andhra Pradesh,511,Kurnool,5199,Uyyalawada,15.7608,78.164,628.8,3.15,12,Croplands
28,Andhra Pradesh,511,Kurnool,5200,Veldurthi,15.807,78.0829,628.3,3.12,12,Croplands
28,Andhra Pradesh,511,Kurnool,5201,Velugodu,15.8027,78.1303,629.7,3.15,12,Croplands
28,Andhra Pradesh,511,Kurnool,5202,Yemmiganur,15.8088,78.1789,631.7,3.19,12,Croplands
28,Andhra Pradesh,515,Spsr Nellore,5372,Allur,14.0833,79.6391,846.5,3.01,12,Croplands
28,Andhra Pradesh,515,Spsr Nellore,5373,Ananthasagaram,14.0968,79.6845,848.8,3.05,12,Croplands
28,Andhra Pradesh,515,Spsr Nellore,5374,Anumasamudrampeta,14.1222,79.7264,851.5,3.09,12,Croplands
28,Andhra Pradesh,515,Spsr Nellore,5375,Atmakur,14.1049,79.6344,847.4,3.02,12,Croplands
28,Andhra Pradesh,515,Spsr Nellore,5376,Balayapalle,14.1348,79.6706,850.2,3.06,12,Croplands
28,Andhra Pradesh,515,Spsr Nellore,5377,Bogole,14.1743,79.6986,853.2,3.11,12,Croplands
28,Andhra Pradesh,515,Spsr Nellore,5378,Butchireddipalem,14.1228,79.6214,847.9,3.02,12,Croplands
28,Andhra Pradesh,515,Spsr Nellore,5379,Chejerla,14.1643,79.6422,850.7,3.06,12,Croplands
28,Andhra Pradesh,515,Spsr Nellore,5380,Chillakur,14.2113,79.6517,853.4,3.1,12,Croplands
28,Andhra Pradesh,515,Spsr Nellore,5381,Chittamur,14.1343,79.602,847.8,3.02,12,Croplands
28,Andhra Pradesh,515,Spsr Nellore,5382,Dagadarthi,14.1804,79.6041,850.2,3.05,12,Croplands
28,Andhra Pradesh,515,Spsr Nellore,5383,Dakkili,14.2271,79.5935,852.1,3.07,12,Croplands
28,Andhra Pradesh,515,Spsr Nellore,5384,Doravarisatram,14.1373,79.5795,847.1,3.0,12,Croplands
28,Andhra Pradesh,515,Spsr Nellore,5385,Duttalur,14.1804,79.5625,848.7,3.02,12,Croplands
28,Andhra Pradesh,515,Spsr Nellore,5386,Gudur,14.2192,79.5336,849.6,3.03,12,Croplands
28,Andhra Pradesh,515,Spsr Nellore,5387,Indukurpet,14.1313,79.5577,846.1,2.98,12,Croplands
28,Andhra Pradesh,515,Spsr Nellore,5388,Jaladanki,14.1643,79.5244,846.6,2.98,12,Croplands
28,Andhra Pradesh,515,Spsr Nellore,5389,Kaligiri,14.1887,79.4819,846.3,2.97,12,Croplands
28,Andhra Pradesh,515,Spsr Nellore,5390,Kaluvoya,14.1174,79.5401,844.8,2.96,12,Croplands
28,Andhra Pradesh,515,Spsr Nellore,5391,Kavali,14.1348,79.496,844.1,2.94,12,Croplands
28,Andhra Pradesh,515,Spsr Nellore,5392,Kodavalur,14.1408,79.447,842.7,2.91,12,Croplands
28,Andhra Pradesh,515,Spsr Nellore,5393,Kondapuram,14.0979,79.5297,843.4,2.94,12,Croplands
28,Andhra Pradesh,515,Spsr Nellore,5394,Kota,14.0968,79.4821,841.7,2.91,12,Croplands
28,Andhra Pradesh,515,Spsr Nellore,5395,Kovur,14.0833,79.4347,839.4,2.86,12,Croplands
28,Andhra Pradesh,515,Spsr Nellore,5396,Manubolu,14.076,79.5281,842.3,2.92,12,Croplands
28,Andhra Pradesh,515,Spsr Nellore,5397,Marripadu,14.0566,79.4849,839.8,2.88,12,Croplands
28,Andhra Pradesh,515,Spsr Nellore,5398,Muthukur,14.0259,79.447,836.9,2.83,12,Croplands
28,Andhra Pradesh,515,Spsr Nellore,5399,Naidupeta,14.0552,79.5357,841.5,2.91,12,Croplands
28,Andhra Pradesh,515,Spsr Nellore,5400,Nellore Rural,14.0208,79.5041,838.7,2.87,12,Croplands
28,Andhra Pradesh,515,Spsr Nellore,5401,Ozili,13.978,79.4819,835.8,2.82,12,Croplands
28,Andhra Pradesh,515,Spsr Nellore,5402,Pellakur,14.0392,79.5512,841.3,2.91,12,Croplands
28,Andhra Pradesh,515,Spsr Nellore,5403,Podalakur,13.9953,79.5363,838.5,2.87,12,Croplands
28,Andhra Pradesh,515,Spsr Nellore,5404,Rapur,13.9475,79.5336,836.1,2.84,12,Croplands
28,Andhra Pradesh,515,Spsr Nellore,5405,Sangam,14.0304,79.572,841.5,2.92,12,Croplands
28,Andhra Pradesh,515,Spsr Nellore,5406,Seetharamapuram,13.9845,79.5764,839.4,2.89,12,Croplands
28,Andhra Pradesh,515,Spsr Nellore,5407,Sullurpeta,13.9395,79.5935,837.7,2.87,12,Croplands
28,Andhra Pradesh,515,Spsr Nellore,5408,Sydapuram,14.0304,79.5947,842.3,2.94,12,Croplands
28,Andhra Pradesh,515,Spsr Nellore,5409,Tada,13.99,79.6175,841.1,2.93,12,Croplands
28,Andhra Pradesh,515,Spsr Nellore,5410,Thotapalligudur,13.9553,79.6517,840.6,2.92,12,Croplands
28,Andhra Pradesh,515,Spsr Nellore,5411,Udayagiri,14.0392,79.6155,843.5,2.96,12,Croplands
28,Andhra Pradesh,515,Spsr Nellore,5412,Vakadu,14.0109,79.6531,843.4,2.96,12,Croplands
28,Andhra Pradesh,515,Spsr Nellore,5413,Varikuntapadu,13.9924,79.6986,844.1,2.98,12,Croplands
28,Andhra Pradesh,515,Spsr Nellore,5414,Venkatachalam,14.0552,79.6309,844.8,2.98,12,Croplands
28,Andhra Pradesh,515,Spsr Nellore,5415,Venkatagiri,14.0438,79.677,845.9,3.0,12,Croplands
28,Andhra Pradesh,515,Spsr Nellore,5416,Vidavalur,14.0444,79.7264,847.6,3.04,12,Croplands
28,Andhra Pradesh,515,Spsr Nellore,5417,Vinjamur,14.076,79.6385,846.1,3.0,12,Croplands
28,Andhra Pradesh,517,Prakasam,5454,Addanki,15.5176,80.116,509.9,4.34,12,Croplands
28,Andhra Pradesh,517,Prakasam,5455,Ardhaveedu,15.5287,80.1621,512.1,4.38,12,Croplands
28,Andhra Pradesh,517,Prakasam,5456,Ballikurava,15.5497,80.2057,514.7,4.43,12,Croplands
28,Andhra Pradesh,517,Prakasam,5457,Bestavaripeta,15.5355,80.1129,510.7,4.35,12,Croplands
28,Andhra Pradesh,517,Prakasam,5458,Chandra Sekhara Puram,15.5606,80.1526,513.4,4.4,12,Croplands
28,Andhra Pradesh,517,Prakasam,5459,Chimakurthi,15.5943,80.1866,516.2,4.45,12,Croplands
28,Andhra Pradesh,517,Prakasam,5460,Chinaganjam,15.5513,80.1038,511.2,4.36,12,Croplands
28,Andhra Pradesh,517,Prakasam,5461,Chirala,15.5877,80.1326,514.0,4.4,12,Croplands
28,Andhra Pradesh,517,Prakasam,5462,Cumbum,15.6303,80.1532,516.9,4.45,12,Croplands
28,Andhra Pradesh,517,Prakasam,5463,Darsi,15.5634,80.0897,511.3,4.36,12,Croplands
28,Andhra Pradesh,517,Prakasam,5464,Donakonda,15.6069,80.1045,514.0,4.4,12,Croplands
28,Andhra Pradesh,517,Prakasam,5465,Dornala,15.6537,80.1093,516.5,4.43,12,Croplands
28,Andhra Pradesh,517,Prakasam,5466,Giddaluru,15.5703,80.0724,511.0,4.35,12,Croplands
28,Andhra Pradesh,517,Prakasam,5467,Gudluru,15.6161,80.0714,513.3,4.38,12,Croplands
28,Andhra Pradesh,517,Prakasam,5468,Hanumanthuni Padu,15.6618,80.0599,515.2,4.41,12,Croplands
28,Andhra Pradesh,517,Prakasam,5469,Inkollu,15.5713,80.0536,510.4,4.34,12,Croplands
28,Andhra Pradesh,517,Prakasam,5470,Janakavaram Ponguluru,15.6142,80.037,512.0,4.36,12,Croplands
28,Andhra Pradesh,517,Prakasam,5471,Kandukur,15.6537,80.0105,513.1,4.36,12,Croplands
28,Andhra Pradesh,517,Prakasam,5472,Kanigiri,15.5663,80.0356,509.6,4.32,12,Croplands
28,Andhra Pradesh,517,Prakasam,5473,Karamchedu,15.6015,80.0052,510.3,4.32,12,Croplands
28,Andhra Pradesh,517,Prakasam,5474,Komarolu,15.6303,79.9666,685.3,4.32,12,Croplands
28,Andhra Pradesh,517,Prakasam,5475,Konakanamittla,15.5558,80.0202,508.5,4.3,12,Croplands
28,Andhra Pradesh,517,Prakasam,5476,Kondapi,15.5794,79.9795,683.3,4.29,12,Croplands
28,Andhra Pradesh,517,Prakasam,5477,Korisapadu,15.5943,79.9332,682.4,4.27,12,Croplands
28,Andhra Pradesh,517,Prakasam,5478,Kotha Patnam,15.5411,80.0094,507.4,4.29,12,Croplands
28,Andhra Pradesh,517,Prakasam,5479,Kurichedu,15.5503,79.9628,681.2,4.26,12,Croplands
28,Andhra Pradesh,517,Prakasam,5480,Lingasamudram,15.5497,79.9141,679.5,4.22,12,Croplands
28,Andhra Pradesh,517,Prakasam,5481,Maddipadu,15.5237,80.0042,506.3,4.27,12,Croplands
28,Andhra Pradesh,517,Prakasam,5482,Markapur,15.5176,79.9571,679.4,4.23,12,Croplands
28,Andhra Pradesh,517,Prakasam,5483,Marripudi,15.5015,79.9112,677.0,4.19,12,Croplands
28,Andhra Pradesh,517,Prakasam,5484,Martur,15.5056,80.0052,505.5,4.26,12,Croplands
28,Andhra Pradesh,517,Prakasam,5485,Mundlamuru,15.4849,79.9628,677.9,4.21,12,Croplands
28,Andhra Pradesh,517,Prakasam,5486,Naguluppala Padu,15.4551,79.9251,675.1,4.17,12,Croplands
28,Andhra Pradesh,517,Prakasam,5487,Ongole,15.4889,80.0124,504.9,4.25,12,Croplands
28,Andhra Pradesh,517,Prakasam,5488,Pamur,15.4558,79.9795,677.1,4.2,12,Croplands
28,Andhra Pradesh,517,Prakasam,5489,Parchur,15.4157,79.9541,674.2,4.16,12,Croplands
28,Andhra Pradesh,517,Prakasam,5490,Peda Araveedu,15.4753,80.0249,504.6,4.25,12,Croplands
28,Andhra Pradesh,517,Prakasam,5491,Pedacherlo Palle,15.4337,80.0052,501.9,4.21,12,Croplands
28,Andhra Pradesh,517,Prakasam,5492,Podili,15.3877,79.995,674.2,4.17,12,Croplands
28,Andhra Pradesh,517,Prakasam,5493,Ponnaluru,15.4666,80.0414,504.8,4.26,12,Croplands
28,Andhra Pradesh,517,Prakasam,5494,Pullalacheruvu,15.421,80.037,502.3,4.22,12,Croplands
28,Andhra Pradesh,517,Prakasam,5495,Racherla,15.3744,80.0432,500.2,4.19,12,Croplands
28,Andhra Pradesh,517,Prakasam,5496,Santhamaguluru,15.4636,80.0599,505.3,4.27,12,Croplands
28,Andhra Pradesh,517,Prakasam,5497,Santhanuthala Padu,15.4191,80.0714,503.5,4.24,12,Croplands
28,Andhra Pradesh,517,Prakasam,5498,Singarayakonda,15.3771,80.0932,502.1,4.23,12,Croplands
28,Andhra Pradesh,517,Prakasam,5499,Tangutur,15.4283,80.1045,505.1,4.27,12,Croplands
28,Andhra Pradesh,517,Prakasam,5500,Tarlupadu,15.3956,80.1395,504.7,4.27,12,Croplands
28,Andhra Pradesh,517,Prakasam,5501,Tallur,15.4666,80.0784,506.1,4.28,12,Croplands
28,Andhra Pradesh,517,Prakasam,5502,Tripuranthakam,15.4753,80.0949,507.1,4.3,12,Croplands
28,Andhra Pradesh,517,Prakasam,5503,Ulavapadu,15.4475,80.1326,507.0,4.31,12,Croplands
28,Andhra Pradesh,517,Prakasam,5504,Veligandla,15.4277,80.1769,507.6,4.32,12,Croplands
28,Andhra Pradesh,517,Prakasam,5505,Vetapalem,15.4889,80.1074,508.2,4.32,12,Croplands
28,Andhra Pradesh,517,Prakasam,5506,Voletivari Palem,15.4746,80.1526,509.1,4.34,12,Croplands
28,Andhra Pradesh,517,Prakasam,5507,Yddana Pudi,15.47,80.2011,510.5,4.37,12,Croplands
28,Andhra Pradesh,517,Prakasam,5508,Yerragondapalem,15.5056,80.1146,509.3,4.33,12,Croplands
28,Andhra Pradesh,517,Prakasam,5509,Zarugumilli,15.5065,80.1621,511.0,4.37,12,Croplands
28,Andhra Pradesh,519,Srikakulam,5543,Amadalavalasa,18.2989,83.9544,783.3,2.68,12,Croplands
28,Andhra Pradesh,519,Srikakulam,5544,Bhamini,18.3152,84.0005,785.8,2.72,12,Croplands
28,Andhra Pradesh,519,Srikakulam,5545,Burja,18.3457,84.0411,788.7,2.77,12,Croplands
28,Andhra Pradesh,519,Srikakulam,5546,Etcherla,18.3246,83.9476,784.4,2.69,12,Croplands
28,Andhra Pradesh,519,Srikakulam,5547,Ganguvarisigadam,18.3598,83.9799,787.3,2.74,12,Croplands
28,Andhra Pradesh,519,Srikakulam,5548,Gara,18.405,84.0003,790.3,2.78,12,Croplands
28,Andhra Pradesh,519,Srikakulam,5549,Hiramandalam,18.3442,83.9286,784.7,2.69,12,Croplands
28,Andhra Pradesh,519,Srikakulam,5550,Ichapuram,18.3897,83.9394,787.4,2.73,12,Croplands
28,Andhra Pradesh,519,Srikakulam,5551,Jalumuru,18.4386,83.9348,789.6,2.76,12,Croplands
28,Andhra Pradesh,519,Srikakulam,5552,Kanchili,18.3528,83.9022,784.2,2.68,12,Croplands
28,Andhra Pradesh,519,Srikakulam,5553,Kaviti,18.3977,83.8889,786.0,2.7,12,Croplands
28,Andhra Pradesh,519,Srikakulam,5554,Kotabommili,18.4386,83.8602,787.0,2.71,12,Croplands
28,Andhra Pradesh,519,Srikakulam,5555,Kotturu,18.3484,83.8746,783.0,2.66,12,Croplands
28,Andhra Pradesh,519,Srikakulam,5556,L.N Peta,18.405,83.7947,783.1,2.64,12,Croplands
28,Andhra Pradesh,519,Srikakulam,5557,Laveru,18.3819,83.8404,783.5,2.66,12,Croplands
28,Andhra Pradesh,519,Srikakulam,5558,Mandasa,18.3321,83.8526,781.4,2.63,12,Croplands
28,Andhra Pradesh,519,Srikakulam,5559,Meliaputti,18.3461,83.8057,780.5,2.61,12,Croplands
28,Andhra Pradesh,519,Srikakulam,5560,Nandigam,18.3457,83.7539,778.7,2.57,12,Croplands
28,Andhra Pradesh,519,Srikakulam,5561,Narasannapeta,18.3078,83.8414,779.8,2.6,12,Croplands
28,Andhra Pradesh,519,Srikakulam,5562,Palakonda,18.2989,83.7931,777.7,2.56,12,Croplands
28,Andhra Pradesh,519,Srikakulam,5563,Palasa,18.2752,83.7478,774.9,2.52,12,Croplands
28,Andhra Pradesh,519,Srikakulam,5564,Pathapatnam,18.2813,83.8437,778.6,2.59,12,Croplands
28,Andhra Pradesh,519,Srikakulam,5565,Polaki,18.2517,83.8057,775.8,2.54,12,Croplands
28,Andhra Pradesh,519,Srikakulam,5566,Ponduru,18.2104,83.7777,772.7,4.59,12,Croplands
28,Andhra Pradesh,519,Srikakulam,5567,Rajam,18.2591,83.859,778.0,2.58,12,Croplands
28,Andhra Pradesh,519,Srikakulam,5568,Ranastalam,18.2159,83.8404,775.2,2.54,12,Croplands
28,Andhra Pradesh,519,Srikakulam,5569,Regidi Amadalavalasa,18.1669,83.8365,772.6,2.5,12,Croplands
28,Andhra Pradesh,519,Srikakulam,5570,Santhabommali,18.2465,83.8835,778.2,2.59,12,Croplands
28,Andhra Pradesh,519,Srikakulam,5571,Santhakavati,18.2001,83.8889,776.1,2.56,12,Croplands
28,Andhra Pradesh,519,Srikakulam,5572,Saravakota,18.1552,83.91,774.6,2.55,12,Croplands
28,Andhra Pradesh,519,Srikakulam,5573,Sarubujjili,18.2465,83.9115,779.2,2.61,12,Croplands
28,Andhra Pradesh,519,Srikakulam,5574,Seethampeta,18.2081,83.9394,778.3,2.6,12,Croplands
28,Andhra Pradesh,519,Srikakulam,5575,Sompeta,18.1782,83.9805,778.2,2.61,12,Croplands
28,Andhra Pradesh,519,Srikakulam,5576,Srikakulam,18.2591,83.9361,780.7,2.64,12,Croplands
28,Andhra Pradesh,519,Srikakulam,5577,Tekkali,18.238,83.9799,781.2,2.65,12,Croplands
28,Andhra Pradesh,519,Srikakulam,5578,Vajrapukotturu,18.2303,84.031,782.6,2.68,12,Croplands
28,Andhra Pradesh,519,Srikakulam,5579,Vangara,18.2813,83.9514,782.4,2.66,12,Croplands
28,Andhra Pradesh,519,Srikakulam,5580,Veeraghattam,18.2826,84.0005,784.1,2.7,12,Croplands
28,Andhra Pradesh,520,Visakhapatanam,5581,Achutapuram,15.9129,79.7962,693.5,4.4,12,Croplands
28,Andhra Pradesh,520,Visakhapatanam,5582,Anakapalle,15.9277,79.8419,695.9,4.44,12,Croplands
28,Andhra Pradesh,520,Visakhapatanam,5583,Anandapuram,15.9554,79.8832,698.7,4.49,12,Croplands
28,Andhra Pradesh,520,Visakhapatanam,5584,Ananthagiri,15.9364,79.7906,694.5,4.41,12,Croplands
28,Andhra Pradesh,520,Visakhapatanam,5585,Araku Valley,15.9687,79.8251,697.3,4.46,12,Croplands
28,Andhra Pradesh,520,Visakhapatanam,5586,Bheemunipatnam,16.0109,79.8499,700.3,4.5,12,Croplands
28,Andhra Pradesh,520,Visakhapatanam,5587,Butchayyapeta,15.9552,79.775,694.9,4.41,12,Croplands
28,Andhra Pradesh,520,Visakhapatanam,5588,Cheedikada,15.9987,79.7915,697.6,4.45,12,Croplands
28,Andhra Pradesh,520,Visakhapatanam,5589,Chintapalle,16.0471,79.7948,700.2,4.49,12,Croplands
28,Andhra Pradesh,520,Visakhapatanam,5590,Chodavaram,15.9656,79.7525,694.6,4.4,12,Croplands
28,Andhra Pradesh,520,Visakhapatanam,5591,Devarapalle,16.0117,79.7477,696.8,4.43,12,Croplands
28,Andhra Pradesh,520,Visakhapatanam,5592,Dumbriguda,16.0566,79.7288,698.3,4.45,12,Croplands
28,Andhra Pradesh,520,Visakhapatanam,5593,G.Madugula,16.0051,79.7024,694.8,4.4,12,Croplands
28,Andhra Pradesh,520,Visakhapatanam,5594,Gajuwaka,15.9656,79.7275,693.7,4.39,12,Croplands
28,Andhra Pradesh,520,Visakhapatanam,5595,Golugonda,16.0377,79.6651,695.2,4.39,12,Croplands
28,Andhra Pradesh,520,Visakhapatanam,5596,Gudem Kotha Veedhi,15.9552,79.705,692.4,4.36,12,Croplands
28,Andhra Pradesh,520,Visakhapatanam,5597,Hukumpeta,15.9803,79.6645,692.3,4.35,12,Croplands
28,Andhra Pradesh,520,Visakhapatanam,5598,K.Kotapadu,15.9364,79.6894,690.9,4.34,12,Croplands
28,Andhra Pradesh,520,Visakhapatanam,5599,Kasimkota,15.9941,79.6162,691.3,4.33,12,Croplands
28,Andhra Pradesh,520,Visakhapatanam,5600,Kotauratla,15.9421,79.6415,689.6,4.31,12,Croplands
28,Andhra Pradesh,520,Visakhapatanam,5601,Koyyuru,15.9344,79.5918,687.4,4.27,12,Croplands
28,Andhra Pradesh,520,Visakhapatanam,5602,Madugula,15.9129,79.6838,689.6,4.32,12,Croplands
28,Andhra Pradesh,520,Visakhapatanam,5603,Makavarapalem,15.8981,79.6381,687.2,4.28,12,Croplands
28,Andhra Pradesh,520,Visakhapatanam,5604,Munagapaka,15.8704,79.5968,684.4,4.23,12,Croplands
28,Andhra Pradesh,520,Visakhapatanam,5605,Munchingi Puttu,15.8894,79.6894,688.6,4.31,12,Croplands
28,Andhra Pradesh,520,Visakhapatanam,5606,Nakkapalle,15.8571,79.6549,685.8,4.26,12,Croplands
28,Andhra Pradesh,520,Visakhapatanam,5607,Narsipatnam,15.8149,79.6301,682.8,4.21,12,Croplands
28,Andhra Pradesh,520,Visakhapatanam,5608,Nathavaram,15.8706,79.705,688.2,4.3,12,Croplands
28,Andhra Pradesh,520,Visakhapatanam,5609,Paderu,15.8271,79.6885,685.5,4.26,12,Croplands
28,Andhra Pradesh,520,Visakhapatanam,5610,Padmanabham,15.7787,79.6852,682.9,4.22,12,Croplands
28,Andhra Pradesh,520,Visakhapatanam,5611,Paravada,15.8602,79.7275,688.5,4.31,12,Croplands
28,Andhra Pradesh,520,Visakhapatanam,5612,Payakaraopeta,15.8141,79.7323,686.3,4.28,12,Croplands
28,Andhra Pradesh,520,Visakhapatanam,5613,Peda Bayalu,15.7692,79.7512,684.8,4.26,12,Croplands
28,Andhra Pradesh,520,Visakhapatanam,5614,Pedagantyada,15.8602,79.7525,689.3,4.33,12,Croplands
28,Andhra Pradesh,520,Visakhapatanam,5615,Pendurthi,15.8207,79.7776,688.3,4.32,12,Croplands
28,Andhra Pradesh,520,Visakhapatanam,5616,Rambilli,15.7881,79.8149,687.9,4.32,12,Croplands
28,Andhra Pradesh,520,Visakhapatanam,5617,Ravikamatham,15.8706,79.775,690.7,4.35,12,Croplands
28,Andhra Pradesh,520,Visakhapatanam,5618,Rolugunta,15.8455,79.8155,690.8,4.36,12,Croplands
28,Andhra Pradesh,520,Visakhapatanam,5619,S.Rayavaram,15.8894,79.7906,692.1,4.38,12,Croplands
28,Andhra Pradesh,520,Visakhapatanam,5620,Sabbavaram,15.8317,79.8638,691.8,4.39,12,Croplands
28,Andhra Pradesh,520,Visakhapatanam,5621,Visakhapatnam(Rural),15.8837,79.8385,693.5,4.41,12,Croplands
28,Andhra Pradesh,520,Visakhapatanam,5622,Yelamanchili,15.8914,79.8882,695.7,4.45,12,Croplands
28,Andhra Pradesh,521,Vizianagaram,5623,Badangi,18.1182,83.4749,757.5,4.32,12,Croplands
28,Andhra Pradesh,521,Vizianagaram,5624,Balijipeta,18.1365,83.5205,760.0,4.36,12,Croplands
28,Andhra Pradesh,521,Vizianagaram,5625,Bhoghapuram,18.1703,83.5594,763.1,4.41,12,Croplands
28,Andhra Pradesh,521,Vizianagaram,5626,Bobbili,18.1467,83.4663,758.7,4.33,12,Croplands
28,Andhra Pradesh,521,Vizianagaram,5627,Bondapalle,18.185,83.495,761.6,4.38,12,Croplands
28,Andhra Pradesh,521,Vizianagaram,5628,Cheepurupalle,18.2333,83.5094,764.5,4.42,12,Croplands
28,Andhra Pradesh,521,Vizianagaram,5629,Dattirajeru,18.1666,83.4433,758.8,4.33,12,Croplands
28,Andhra Pradesh,521,Vizianagaram,5630,Denkada,18.2136,83.4465,761.3,4.36,12,Croplands
28,Andhra Pradesh,521,Vizianagaram,5631,Gajapathinagaram,18.2618,83.432,763.2,4.39,12,Croplands
28,Andhra Pradesh,521,Vizianagaram,5632,Gantyada,18.1721,83.4127,758.0,4.31,12,Croplands
28,Andhra Pradesh,521,Vizianagaram,5633,Garividi,18.2136,83.3894,759.3,4.32,12,Croplands
28,Andhra Pradesh,521,Vizianagaram,5634,Garugubilli,18.2473,83.3504,759.6,4.32,12,Croplands
28,Andhra Pradesh,521,Vizianagaram,5635,Gummalakshmipuram,18.1614,83.3837,756.5,4.28,12,Croplands
28,Andhra Pradesh,521,Vizianagaram,5636,Gurla,18.185,83.3409,756.2,4.27,12,Croplands
28,Andhra Pradesh,521,Vizianagaram,5637,Jami,18.1941,83.289,754.8,4.24,12,Croplands
28,Andhra Pradesh,521,Vizianagaram,5638,Jiyyammavalasa,18.1378,83.3649,754.7,4.25,12,Croplands
28,Andhra Pradesh,521,Vizianagaram,5639,Komarada,18.1365,83.3155,752.9,4.22,12,Croplands
28,Andhra Pradesh,521,Vizianagaram,5640,Kothavalasa,18.1182,83.2663,750.2,4.17,12,Croplands
28,Andhra Pradesh,521,Vizianagaram,5641,Kurupam,18.1083,83.3621,753.1,4.23,12,Croplands
28,Andhra Pradesh,521,Vizianagaram,5642,Lakkavarapukota,18.0825,83.3208,750.4,4.18,12,Croplands
28,Andhra Pradesh,521,Vizianagaram,5643,Makkuva,18.0424,83.289,747.2,4.13,12,Croplands
28,Andhra Pradesh,521,Vizianagaram,5644,Mentada,18.0818,83.3759,752.2,4.22,12,Croplands
28,Andhra Pradesh,521,Vizianagaram,5645,Merakamudidam,18.0392,83.3551,749.4,4.18,12,Croplands
28,Andhra Pradesh,521,Vizianagaram,5646,Nellimarla,17.9892,83.3504,746.7,4.14,12,Croplands
28,Andhra Pradesh,521,Vizianagaram,5647,Pachipenta,18.0663,83.4024,752.4,4.23,12,Croplands
28,Andhra Pradesh,521,Vizianagaram,5648,Parvathipuram,18.0196,83.4084,750.3,4.2,12,Croplands
28,Andhra Pradesh,521,Vizianagaram,5649,Pusapatirega,17.9747,83.432,748.9,4.18,12,Croplands
28,Andhra Pradesh,521,Vizianagaram,5650,Ramabhadrapuram,18.0663,83.4335,753.5,4.25,12,Croplands
28,Andhra Pradesh,521,Vizianagaram,5651,Salur,18.0295,83.4645,752.7,4.25,12,Croplands
28,Andhra Pradesh,521,Vizianagaram,5652,Seethanagaram,18.0032,83.5094,753.0,4.26,12,Croplands
28,Andhra Pradesh,521,Vizianagaram,5653,Srungavarapukota,18.0818,83.46,755.2,4.28,12,Croplands
28,Andhra Pradesh,521,Vizianagaram,5654,Therlam,18.0661,83.5066,756.0,4.3,12,Croplands
28,Andhra Pradesh,521,Vizianagaram,5655,Vepada,18.0662,83.5594,757.9,4.34,12,Croplands
28,Andhra Pradesh,521,Vizianagaram,5656,Vizianagaram,18.1083,83.4739,757.0,4.31,12,Croplands
28,Andhra Pradesh,523,West Godavari,5075,Kukkunur,16.7388,81.0044,602.1,3.72,12,Croplands
28,Andhra Pradesh,523,West Godavari,5092,Velairpad,16.6943,81.2536,608.6,3.86,12,Croplands
28,Andhra Pradesh,523,West Godavari,5707,Achanta,16.7131,81.1608,606.3,3.81,12,Croplands
28,Andhra Pradesh,523,West Godavari,5708,Akividu,16.726,81.207,608.5,3.85,12,Croplands
28,Andhra Pradesh,523,West Godavari,5709,Attili,16.7504,81.2497,611.3,3.9,12,Croplands
28,Andhra Pradesh,523,West Godavari,5710,Bhimadole,16.7338,81.1565,607.2,3.82,12,Croplands
28,Andhra Pradesh,523,West Godavari,5711,Bhimavaram,16.7627,81.194,609.9,3.87,12,Croplands
28,Andhra Pradesh,523,West Godavari,5712,Buttayagudem,16.8009,81.2238,612.9,3.92,12,Croplands
28,Andhra Pradesh,523,West Godavari,5713,Chagallu,16.7513,81.1443,607.6,3.83,12,Croplands
28,Andhra Pradesh,523,West Godavari,5714,Chintalapudi,16.7917,81.1674,610.4,3.87,12,Croplands
28,Andhra Pradesh,523,West Godavari,5715,Denduluru,16.8379,81.1796,613.2,3.91,12,Croplands
28,Andhra Pradesh,523,West Godavari,5716,Devarapalle,16.763,81.126,607.6,3.82,12,Croplands
28,Andhra Pradesh,523,West Godavari,5717,Dwarakatirumala,16.8088,81.1312,610.0,3.86,12,Croplands
28,Andhra Pradesh,523,West Godavari,5718,Elamanchili,16.856,81.124,612.1,3.89,12,Croplands
28,Andhra Pradesh,523,West Godavari,5719,Eluru,16.7672,81.1044,607.0,3.81,12,Croplands
28,Andhra Pradesh,523,West Godavari,5720,Ganapavaram,16.8114,81.0909,608.8,3.83,12,Croplands
28,Andhra Pradesh,523,West Godavari,5721,Gopalapuram,16.8523,81.0654,609.9,3.84,12,Croplands
28,Andhra Pradesh,523,West Godavari,5722,Iragavaram,16.763,81.0828,606.0,3.79,12,Croplands
28,Andhra Pradesh,523,West Godavari,5723,Jangareddigudem,16.7989,81.0526,606.8,3.8,12,Croplands
28,Andhra Pradesh,523,West Godavari,5724,Jeelugumilli,16.8275,81.0128,606.8,3.79,12,Croplands
28,Andhra Pradesh,523,West Godavari,5725,Kalla,16.7513,81.0645,604.8,3.77,12,Croplands
28,Andhra Pradesh,523,West Godavari,5726,Kamavarapukota,16.7734,81.0223,604.5,3.76,12,Croplands
28,Andhra Pradesh,523,West Godavari,5727,Kovvur,16.7852,80.974,603.4,3.73,12,Croplands
28,Andhra Pradesh,523,West Godavari,5728,Koyyalagudem,16.7338,81.0522,603.5,3.75,12,Croplands
28,Andhra Pradesh,523,West Godavari,5729,Lingapalem,16.7319,80.9552,600.0,3.68,12,Croplands
28,Andhra Pradesh,523,West Godavari,5730,Mogalthur,16.7131,81.0479,602.3,3.73,12,Croplands
28,Andhra Pradesh,523,West Godavari,5731,Nallajerla,16.7002,81.0018,600.1,3.69,12,Croplands
28,Andhra Pradesh,523,West Godavari,5732,Narsapur,16.6758,80.959,597.4,3.64,12,Croplands
28,Andhra Pradesh,523,West Godavari,5733,Nidadavole,16.6924,81.0522,601.4,3.72,12,Croplands
28,Andhra Pradesh,523,West Godavari,5734,Nidamarru,16.6636,81.0148,598.7,3.67,12,Croplands
28,Andhra Pradesh,523,West Godavari,5735,Palacole,16.6254,80.985,595.7,3.63,12,Croplands
28,Andhra Pradesh,523,West Godavari,5736,Palakoderu,16.6749,81.0645,601.0,3.72,12,Croplands
28,Andhra Pradesh,523,West Godavari,5737,Pedapadu,16.6345,81.0414,598.2,3.67,12,Croplands
28,Andhra Pradesh,523,West Godavari,5738,Pedavegi,16.5883,81.0291,595.4,3.63,12,Croplands
28,Andhra Pradesh,523,West Godavari,5739,Pentapadu,16.6632,81.0828,601.1,3.72,12,Croplands
28,Andhra Pradesh,523,West Godavari,5740,Penugonda,16.6174,81.0776,598.6,3.69,12,Croplands
28,Andhra Pradesh,523,West Godavari,5741,Penumantra,16.5702,81.0847,596.5,3.66,12,Croplands
28,Andhra Pradesh,523,West Godavari,5742,Peravali,16.6591,81.1044,601.6,3.73,12,Croplands
28,Andhra Pradesh,523,West Godavari,5743,Poduru,16.6149,81.1179,599.9,3.71,12,Croplands
28,Andhra Pradesh,523,West Godavari,5744,Polavaram,16.5739,81.1433,598.7,3.7,12,Croplands
28,Andhra Pradesh,523,West Godavari,5745,T.Narasapuram,16.6749,81.1443,603.8,3.77,12,Croplands
28,Andhra Pradesh,523,West Godavari,5746,Tadepalligudem,16.6632,81.126,602.6,3.75,12,Croplands
28,Andhra Pradesh,523,West Godavari,5747,Tanuku,16.6273,81.1561,601.8,3.75,12,Croplands
28,Andhra Pradesh,523,West Godavari,5748,Thallapudi,16.5988,81.196,601.8,3.76,12,Croplands
28,Andhra Pradesh,523,West Godavari,5749,Undi,16.6528,81.1865,604.2,3.79,12,Croplands
28,Andhra Pradesh,523,West Godavari,5750,Undrajavaram,16.641,81.2347,605.3,3.81,12,Croplands
28,Andhra Pradesh,523,West Godavari,5751,Unguturu,16.6924,81.1565,605.1,3.79,12,Croplands
28,Andhra Pradesh,523,West Godavari,5752,Veeravasaram,16.6875,81.2043,606.5,3.82,12,Croplands
29,Karnataka,524,Bagalkote,5753,Badami,16.1867,75.7524,565.7,3.86,12,Croplands
29,Karnataka,524,Bagalkote,5754,Bagalkot,16.2504,75.7752,569.7,3.92,12,Croplands
29,Karnataka,524,Bagalkote,5755,Bilagi,16.3287,75.7222,571.7,3.94,12,Croplands
29,Karnataka,524,Bagalkote,5756,Hungund,16.2206,75.5992,562.0,3.77,12,Croplands
29,Karnataka,524,Bagalkote,5757,Jamkhandi,16.1399,75.668,560.4,3.77,12,Croplands
29,Karnataka,524,Bagalkote,5758,Mudhol,16.0891,75.7141,559.4,3.76,12,Croplands
29,Karnataka,524,Bagalkote,7368,Guledagudda,16.2335,75.668,565.1,3.83,12,Croplands
29,Karnataka,524,Bagalkote,7369,Ilkal,16.1374,75.5551,556.3,3.68,12,Croplands
29,Karnataka,524,Bagalkote,7370,Rabakavi Banahatti,16.0941,75.8111,563.1,3.83,12,Croplands
29,Karnataka,525,Bengaluru Urban,5759,Anekal,12.9713,77.6832,722.5,2.96,12,Croplands
29,Karnataka,525,Bengaluru Urban,5760,Bengaluru East,13.0655,77.6591,726.3,3.01,12,Croplands
29,Karnataka,525,Bengaluru Urban,5761,Bengaluru North,13.056,77.508,720.6,2.89,12,Croplands
29,Karnataka,525,Bengaluru Urban,5762,Bengaluru South,12.9395,77.5828,717.4,2.87,12,Croplands
29,Karnataka,525,Bengaluru Urban,7371,Yelahanka,12.877,77.6591,716.9,2.88,12,Croplands
29,Karnataka,526,Bengaluru Rural,5764,Devanhalli,13.2232,77.6295,733.2,3.1,12,Croplands
29,Karnataka,526,Bengaluru Rural,5765,Dodballapur,13.3223,77.574,736.2,3.13,12,Croplands
29,Karnataka,526,Bengaluru Rural,5766,Hoskote,13.2232,77.4259,726.1,2.95,12,Croplands
29,Karnataka,526,Bengaluru Rural,5769,Nelamangala,13.1692,77.574,728.5,3.02,12,Croplands
29,Karnataka,527,Belagavi,5771,Athni,15.867,74.5678,683.2,2.8,12,Croplands
29,Karnataka,527,Belagavi,5772,Belagavi,15.91,74.6044,686.7,2.86,12,Croplands
29,Karnataka,527,Belagavi,5773,Bylahongal,15.9797,74.6051,690.2,2.91,12,Croplands
29,Karnataka,527,Belagavi,5774,Chikodi,15.9197,74.5241,684.3,2.81,12,Croplands
29,Karnataka,527,Belagavi,5775,Gokak,15.9637,74.4887,1344.6,12.47,4,Deciduous Broadleaf Forest
29,Karnataka,527,Belagavi,5776,Hukeri,15.9797,74.4182,1347.0,12.25,4,Deciduous Broadleaf Forest
29,Karnataka,527,Belagavi,5777,Khanapur,15.867,74.4086,1330.1,12.23,4,Deciduous Broadleaf Forest
29,Karnataka,527,Belagavi,5778,Savadathi,15.824,74.6044,682.4,2.8,12,Croplands
29,Karnataka,527,Belagavi,5779,Ramdurg,15.7265,74.545,675.4,2.69,12,Croplands
29,Karnataka,527,Belagavi,5780,Raybag,15.8248,74.5467,680.4,2.76,12,Croplands
29,Karnataka,527,Belagavi,7364,Kittur,15.8045,74.3766,1320.7,12.13,4,Deciduous Broadleaf Forest
29,Karnataka,527,Belagavi,7372,Kagawada,15.8905,74.461,1333.6,12.38,4,Deciduous Broadleaf Forest
29,Karnataka,527,Belagavi,7373,Mudalagi,15.8248,74.4766,1323.7,12.43,4,Deciduous Broadleaf Forest
29,Karnataka,527,Belagavi,7374,Nippani,15.7704,74.4887,1315.6,12.47,4,Deciduous Broadleaf Forest
29,Karnataka,528,Ballari,5781,Ballari,15.1447,76.9849,556.7,3.99,12,Croplands
29,Karnataka,528,Ballari,5782,Hadagalli,15.1983,77.0153,560.5,4.05,12,Croplands
29,Karnataka,528,Ballari,5783,Hagaribommanahalli,15.2758,76.991,563.5,4.09,12,Croplands
29,Karnataka,528,Ballari,5784,Hosapete,15.2196,76.8617,556.1,3.96,12,Croplands
29,Karnataka,528,Ballari,5785,Kudligi,15.0698,76.8617,548.6,3.85,12,Croplands
29,Karnataka,528,Ballari,5786,Sandur,15.0955,76.9522,553.1,3.93,12,Croplands
29,Karnataka,528,Ballari,5787,Siruguppa,15.0911,77.0153,555.1,3.97,12,Croplands
29,Karnataka,528,Ballari,5822,Harappanahalli,15.1982,76.921,557.1,3.98,12,Croplands
29,Karnataka,528,Ballari,7375,Kampli,15.1853,76.7856,551.8,3.88,12,Croplands
29,Karnataka,528,Ballari,7376,Kottur,15.1295,76.8752,552.1,3.9,12,Croplands
29,Karnataka,528,Ballari,7377,Kurugodu,15.002,76.9077,546.9,3.84,12,Croplands
29,Karnataka,529,Bidar,5788,Aurad,17.908,77.572,715.4,4.24,12,Croplands
29,Karnataka,529,Bidar,5789,Basavakalyan,17.9781,77.5889,719.5,4.3,12,Croplands
29,Karnataka,529,Bidar,5790,Bhalki,18.0522,77.5152,720.6,4.3,12,Croplands
29,Karnataka,529,Bidar,5791,Bidar,17.9462,77.4751,713.9,4.19,12,Croplands
29,Karnataka,529,Bidar,5792,Humnabad,17.854,77.5152,710.7,4.16,12,Croplands
29,Karnataka,529,Bidar,7430,Chittaguppa,17.908,77.4111,709.8,4.12,12,Croplands
29,Karnataka,529,Bidar,7431,Hulasuru,17.8061,77.4081,704.6,4.05,12,Croplands
29,Karnataka,529,Bidar,7432,Kamalanagara,17.8379,77.5889,712.5,4.2,12,Croplands
29,Karnataka,530,Vijayapura,5793,Basavana Bagewadi,16.9468,75.7991,605.3,4.42,12,Croplands
29,Karnataka,530,Vijayapura,5794,Vijayapura,16.8031,75.7635,596.9,4.3,12,Croplands
29,Karnataka,530,Vijayapura,5795,Indi,16.9238,75.6008,597.2,4.27,12,Croplands
29,Karnataka,530,Vijayapura,5796,Muddebihal,16.8045,75.613,591.7,4.19,12,Croplands
29,Karnataka,530,Vijayapura,5797,Sindagi,16.7777,75.6935,593.2,4.23,12,Croplands
29,Karnataka,530,Vijayapura,7392,Babaleshwar,16.8743,75.8052,601.9,4.38,12,Croplands
29,Karnataka,530,Vijayapura,7393,Chadachan,16.8819,75.7203,599.3,4.32,12,Croplands
29,Karnataka,530,Vijayapura,7394,Devara Hipparagi,16.9209,75.6768,599.7,4.32,12,Croplands
29,Karnataka,530,Vijayapura,7395,Kolhar,16.8411,75.6587,595.1,4.25,12,Croplands
29,Karnataka,530,Vijayapura,7396,Nidagundi,16.7326,75.6008,587.7,4.13,12,Croplands
29,Karnataka,530,Vijayapura,7398,Thalikoti,16.7298,75.726,591.9,4.22,12,Croplands
29,Karnataka,530,Vijayapura,7399,Thikota,16.7096,75.7991,593.4,4.26,12,Croplands
29,Karnataka,530,Vijayapura,7485,Almel,16.8282,75.77,598.4,4.32,12,Croplands
29,Karnataka,531,Chamarajanagara,5798,Chamarajanagar,11.918,77.0062,646.1,3.85,12,Croplands
29,Karnataka,531,Chamarajanagara,5799,Gundlupet,12.0122,76.9823,650.0,3.9,12,Croplands
29,Karnataka,531,Chamarajanagara,5800,Kollegala,11.8862,76.9063,641.0,3.75,12,Croplands
29,Karnataka,531,Chamarajanagara,5801,Yelandur,11.8238,76.9823,640.6,3.76,12,Croplands
29,Karnataka,531,Chamarajanagara,7378,Hanuru,12.0027,76.8318,644.2,3.78,12,Croplands
29,Karnataka,532,Chikkamagaluru,5802,Chikkamagaluru,13.3934,75.8456,679.3,4.07,12,Croplands
29,Karnataka,532,Chikkamagaluru,5803,Kadur,13.4675,75.7736,680.5,4.07,12,Croplands
29,Karnataka,532,Chikkamagaluru,5804,Koppa,13.3616,75.7343,673.8,3.97,12,Croplands
29,Karnataka,532,Chikkamagaluru,5805,Mudigere,13.3234,75.6718,669.7,3.9,12,Croplands
29,Karnataka,532,Chikkamagaluru,5806,Narasimharajapura,13.2214,75.6689,664.5,3.82,12,Croplands
29,Karnataka,532,Chikkamagaluru,5807,Sringeri,13.2693,75.7736,670.5,3.93,12,Croplands
29,Karnataka,532,Chikkamagaluru,5808,Tarikere,13.2533,75.8456,672.3,3.97,12,Croplands
29,Karnataka,532,Chikkamagaluru,7379,Ajjampura,13.3234,75.8292,675.2,4.01,12,Croplands
29,Karnataka,533,Chitradurga,5809,Challakere,14.2205,76.4553,742.0,2.97,12,Croplands
29,Karnataka,533,Chitradurga,5810,Chitradurga,14.3063,76.4507,746.1,3.03,12,Croplands
29,Karnataka,533,Chitradurga,5811,Hiriyur,14.3453,76.3252,743.6,2.97,12,Croplands
29,Karnataka,533,Chitradurga,5812,Holalkere,14.2205,76.3438,738.1,2.9,12,Croplands
29,Karnataka,533,Chitradurga,5813,Hosdurga,14.1347,76.3484,733.9,2.84,12,Croplands
29,Karnataka,533,Chitradurga,5814,Molakalmuru,14.0957,76.4739,736.4,2.9,12,Croplands
29,Karnataka,534,Dakshina Kannada,5815,Bantval,12.8677,75.307,634.1,3.32,12,Croplands
29,Karnataka,534,Dakshina Kannada,5816,Beltangadi,12.9452,75.3149,638.3,3.38,12,Croplands
29,Karnataka,534,Dakshina Kannada,5817,Mangaluru,12.8911,75.2016,631.6,3.26,12,Croplands
29,Karnataka,534,Dakshina Kannada,5818,Puttur,12.7271,75.2186,624.0,3.16,12,Croplands
29,Karnataka,534,Dakshina Kannada,5819,Sulya,12.8254,75.2861,631.3,3.28,12,Croplands
29,Karnataka,534,Dakshina Kannada,7427,Kadaba,13.0082,75.2186,638.1,3.36,12,Croplands
29,Karnataka,534,Dakshina Kannada,7428,Mudubidare,12.8247,75.1599,626.8,3.19,12,Croplands
29,Karnataka,535,Davangere,5820,Channagiri,14.4593,75.9711,737.0,2.8,12,Croplands
29,Karnataka,535,Davangere,5821,Davanagere,14.5451,75.9665,741.1,2.86,12,Croplands
29,Karnataka,535,Davangere,5823,Harihara,14.5841,75.8409,738.6,2.8,12,Croplands
29,Karnataka,535,Davangere,5824,Honnali,14.4593,75.8595,733.0,2.72,12,Croplands
29,Karnataka,535,Davangere,5825,Jagalur,14.3735,75.8641,728.9,2.67,12,Croplands
29,Karnataka,535,Davangere,7426,Nyamathi,14.3345,75.9897,731.4,2.73,12,Croplands
29,Karnataka,536,Dharwad,5826,Dharwad,15.5953,75.0052,509.9,2.92,12,Croplands
29,Karnataka,536,Dharwad,5827,Hubballi,15.4511,74.9024,674.1,2.75,12,Croplands
29,Karnataka,536,Dharwad,5828,Kalghatgi,15.3492,74.8994,668.9,2.67,12,Croplands
29,Karnataka,536,Dharwad,5829,Kundgol,15.3971,75.0052,500.0,2.78,12,Croplands
29,Karnataka,536,Dharwad,5830,Navalgund,15.381,75.0779,501.8,2.82,12,Croplands
29,Karnataka,536,Dharwad,7423,Alnavar,15.4511,75.0613,504.7,2.86,12,Croplands
29,Karnataka,536,Dharwad,7425,Annigeri,15.5212,75.0779,508.8,2.92,12,Croplands
29,Karnataka,536,Dharwad,7465,Hubali Urban,15.4893,74.9655,678.3,2.82,12,Croplands
29,Karnataka,537,Gadag,5831,Gadag,15.4331,75.6915,525.9,3.29,12,Croplands
29,Karnataka,537,Gadag,5832,Mundaragi,15.4566,75.5849,523.3,3.23,12,Croplands
29,Karnataka,537,Gadag,5833,Naragund,15.3901,75.5428,518.5,3.15,12,Croplands
29,Karnataka,537,Gadag,5834,Ron,15.2926,75.6022,515.7,3.13,12,Croplands
29,Karnataka,537,Gadag,5835,Shirahatti,15.3909,75.6704,523.0,3.24,12,Croplands
29,Karnataka,537,Gadag,7421,Gajendragad,15.5106,75.6995,530.0,3.35,12,Croplands
29,Karnataka,537,Gadag,7422,Laxmeshwar,15.5737,75.6022,529.8,3.32,12,Croplands
29,Karnataka,538,Kalaburagi,5836,Afzalpur,17.3328,76.897,663.0,3.36,12,Croplands
29,Karnataka,538,Kalaburagi,5837,Aland,17.3864,76.9277,666.8,3.42,12,Croplands
29,Karnataka,538,Kalaburagi,5838,Chincholi,17.4639,76.9031,669.8,3.46,12,Croplands
29,Karnataka,538,Kalaburagi,5839,Chitapur,17.3863,76.8323,663.4,3.35,12,Croplands
29,Karnataka,538,Kalaburagi,5840,Kalaburagi,17.3734,76.6954,658.0,3.25,12,Croplands
29,Karnataka,538,Kalaburagi,5841,Jevargi,17.4077,76.7723,662.4,3.33,12,Croplands
29,Karnataka,538,Kalaburagi,5842,Sedam,17.1901,76.8188,653.2,3.21,12,Croplands
29,Karnataka,538,Kalaburagi,7406,Kalagi,17.3176,76.786,658.4,3.27,12,Croplands
29,Karnataka,538,Kalaburagi,7407,Kamalapur,17.2579,76.7723,654.9,3.22,12,Croplands
29,Karnataka,538,Kalaburagi,7408,Shabad,17.2837,76.8639,659.4,3.3,12,Croplands
29,Karnataka,538,Kalaburagi,7409,Yadrami,17.2792,76.9277,661.4,3.34,12,Croplands
29,Karnataka,539,Hassan,5846,Alur,13.0034,76.1587,670.7,4.01,12,Croplands
29,Karnataka,539,Hassan,5847,Arkalgud,13.0735,76.1751,674.8,4.07,12,Croplands
29,Karnataka,539,Hassan,5848,Arsikere,13.1476,76.1032,676.0,4.08,12,Croplands
29,Karnataka,539,Hassan,5849,Belur,13.0417,76.064,669.3,3.97,12,Croplands
29,Karnataka,539,Hassan,5850,Channarayapatna,13.0034,76.0015,665.2,3.9,12,Croplands
29,Karnataka,539,Hassan,5851,Hassan,12.9015,75.9986,660.0,3.83,12,Croplands
29,Karnataka,539,Hassan,5852,Holenarsipur,12.9494,76.1032,666.1,3.94,12,Croplands
29,Karnataka,539,Hassan,5853,Sakaleshpur,12.9334,76.1751,667.8,3.98,12,Croplands
29,Karnataka,540,Haveri,5854,Byadgi,14.7928,75.4523,735.5,2.67,12,Croplands
29,Karnataka,540,Haveri,5855,Hanagal,14.8628,75.4688,739.5,2.73,12,Croplands
29,Karnataka,540,Haveri,5856,Haveri,14.9369,75.3964,740.7,2.73,12,Croplands
29,Karnataka,540,Haveri,5857,Hirekerur,14.831,75.3568,734.0,2.63,12,Croplands
29,Karnataka,540,Haveri,5858,Ranebennur,14.7928,75.2939,729.9,2.56,12,Croplands
29,Karnataka,540,Haveri,5859,Savanur,14.7387,75.3964,730.8,2.59,12,Croplands
29,Karnataka,540,Haveri,5860,Shiggaon,14.7227,75.4688,732.5,2.63,12,Croplands
29,Karnataka,540,Haveri,7420,Rattihalli,14.6908,75.2909,724.7,4.59,12,Croplands
29,Karnataka,541,Kodagu,5861,Madikeri,12.4191,75.8366,630.2,3.38,12,Croplands
29,Karnataka,541,Kodagu,5862,Somvarpet,12.2931,75.7605,621.3,3.24,12,Croplands
29,Karnataka,541,Kodagu,5863,Virajpet,12.2306,75.8366,620.8,3.25,12,Croplands
29,Karnataka,541,Kodagu,7488,Kushalanagar,12.3249,75.8606,626.4,3.33,12,Croplands
29,Karnataka,541,Kodagu,7489,Ponnampet,12.4096,75.6859,624.5,3.27,12,Croplands
29,Karnataka,542,Kolar,5865,Bangarapet,13.1377,78.1855,748.4,3.43,12,Croplands
29,Karnataka,542,Kolar,5870,Kolar,13.2625,78.056,750.1,3.42,12,Croplands
29,Karnataka,542,Kolar,5871,Malur,13.1377,78.0745,744.5,3.35,12,Croplands
29,Karnataka,542,Kolar,5872,Mulbagal,13.0519,78.0791,740.4,3.29,12,Croplands
29,Karnataka,542,Kolar,5874,Srinivaspur,13.0128,78.204,742.8,3.35,12,Croplands
29,Karnataka,542,Kolar,7363,K G F,13.2235,78.1809,752.5,3.48,12,Croplands
29,Karnataka,543,Koppal,5875,Gangavathi,15.3296,76.2087,538.8,3.58,12,Croplands
29,Karnataka,543,Koppal,5876,Koppal,15.353,76.1022,536.2,3.52,12,Croplands
29,Karnataka,543,Koppal,5877,Kushtagi,15.189,76.1194,528.6,3.42,12,Croplands
29,Karnataka,543,Koppal,5878,Yelburga,15.2873,76.1876,535.9,3.53,12,Croplands
29,Karnataka,543,Koppal,7410,Kanakagiri,15.407,76.2167,542.9,3.64,12,Croplands
29,Karnataka,543,Koppal,7411,Karatagi,15.4701,76.1194,542.7,3.61,12,Croplands
29,Karnataka,543,Koppal,7412,Kukunoor,15.2866,76.0601,531.4,3.44,12,Croplands
29,Karnataka,544,Mandya,5879,Krishnarajpet,12.5274,76.9501,674.6,4.23,12,Croplands
29,Karnataka,544,Mandya,5880,Maddur,12.6049,76.958,678.8,4.29,12,Croplands
29,Karnataka,544,Mandya,5881,Malvalli,12.6679,76.8618,678.6,4.27,12,Croplands
29,Karnataka,544,Mandya,5882,Mandya,12.5508,76.8448,672.1,4.18,12,Croplands
29,Karnataka,544,Mandya,5883,Nagamangala,12.4844,76.8032,667.3,4.1,12,Croplands
29,Karnataka,544,Mandya,5884,Pandavapura,12.3869,76.8618,664.5,4.07,12,Croplands
29,Karnataka,544,Mandya,5885,Shrirangapattana,12.4851,76.9292,671.8,4.19,12,Croplands
29,Karnataka,545,Mysuru,5886,Heggadadevankote,12.309,76.7084,655.2,3.91,12,Croplands
29,Karnataka,545,Mysuru,5887,Hunsur,12.3791,76.7248,659.3,3.97,12,Croplands
29,Karnataka,545,Mysuru,5888,Krishnarajanagara,12.4532,76.6531,660.5,3.97,12,Croplands
29,Karnataka,545,Mysuru,5889,Mysuru,12.3472,76.6139,653.8,3.87,12,Croplands
29,Karnataka,545,Mysuru,5890,Nanjangud,12.309,76.5516,649.8,3.8,12,Croplands
29,Karnataka,545,Mysuru,5891,Piriyapatna,12.2071,76.5487,644.6,3.73,12,Croplands
29,Karnataka,545,Mysuru,5892,Tirumakudal-Narsipur,12.2389,76.7248,652.3,3.87,12,Croplands
29,Karnataka,545,Mysuru,7413,Saraguru,12.255,76.6531,650.6,3.84,12,Croplands
29,Karnataka,546,Raichur,5893,Devadurga,16.2055,77.412,624.7,2.93,12,Croplands
29,Karnataka,546,Raichur,5894,Lingsugur,16.2829,77.42,628.8,2.99,12,Croplands
29,Karnataka,546,Raichur,5895,Manvi,16.346,77.3223,628.6,2.97,12,Croplands
29,Karnataka,546,Raichur,5896,Raichur,16.1625,77.2627,617.3,2.8,12,Croplands
29,Karnataka,546,Raichur,5897,Sindhanur,16.0649,77.3223,614.5,2.77,12,Croplands
29,Karnataka,546,Raichur,7414,Maski,16.2289,77.305,622.1,2.87,12,Croplands
29,Karnataka,546,Raichur,7415,Sirawara,16.1632,77.3908,621.8,2.89,12,Croplands
29,Karnataka,547,Shivamogga,5898,Bhadravati,13.9448,75.6224,699.0,4.3,12,Croplands
29,Karnataka,547,Shivamogga,5899,Hosanagara,14.0223,75.6303,703.2,4.36,12,Croplands
29,Karnataka,547,Shivamogga,5900,Sagar,14.0853,75.5336,702.9,4.33,12,Croplands
29,Karnataka,547,Shivamogga,5901,Shikarpur,13.9683,75.5165,696.5,4.24,12,Croplands
29,Karnataka,547,Shivamogga,5902,Shivamogga,13.9018,75.4747,691.7,4.16,12,Croplands
29,Karnataka,547,Shivamogga,5903,Sorab,13.8043,75.5336,688.9,4.14,12,Croplands
29,Karnataka,547,Shivamogga,5904,Tirthahalli,13.9025,75.6014,696.2,4.25,12,Croplands
29,Karnataka,548,Tumakuru,5905,Chiknayakanhalli,13.3405,77.1571,722.5,2.85,12,Croplands
29,Karnataka,548,Tumakuru,5906,Gubbi,13.3988,77.184,726.4,2.91,12,Croplands
29,Karnataka,548,Tumakuru,5907,Koratagere,13.4776,77.1473,729.0,2.94,12,Croplands
29,Karnataka,548,Tumakuru,5908,Kunigal,13.3919,77.0844,722.5,2.83,12,Croplands
29,Karnataka,548,Tumakuru,5909,Madhugiri,13.3988,77.0192,720.6,2.79,12,Croplands
29,Karnataka,548,Tumakuru,5910,Pavagada,13.3405,76.9534,715.4,2.71,12,Croplands
29,Karnataka,548,Tumakuru,5911,Sira,13.3088,77.0566,717.4,2.76,12,Croplands
29,Karnataka,548,Tumakuru,5912,Tiptur,13.2463,77.0701,714.8,2.72,12,Croplands
29,Karnataka,548,Tumakuru,5913,Tumakuru,13.2035,77.1473,715.3,2.75,12,Croplands
29,Karnataka,548,Tumakuru,5914,Turuvekere,13.3088,77.1465,720.6,2.82,12,Croplands
29,Karnataka,549,Udupi,5915,Karkal,13.2939,74.6529,807.5,3.16,12,Croplands
29,Karnataka,549,Udupi,5916,Kundapura,13.1964,74.7117,804.7,3.14,12,Croplands
29,Karnataka,549,Udupi,5917,Udupi,13.2947,74.7793,812.0,3.25,12,Croplands
29,Karnataka,549,Udupi,7416,Brahmavara,13.4144,74.8082,819.0,3.36,12,Croplands
29,Karnataka,549,Udupi,7417,Bainduru,13.3369,74.8002,814.9,3.3,12,Croplands
29,Karnataka,549,Udupi,7433,Hebri,13.4775,74.7117,818.8,3.33,12,Croplands
29,Karnataka,549,Udupi,7434,Kapu,13.3604,74.6946,812.3,3.24,12,Croplands
29,Karnataka,550,Uttara Kannada,5918,Ankola,14.7886,74.6797,883.2,4.23,12,Croplands
29,Karnataka,550,Uttara Kannada,5919,Bhatkal,14.8381,74.7126,886.8,4.29,12,Croplands
29,Karnataka,550,Uttara Kannada,5920,Haliyal,14.8426,74.6238,884.0,4.23,12,Croplands
29,Karnataka,550,Uttara Kannada,5921,Honavar,14.8744,74.5726,883.8,4.21,12,Croplands
29,Karnataka,550,Uttara Kannada,5922,Karwar,14.8606,74.4947,1179.1,12.48,4,Deciduous Broadleaf Forest
29,Karnataka,550,Uttara Kannada,5923,Kumta,14.7886,74.5679,879.3,4.15,12,Croplands
29,Karnataka,550,Uttara Kannada,5924,Mundgod,14.739,74.535,875.7,4.09,12,Croplands
29,Karnataka,550,Uttara Kannada,5925,Siddapur,14.6637,74.5493,872.4,4.05,12,Croplands
29,Karnataka,550,Uttara Kannada,5926,Sirsi,14.7345,74.6238,878.6,4.15,12,Croplands
29,Karnataka,550,Uttara Kannada,5927,Supa,14.7027,74.675,878.8,4.16,12,Croplands
29,Karnataka,550,Uttara Kannada,5928,Yellapur,14.7165,74.7529,882.2,4.23,12,Croplands
29,Karnataka,550,Uttara Kannada,7400,Dandeli,14.9134,74.6983,890.1,4.33,12,Croplands
29,Karnataka,630,Chikkaballapura,5864,Bagepalli,13.5806,77.8927,760.3,3.53,12,Croplands
29,Karnataka,630,Chikkaballapura,5866,Chikballapur,13.6665,77.8881,764.4,3.59,12,Croplands
29,Karnataka,630,Chikkaballapura,5867,Chintamani,13.7055,77.763,762.0,3.53,12,Croplands
29,Karnataka,630,Chikkaballapura,5868,Gauribidanur,13.5806,77.7815,756.4,3.45,12,Croplands
29,Karnataka,630,Chikkaballapura,5869,Gudibanda,13.4948,77.7861,752.3,3.4,12,Croplands
29,Karnataka,630,Chikkaballapura,5873,Sidlaghatta,13.4558,77.9113,754.7,3.46,12,Croplands
29,Karnataka,631,Ramanagara,5763,Channapatna,12.7153,77.3294,697.3,2.53,12,Croplands
29,Karnataka,631,Ramanagara,5767,Kanakapura,12.8144,77.274,700.3,2.56,12,Croplands
29,Karnataka,631,Ramanagara,5768,Magadi,12.7153,77.1262,690.2,4.49,12,Croplands
29,Karnataka,631,Ramanagara,5770,Ramanagara,12.6613,77.274,692.7,4.55,12,Croplands
29,Karnataka,635,Yadgir,5843,Shahapur,16.8858,77.0614,646.4,3.16,12,Croplands
29,Karnataka,635,Yadgir,5844,Shorapur,16.7609,77.0802,640.9,3.09,12,Croplands
29,Karnataka,635,Yadgir,5845,Yadgir,16.6361,77.2119,639.2,3.09,12,Croplands
29,Karnataka,635,Yadgir,7388,Gurumitkal,16.7609,77.1931,644.8,3.17,12,Croplands
29,Karnataka,635,Yadgir,7389,Wadagera,16.6751,77.0849,636.7,3.03,12,Croplands
29,Karnataka,635,Yadgir,7390,Hunasagi,16.8468,77.1884,648.9,3.22,12,Croplands
30,Goa,551,North Goa,5929,Bardez,15.5501,74.0383,1282.5,11.11,4,Deciduous Broadleaf Forest
30,Goa,551,North Goa,5930,Bicholim,15.6444,74.0139,1296.7,11.04,4,Deciduous Broadleaf Forest
30,Goa,551,North Goa,5931,Pernem,15.6348,73.8611,1295.2,16.58,4,Deciduous Broadleaf Forest
30,Goa,551,North Goa,5933,Satari,15.5183,73.9368,1277.7,16.81,4,Deciduous Broadleaf Forest
30,Goa,551,North Goa,5934,Tiswadi,15.4559,74.0139,1268.4,11.04,4,Deciduous Broadleaf Forest
30,Goa,552,South Goa,5932,Ponda,15.2185,74.0681,1232.8,11.2,4,Deciduous Broadleaf Forest
30,Goa,552,South Goa,5935,Canacona,15.1951,74.1746,1229.3,11.52,4,Deciduous Broadleaf Forest
30,Goa,552,South Goa,5936,Mormugao,15.3356,74.0854,1250.3,11.26,4,Deciduous Broadleaf Forest
30,Goa,552,South Goa,5937,Quepem,15.1521,74.0261,1222.8,11.08,4,Deciduous Broadleaf Forest
30,Goa,552,South Goa,5938,Salcete,15.0545,74.0854,1208.2,11.26,4,Deciduous Broadleaf Forest
30,Goa,552,South Goa,5939,Sanguem,15.1528,74.1535,1222.9,11.46,4,Deciduous Broadleaf Forest
30,Goa,552,South Goa,6841,Dharbandora,15.2725,74.1826,1240.9,11.55,4,Deciduous Broadleaf Forest
31,Lakshadweep,553,Lakshadweep District,5940,Agatti,10.5667,72.6967,103.5,2.41,12,Croplands
31,Lakshadweep,553,Lakshadweep District,5941,Amini,10.6249,72.7233,104.4,2.48,12,Croplands
31,Lakshadweep,553,Lakshadweep District,5942,Andrott,10.7038,72.687,105.6,2.51,12,Croplands
31,Lakshadweep,553,Lakshadweep District,5943,Chetlat,10.6249,72.5601,104.4,2.35,12,Croplands
31,Lakshadweep,553,Lakshadweep District,5944,Kadmat,10.5667,72.4951,103.5,2.25,12,Croplands
31,Lakshadweep,553,Lakshadweep District,5945,Kalpeni,10.5349,72.5972,103.0,2.31,12,Croplands
31,Lakshadweep,553,Lakshadweep District,5946,Kavaratti,10.4725,72.6105,102.1,2.27,12,Croplands
31,Lakshadweep,553,Lakshadweep District,5947,Kiltan,10.4296,72.687,101.4,2.29,12,Croplands
31,Lakshadweep,553,Lakshadweep District,5948,Minicoy,10.5349,72.6862,103.0,2.38,12,Croplands
31,Lakshadweep,553,Lakshadweep District,7356,Bitra,10.6181,72.6247,104.3,2.39,12,Croplands
32,Kerala,554,Alappuzha,5949,Ambalappuzha,9.5013,76.3871,975.2,12.16,4,Deciduous Broadleaf Forest
32,Kerala,554,Alappuzha,5950,Aryad,9.5508,76.4193,982.6,12.26,4,Deciduous Broadleaf Forest
32,Kerala,554,Alappuzha,5951,Bharanicavu,9.6261,76.4054,993.9,12.22,4,Deciduous Broadleaf Forest
32,Kerala,554,Alappuzha,5952,Champakulam,9.5554,76.3323,983.3,12.0,4,Deciduous Broadleaf Forest
32,Kerala,554,Alappuzha,5953,Chengannur,9.5871,76.2821,988.1,11.85,4,Deciduous Broadleaf Forest
32,Kerala,554,Alappuzha,5954,Harippad,9.5734,76.2058,986.0,11.62,4,Deciduous Broadleaf Forest
32,Kerala,554,Alappuzha,5955,Kanjikkuzhy,9.5013,76.2775,975.2,11.83,4,Deciduous Broadleaf Forest
32,Kerala,554,Alappuzha,5956,Mavelikkara,9.4518,76.2453,967.8,11.74,4,Deciduous Broadleaf Forest
32,Kerala,554,Alappuzha,5957,Muthukulam,9.3765,76.2593,956.5,11.78,4,Deciduous Broadleaf Forest
32,Kerala,554,Alappuzha,5958,Pattanakkad,9.4472,76.3323,967.1,12.0,4,Deciduous Broadleaf Forest
32,Kerala,554,Alappuzha,5959,Thycattussery,9.4155,76.3826,962.3,12.15,4,Deciduous Broadleaf Forest
32,Kerala,554,Alappuzha,5960,Veliyanad,9.4292,76.4589,964.4,12.38,4,Deciduous Broadleaf Forest
32,Kerala,555,Ernakulam,5961,Alangad,10.0841,76.6012,1062.6,12.8,4,Deciduous Broadleaf Forest
32,Kerala,555,Ernakulam,5962,Angamali,10.1271,76.637,1069.1,12.91,4,Deciduous Broadleaf Forest
32,Kerala,555,Ernakulam,5963,Edappally,10.1968,76.6376,1079.5,12.91,4,Deciduous Broadleaf Forest
32,Kerala,555,Ernakulam,5964,Koovappady,10.1368,76.5585,1070.5,12.68,4,Deciduous Broadleaf Forest
32,Kerala,555,Ernakulam,5965,Kothamangalam,10.1807,76.5239,1077.1,12.57,4,Deciduous Broadleaf Forest
32,Kerala,555,Ernakulam,5966,Mulanthuruthy,10.1968,76.455,1079.5,12.36,4,Deciduous Broadleaf Forest
32,Kerala,555,Ernakulam,5967,Muvattupuzha,10.1075,76.4968,1066.1,12.49,4,Deciduous Broadleaf Forest
32,Kerala,555,Ernakulam,5968,Palluruthy,10.0841,76.4456,1062.6,12.34,4,Deciduous Broadleaf Forest
32,Kerala,555,Ernakulam,5969,Pampakuda,10.0215,76.4144,1053.2,12.24,4,Deciduous Broadleaf Forest
32,Kerala,555,Ernakulam,5970,Parakkadav,10.0418,76.5121,1056.3,12.54,4,Deciduous Broadleaf Forest
32,Kerala,555,Ernakulam,5971,Paravur,9.9874,76.5239,1048.1,12.57,4,Deciduous Broadleaf Forest
32,Kerala,555,Ernakulam,5972,Vadavucode,9.9435,76.5789,1041.5,12.74,4,Deciduous Broadleaf Forest
32,Kerala,555,Ernakulam,5973,Vazhakkulam,10.0418,76.5805,1056.3,12.74,4,Deciduous Broadleaf Forest
32,Kerala,555,Ernakulam,5974,Vypeen,10.0411,76.637,1056.2,12.91,4,Deciduous Broadleaf Forest
32,Kerala,556,Idukki,5976,Adimaly,9.8388,77.1137,1025.8,14.34,4,Deciduous Broadleaf Forest
32,Kerala,556,Idukki,5977,Azhutha,9.9088,77.1299,1036.3,14.39,4,Deciduous Broadleaf Forest
32,Kerala,556,Idukki,5978,Devikulam,9.9829,77.0588,1047.4,14.18,4,Deciduous Broadleaf Forest
32,Kerala,556,Idukki,5979,Elemdesam,9.877,77.02,1031.6,14.06,4,Deciduous Broadleaf Forest
32,Kerala,556,Idukki,5980,Idukki,9.8388,76.9582,1025.8,13.87,4,Deciduous Broadleaf Forest
32,Kerala,556,Idukki,5981,Kattappana,9.7368,76.9554,1010.5,13.87,4,Deciduous Broadleaf Forest
32,Kerala,556,Idukki,5982,Nedumkandom,9.7847,77.0588,1017.7,14.18,4,Deciduous Broadleaf Forest
32,Kerala,556,Idukki,5983,Thodupuzha,9.7687,77.1299,1015.3,14.39,4,Deciduous Broadleaf Forest
32,Kerala,557,Kannur,5984,Edakkad,11.8748,75.4315,1331.2,15.29,4,Deciduous Broadleaf Forest
32,Kerala,557,Kannur,5985,Irikkur,11.9284,75.4615,1339.3,15.38,4,Deciduous Broadleaf Forest
32,Kerala,557,Kannur,5986,Iritty,12.0059,75.4375,750.9,15.31,4,Deciduous Broadleaf Forest
32,Kerala,557,Kannur,5987,Kannur,11.9497,75.31,1342.5,14.93,4,Deciduous Broadleaf Forest
32,Kerala,557,Kannur,5988,Kuthuparamba,11.9154,75.235,1337.3,14.7,4,Deciduous Broadleaf Forest
32,Kerala,557,Kannur,5989,Payyannur,11.7999,75.31,1320.0,14.93,4,Deciduous Broadleaf Forest
32,Kerala,557,Kannur,5990,Peravoor,11.7321,75.3553,1309.8,15.07,4,Deciduous Broadleaf Forest
32,Kerala,557,Kannur,5991,Taliparamba,11.8257,75.3992,1323.9,15.2,4,Deciduous Broadleaf Forest
32,Kerala,557,Kannur,5992,Thalassery,11.8212,75.4615,1323.2,15.38,4,Deciduous Broadleaf Forest
32,Kerala,557,Kannur,6694,Panoor,11.8596,75.3233,1328.9,14.97,4,Deciduous Broadleaf Forest
32,Kerala,557,Kannur,6695,Kalliasseri,11.9283,75.3684,1339.2,15.11,4,Deciduous Broadleaf Forest
32,Kerala,558,Kasaragod,5993,Kanhangad,12.5114,75.039,826.7,14.12,4,Deciduous Broadleaf Forest
32,Kerala,558,Kasaragod,5994,Kasargod,12.6363,74.9098,845.4,13.73,4,Deciduous Broadleaf Forest
32,Kerala,558,Kasaragod,5995,Manjeshwar,12.5114,74.9282,826.7,13.78,4,Deciduous Broadleaf Forest
32,Kerala,558,Kasaragod,5996,Nileshwar,12.4256,74.9329,813.8,13.8,4,Deciduous Broadleaf Forest
32,Kerala,558,Kasaragod,6696,Parappa,12.3866,75.0574,808.0,14.17,4,Deciduous Broadleaf Forest
32,Kerala,558,Kasaragod,6697,Karadka,12.5973,75.0344,839.6,14.1,4,Deciduous Broadleaf Forest
32,Kerala,559,Kollam,5997,Anchal,8.8869,76.647,883.0,12.94,4,Deciduous Broadleaf Forest
32,Kerala,559,Kollam,5999,Chadayamangalam,8.9404,76.6767,891.1,13.03,4,Deciduous Broadleaf Forest
32,Kerala,559,Kollam,6000,Chavara,9.018,76.6529,902.7,12.96,4,Deciduous Broadleaf Forest
32,Kerala,559,Kollam,6001,Chittumala,8.9404,76.5845,891.1,12.75,4,Deciduous Broadleaf Forest
32,Kerala,559,Kollam,6002,Ithikkara,8.9618,76.5266,894.3,12.58,4,Deciduous Broadleaf Forest
32,Kerala,559,Kollam,6004,Kottarakkara,8.9275,76.4523,889.1,12.36,4,Deciduous Broadleaf Forest
32,Kerala,559,Kollam,6005,Mukhathala,8.8716,76.5398,880.7,12.62,4,Deciduous Broadleaf Forest
32,Kerala,559,Kollam,6006,Oachira,8.812,76.5266,871.8,12.58,4,Deciduous Broadleaf Forest
32,Kerala,559,Kollam,6007,Pathanapuram,8.7442,76.5715,861.6,12.71,4,Deciduous Broadleaf Forest
32,Kerala,559,Kollam,6008,Sasthamcottah,8.8377,76.615,875.7,12.84,4,Deciduous Broadleaf Forest
32,Kerala,559,Kollam,6009,Vettikkavala,8.8333,76.6767,875.0,13.03,4,Deciduous Broadleaf Forest
32,Kerala,560,Kottayam,6010,Erattupetta,9.5948,76.5878,989.2,12.76,4,Deciduous Broadleaf Forest
32,Kerala,560,Kottayam,6011,Ettumanoor,9.6483,76.6175,997.2,12.85,4,Deciduous Broadleaf Forest
32,Kerala,560,Kottayam,6012,Kaduthuruthy,9.7259,76.5937,1008.9,12.78,4,Deciduous Broadleaf Forest
32,Kerala,560,Kottayam,6013,Kanjirappally,9.6483,76.5252,997.2,12.58,4,Deciduous Broadleaf Forest
32,Kerala,560,Kottayam,6014,Lalam,9.6697,76.4671,1000.5,12.4,4,Deciduous Broadleaf Forest
32,Kerala,560,Kottayam,6015,Madappally,9.6354,76.3927,995.3,12.18,4,Deciduous Broadleaf Forest
32,Kerala,560,Kottayam,6016,Pallom,9.5795,76.4804,986.9,12.44,4,Deciduous Broadleaf Forest
32,Kerala,560,Kottayam,6017,Pampady,9.5199,76.4671,978.0,12.4,4,Deciduous Broadleaf Forest
32,Kerala,560,Kottayam,6018,Uzhavoor,9.4521,76.5122,967.8,12.54,4,Deciduous Broadleaf Forest
32,Kerala,560,Kottayam,6019,Vaikom,9.5456,76.5557,981.8,12.67,4,Deciduous Broadleaf Forest
32,Kerala,560,Kottayam,6020,Vazhoor,9.5412,76.6175,981.2,12.85,4,Deciduous Broadleaf Forest
32,Kerala,561,Kozhikode,6021,Balusseri,11.2588,75.8361,1238.8,16.51,4,Deciduous Broadleaf Forest
32,Kerala,561,Kozhikode,6022,Chelannur,11.3083,75.8684,1246.2,16.61,4,Deciduous Broadleaf Forest
32,Kerala,561,Kozhikode,6023,Koduvally,11.3836,75.8544,1257.5,16.56,4,Deciduous Broadleaf Forest
32,Kerala,561,Kozhikode,6024,Kozhikode,11.3129,75.7809,1246.9,16.34,4,Deciduous Broadleaf Forest
32,Kerala,561,Kozhikode,6025,Kunnamangalam,11.3446,75.7304,1251.7,16.19,4,Deciduous Broadleaf Forest
32,Kerala,561,Kozhikode,6026,Kunnummal,11.3309,75.6537,1249.6,15.96,4,Deciduous Broadleaf Forest
32,Kerala,561,Kozhikode,6027,Melday,11.2588,75.7258,1238.8,16.18,4,Deciduous Broadleaf Forest
32,Kerala,561,Kozhikode,6028,Panthalayani,11.2093,75.6934,1231.4,16.08,4,Deciduous Broadleaf Forest
32,Kerala,561,Kozhikode,6029,Perambra,11.134,75.7075,1220.1,16.12,4,Deciduous Broadleaf Forest
32,Kerala,561,Kozhikode,6030,Thodannur,11.2047,75.7809,1230.7,16.34,4,Deciduous Broadleaf Forest
32,Kerala,561,Kozhikode,6031,Thuneri,11.173,75.8315,1226.0,16.49,4,Deciduous Broadleaf Forest
32,Kerala,561,Kozhikode,6032,Vadakara,11.1867,75.9082,1228.0,16.72,4,Deciduous Broadleaf Forest
32,Kerala,562,Malappuram,6033,Areakode,11.0429,76.1355,1206.4,11.41,4,Deciduous Broadleaf Forest
32,Kerala,562,Malappuram,6034,Kondotty,11.15,76.1787,1222.5,11.54,4,Deciduous Broadleaf Forest
32,Kerala,562,Malappuram,6035,Kuttippuram,11.0943,76.0975,1214.1,11.29,4,Deciduous Broadleaf Forest
32,Kerala,562,Malappuram,6036,Malappuram,11.1415,76.0699,1221.2,11.21,4,Deciduous Broadleaf Forest
32,Kerala,562,Malappuram,6037,Mankada,11.1677,76.007,1225.2,11.02,4,Deciduous Broadleaf Forest
32,Kerala,562,Malappuram,6038,Nilambur,11.0747,76.0359,1211.2,11.11,4,Deciduous Broadleaf Forest
32,Kerala,562,Malappuram,6039,Perinthalmanna,11.0635,75.9817,1209.5,16.95,4,Deciduous Broadleaf Forest
32,Kerala,562,Malappuram,6040,Perumpadappu,11.0129,75.9368,1201.9,16.81,4,Deciduous Broadleaf Forest
32,Kerala,562,Malappuram,6041,Ponnani,11.0111,76.0359,1201.7,11.11,4,Deciduous Broadleaf Forest
32,Kerala,562,Malappuram,6042,Tanur,10.9571,76.03,1193.6,11.09,4,Deciduous Broadleaf Forest
32,Kerala,562,Malappuram,6043,Tirur,10.8995,76.0651,1184.9,11.2,4,Deciduous Broadleaf Forest
32,Kerala,562,Malappuram,6044,Tirurangadi,10.9915,76.0975,1198.7,11.29,4,Deciduous Broadleaf Forest
32,Kerala,562,Malappuram,6045,Vengara,10.9693,76.148,1195.4,11.44,4,Deciduous Broadleaf Forest
32,Kerala,562,Malappuram,6046,Wandoor,10.9843,76.2146,1197.6,11.64,4,Deciduous Broadleaf Forest
32,Kerala,562,Malappuram,6692,Kalikavu,11.0832,76.1727,1212.5,11.52,4,Deciduous Broadleaf Forest
32,Kerala,563,Palakkad,6047,Alathur,10.7758,76.7132,1166.4,13.14,4,Deciduous Broadleaf Forest
32,Kerala,563,Palakkad,6048,Attappadi,10.8219,76.7475,1173.3,13.24,4,Deciduous Broadleaf Forest
32,Kerala,563,Palakkad,6049,Chittur,10.8944,76.7415,1184.2,13.22,4,Deciduous Broadleaf Forest
32,Kerala,563,Palakkad,6050,Kollengode,10.8295,76.6648,1174.4,12.99,4,Deciduous Broadleaf Forest
32,Kerala,563,Palakkad,6051,Kuzhalmannam,10.8685,76.6224,1180.3,12.87,4,Deciduous Broadleaf Forest
32,Kerala,563,Palakkad,6052,Malampuzha,10.8714,76.5483,1180.7,12.64,4,Deciduous Broadleaf Forest
32,Kerala,563,Palakkad,6053,Mannarkad,10.7887,76.6047,1168.3,12.81,4,Deciduous Broadleaf Forest
32,Kerala,563,Palakkad,6054,Nemmara,10.7521,76.5602,1162.8,12.68,4,Deciduous Broadleaf Forest
32,Kerala,563,Palakkad,6055,Ottappalam,10.6802,76.5483,1152.0,12.64,4,Deciduous Broadleaf Forest
32,Kerala,563,Palakkad,6056,Palakkad,10.7253,76.6386,1158.8,12.92,4,Deciduous Broadleaf Forest
32,Kerala,563,Palakkad,6057,Pattambi,10.6774,76.6703,1151.6,13.01,4,Deciduous Broadleaf Forest
32,Kerala,563,Palakkad,6058,Sreekrishnapuram,10.6572,76.7415,1148.6,13.22,4,Deciduous Broadleaf Forest
32,Kerala,563,Palakkad,6059,Trithala,10.7507,76.7069,1162.6,13.12,4,Deciduous Broadleaf Forest
32,Kerala,564,Pathanamthitta,6060,Elanthoor,9.2646,76.8415,939.7,13.52,4,Deciduous Broadleaf Forest
32,Kerala,564,Pathanamthitta,6061,Koipuram,9.3346,76.8577,950.2,13.57,4,Deciduous Broadleaf Forest
32,Kerala,564,Pathanamthitta,6062,Konni,9.4087,76.7867,961.3,13.36,4,Deciduous Broadleaf Forest
32,Kerala,564,Pathanamthitta,6064,Mallappally,9.3028,76.748,945.4,13.24,4,Deciduous Broadleaf Forest
32,Kerala,564,Pathanamthitta,6065,Pandlam,9.2646,76.6863,939.7,13.06,4,Deciduous Broadleaf Forest
32,Kerala,564,Pathanamthitta,6066,Parakode,9.1626,76.6834,924.4,13.05,4,Deciduous Broadleaf Forest
32,Kerala,564,Pathanamthitta,6067,Pulikeezhu,9.2105,76.7867,931.6,13.36,4,Deciduous Broadleaf Forest
32,Kerala,564,Pathanamthitta,6068,Ranni,9.1945,76.8577,929.2,13.57,4,Deciduous Broadleaf Forest
32,Kerala,565,Thiruvananthapuram,6069,Athiyannoor,8.5052,77.0061,825.8,14.02,4,Deciduous Broadleaf Forest
32,Kerala,565,Thiruvananthapuram,6070,Chirayinkeezhu,8.5588,77.0357,833.8,14.11,4,Deciduous Broadleaf Forest
32,Kerala,565,Thiruvananthapuram,6071,Pothencode,8.4304,76.8858,814.6,13.66,4,Deciduous Broadleaf Forest
32,Kerala,565,Thiruvananthapuram,6072,Kilimanoor,8.6364,77.012,845.5,14.04,4,Deciduous Broadleaf Forest
32,Kerala,565,Thiruvananthapuram,6073,Nedumangad,8.5588,76.9437,833.8,13.83,4,Deciduous Broadleaf Forest
32,Kerala,565,Thiruvananthapuram,6074,Nemom,8.5801,76.8858,837.0,13.66,4,Deciduous Broadleaf Forest
32,Kerala,565,Thiruvananthapuram,6075,Parassala,8.5459,76.8116,831.9,13.43,4,Deciduous Broadleaf Forest
32,Kerala,565,Thiruvananthapuram,6076,Perumkadavila,8.49,76.899,823.5,13.7,4,Deciduous Broadleaf Forest
32,Kerala,565,Thiruvananthapuram,6078,Vamanapuram,8.3626,76.9307,804.4,13.79,4,Deciduous Broadleaf Forest
32,Kerala,565,Thiruvananthapuram,6079,Varkala,8.4561,76.9741,818.4,13.92,4,Deciduous Broadleaf Forest
32,Kerala,565,Thiruvananthapuram,6080,Vellanad,8.4517,77.0357,817.8,14.11,4,Deciduous Broadleaf Forest
32,Kerala,566,Thrissur,6081,Anthikkad,10.5108,76.2662,1126.6,11.8,4,Deciduous Broadleaf Forest
32,Kerala,566,Thrissur,6082,Chalakkudy,10.5487,76.3043,1132.3,11.91,4,Deciduous Broadleaf Forest
32,Kerala,566,Thrissur,6083,Chavakkad,10.6127,76.3149,1141.9,11.94,4,Deciduous Broadleaf Forest
32,Kerala,566,Thrissur,6084,Cherpu,10.5608,76.2322,1134.1,11.7,4,Deciduous Broadleaf Forest
32,Kerala,566,Thrissur,6085,Chowannur,10.6099,76.2112,1141.5,11.63,4,Deciduous Broadleaf Forest
32,Kerala,566,Thrissur,6086,Irinjalakkuda,10.644,76.1551,1146.6,11.47,4,Deciduous Broadleaf Forest
32,Kerala,566,Thrissur,6087,Kodakara,10.549,76.1723,1132.3,11.52,4,Deciduous Broadleaf Forest
32,Kerala,566,Thrissur,6089,Mala,10.5487,76.1181,1132.3,11.35,4,Deciduous Broadleaf Forest
32,Kerala,566,Thrissur,6090,Mathilakam,10.5108,76.0646,1126.6,11.19,4,Deciduous Broadleaf Forest
32,Kerala,566,Thrissur,6091,Mullassery,10.4901,76.1604,1123.5,11.48,4,Deciduous Broadleaf Forest
32,Kerala,566,Thrissur,6092,Ollukkara,10.4407,76.1399,1116.1,11.42,4,Deciduous Broadleaf Forest
32,Kerala,566,Thrissur,6093,Pazhayannur,10.3776,76.1551,1106.6,11.47,4,Deciduous Broadleaf Forest
32,Kerala,566,Thrissur,6094,Puzhakkal,10.4568,76.2112,1118.5,11.63,4,Deciduous Broadleaf Forest
32,Kerala,566,Thrissur,6095,Thalikkulam,10.4193,76.2498,1112.9,11.75,4,Deciduous Broadleaf Forest
32,Kerala,566,Thrissur,6096,Vellangallur,10.4089,76.3149,1111.3,11.94,4,Deciduous Broadleaf Forest
32,Kerala,566,Thrissur,6097,Wadakkanchery,10.4901,76.262,1123.5,11.79,4,Deciduous Broadleaf Forest
32,Kerala,567,Wayanad,6098,Kalpetta,11.7109,76.1426,1306.6,11.43,4,Deciduous Broadleaf Forest
32,Kerala,567,Wayanad,6099,Mananthavady,11.81,76.0874,1321.5,11.26,4,Deciduous Broadleaf Forest
32,Kerala,567,Wayanad,6100,Sulthan Bathery,11.6569,76.0874,1298.5,11.26,4,Deciduous Broadleaf Forest
32,Kerala,567,Wayanad,6693,Panamaram,11.7109,75.9402,1306.6,16.82,4,Deciduous Broadleaf Forest
33,Tamil Nadu,569,Coimbatore,6101,Anamalai,10.9942,77.0214,109.9,1.41,12,Croplands
33,Tamil Nadu,569,Coimbatore,6102,Annur,11.0437,77.0537,110.7,1.48,12,Croplands
33,Tamil Nadu,569,Coimbatore,6105,Karamadai,11.119,77.0397,111.8,1.53,12,Croplands
33,Tamil Nadu,569,Coimbatore,6106,Kinathukadavu,11.0482,76.9663,110.7,1.41,12,Croplands
33,Tamil Nadu,569,Coimbatore,6108,Madukkarai,11.08,76.9158,111.2,3.0,12,Croplands
33,Tamil Nadu,569,Coimbatore,6110,Periyanayakkanpalayam,11.0662,76.8391,111.0,2.92,12,Croplands
33,Tamil Nadu,569,Coimbatore,6111,Pollachi North,10.9942,76.9112,109.9,2.92,12,Croplands
33,Tamil Nadu,569,Coimbatore,6112,Pollachi South,10.9446,76.8789,109.2,2.86,12,Croplands
33,Tamil Nadu,569,Coimbatore,6114,Sarcarsamakulam,10.8693,76.8929,108.0,2.81,12,Croplands
33,Tamil Nadu,569,Coimbatore,6115,Sultanpet,10.9401,76.9663,109.1,2.93,12,Croplands
33,Tamil Nadu,569,Coimbatore,6116,Sulur,10.9083,77.0168,108.6,2.94,12,Croplands
33,Tamil Nadu,569,Coimbatore,6117,Thondamuthur,10.9221,77.0935,108.8,1.41,12,Croplands
33,Tamil Nadu,570,Cuddalore,6120,Annagramam,11.7452,79.8142,121.2,2.65,12,Croplands
33,Tamil Nadu,570,Cuddalore,6121,Cuddalore,11.7881,79.8502,121.8,2.71,12,Croplands
33,Tamil Nadu,570,Cuddalore,6122,Kammapuram,11.8578,79.8508,122.9,2.77,12,Croplands
33,Tamil Nadu,570,Cuddalore,6123,Kattumannarkoil,11.7978,79.7712,122.0,2.66,12,Croplands
33,Tamil Nadu,570,Cuddalore,6124,Keerapalayam,11.8418,79.7364,122.6,2.66,12,Croplands
33,Tamil Nadu,570,Cuddalore,6125,Komaratchi,11.8578,79.6672,122.9,2.62,12,Croplands
33,Tamil Nadu,570,Cuddalore,6126,Kurinjipadi,11.7686,79.7092,121.5,2.58,12,Croplands
33,Tamil Nadu,570,Cuddalore,6127,Mangalur,11.7452,79.6577,121.2,2.52,12,Croplands
33,Tamil Nadu,570,Cuddalore,6128,Melbhuvanagiri,11.6826,79.6263,120.2,2.45,12,Croplands
33,Tamil Nadu,570,Cuddalore,6129,Nallur,11.7029,79.7245,120.5,2.54,12,Croplands
33,Tamil Nadu,570,Cuddalore,6130,Panruti,11.6485,79.7364,119.7,2.51,12,Croplands
33,Tamil Nadu,570,Cuddalore,6131,Parangipettai,11.6046,79.7917,119.1,2.52,12,Croplands
33,Tamil Nadu,570,Cuddalore,6132,Vriddhachalam,11.7022,79.8502,120.5,2.64,12,Croplands
33,Tamil Nadu,570,Cuddalore,7476,Srimushnam,11.7029,79.7934,120.5,2.6,12,Croplands
33,Tamil Nadu,571,Dharmapuri,6133,Dharmapuri,18.9437,79.1521,49.2,1.48,12,Croplands
33,Tamil Nadu,571,Dharmapuri,6134,Harur,19.0807,79.142,51.2,1.58,12,Croplands
33,Tamil Nadu,571,Dharmapuri,6135,Karimangalam,19.0019,79.0102,50.0,1.41,12,Croplands
33,Tamil Nadu,571,Dharmapuri,6136,Morappur,18.9437,78.9425,49.2,2.91,12,Croplands
33,Tamil Nadu,571,Dharmapuri,6137,Nallampalli,18.9119,79.0487,48.7,2.97,12,Croplands
33,Tamil Nadu,571,Dharmapuri,6138,Palakkodu,18.8494,79.0625,47.7,2.93,12,Croplands
33,Tamil Nadu,571,Dharmapuri,6139,Pappireddipatty,18.8066,79.142,47.1,2.96,12,Croplands
33,Tamil Nadu,571,Dharmapuri,6140,Pennagaram,18.9119,79.1412,48.7,1.44,12,Croplands
33,Tamil Nadu,571,Dharmapuri,7477,Eriyur,19.0019,79.1797,50.0,1.55,12,Croplands
33,Tamil Nadu,571,Dharmapuri,7478,Kadathur,18.9951,79.0773,49.9,1.46,12,Croplands
33,Tamil Nadu,572,Dindigul,6141,Athoor,10.3621,78.0244,100.4,1.71,12,Croplands
33,Tamil Nadu,572,Dindigul,6142,Dindigul,10.4051,78.0602,101.1,1.77,12,Croplands
33,Tamil Nadu,572,Dindigul,6143,Guziliamparai,10.4748,78.0608,102.1,1.83,12,Croplands
33,Tamil Nadu,572,Dindigul,6144,Kodaikanal,10.4148,77.9817,101.2,1.72,12,Croplands
33,Tamil Nadu,572,Dindigul,6145,Nattam,10.4587,77.9471,101.9,1.72,12,Croplands
33,Tamil Nadu,572,Dindigul,6146,Nilakottai,10.4748,77.8781,102.1,1.68,12,Croplands
33,Tamil Nadu,572,Dindigul,6147,Oddanchatram,10.3856,77.92,100.8,1.64,12,Croplands
33,Tamil Nadu,572,Dindigul,6148,Palani,10.3621,77.8687,100.4,1.58,12,Croplands
33,Tamil Nadu,572,Dindigul,6149,Reddiyarchatiram,10.2996,77.8374,99.5,1.51,12,Croplands
33,Tamil Nadu,572,Dindigul,6150,Shanarpatti,10.3198,77.9352,99.8,1.6,12,Croplands
33,Tamil Nadu,572,Dindigul,6151,Thoppampatti,10.2655,77.9471,99.0,1.57,12,Croplands
33,Tamil Nadu,572,Dindigul,6152,Vadamadurai,10.2216,78.0021,98.3,1.58,12,Croplands
33,Tamil Nadu,572,Dindigul,6153,Vattalkundu,10.3198,78.0037,99.8,1.66,12,Croplands
33,Tamil Nadu,572,Dindigul,6154,Vedasandur,10.3191,78.0602,99.8,1.7,12,Croplands
33,Tamil Nadu,573,Erode,6155,Ammapet,11.3406,77.7724,115.1,2.29,12,Croplands
33,Tamil Nadu,573,Erode,6156,Andiyur,11.3836,77.8083,115.8,2.35,12,Croplands
33,Tamil Nadu,573,Erode,6157,Bhavani,11.4533,77.8089,116.8,2.41,12,Croplands
33,Tamil Nadu,573,Erode,6158,Bhavanisagar,11.3933,77.7295,115.9,2.3,12,Croplands
33,Tamil Nadu,573,Erode,6159,Chennimalai,11.4373,77.6947,116.6,2.31,12,Croplands
33,Tamil Nadu,573,Erode,6161,Erode,11.4533,77.6256,116.8,2.26,12,Croplands
33,Tamil Nadu,573,Erode,6162,Gopichettipalaiyam,11.3641,77.6676,115.5,2.23,12,Croplands
33,Tamil Nadu,573,Erode,6164,Kodumudi,11.3406,77.6162,115.1,2.17,12,Croplands
33,Tamil Nadu,573,Erode,6166,Modakurichi,11.2781,77.5848,114.2,2.09,12,Croplands
33,Tamil Nadu,573,Erode,6168,Nambiyur,11.2984,77.6829,114.5,2.19,12,Croplands
33,Tamil Nadu,573,Erode,6169,Perundurai,11.244,77.6947,113.7,2.15,12,Croplands
33,Tamil Nadu,573,Erode,6170,Satyamangalam,11.2001,77.7499,113.0,2.16,12,Croplands
33,Tamil Nadu,573,Erode,6171,Talavadi,11.2984,77.7516,114.5,2.24,12,Croplands
33,Tamil Nadu,573,Erode,6172,Thoockanaickenpalaiyam,11.2977,77.8083,114.5,2.28,12,Croplands
33,Tamil Nadu,574,Kanchipuram,6177,Kanchipuram,11.1271,78.712,111.9,2.87,12,Croplands
33,Tamil Nadu,574,Kanchipuram,6179,Kunnattur,11.2213,78.6881,113.3,2.93,12,Croplands
33,Tamil Nadu,574,Kanchipuram,6182,Sriperumbudur,11.2118,78.5381,113.2,2.8,12,Croplands
33,Tamil Nadu,574,Kanchipuram,6186,Uttiramerur,11.0953,78.6123,111.4,2.77,12,Croplands
33,Tamil Nadu,574,Kanchipuram,6187,Walajabad,11.0329,78.6881,110.5,2.78,12,Croplands
33,Tamil Nadu,575,Kanniyakumari,6188,Agastiswaram,8.0995,77.5742,66.5,2.74,12,Croplands
33,Tamil Nadu,575,Kanniyakumari,6189,Killiyoor,8.1632,77.5963,67.4,2.81,12,Croplands
33,Tamil Nadu,575,Kanniyakumari,6190,Kurunthancode,8.2414,77.5449,68.6,2.83,12,Croplands
33,Tamil Nadu,575,Kanniyakumari,6191,Melpuram,8.1463,77.4923,67.2,2.71,12,Croplands
33,Tamil Nadu,575,Kanniyakumari,6192,Munchira,8.1334,77.4256,67.0,2.65,12,Croplands
33,Tamil Nadu,575,Kanniyakumari,6193,Rajakkamangalam,8.0502,77.3828,65.8,2.55,12,Croplands
33,Tamil Nadu,575,Kanniyakumari,6194,Thackalai,8.0527,77.4923,65.8,2.64,12,Croplands
33,Tamil Nadu,575,Kanniyakumari,6195,Thiruvattar,8.0019,77.537,65.0,2.63,12,Croplands
33,Tamil Nadu,575,Kanniyakumari,6196,Thovala,8.0068,77.6312,65.1,2.71,12,Croplands
33,Tamil Nadu,576,Karur,6197,Aravakurichi,10.9592,78.1323,109.4,2.27,12,Croplands
33,Tamil Nadu,576,Karur,6198,K.Paramathy,10.9974,78.0383,110.0,2.23,12,Croplands
33,Tamil Nadu,576,Karur,6199,Kadavur,11.0293,78.1486,110.4,2.34,12,Croplands
33,Tamil Nadu,576,Karur,6200,Karur,11.1034,78.0772,111.6,2.34,12,Croplands
33,Tamil Nadu,576,Karur,6201,Krishnarayapuram,10.9592,77.9763,109.4,2.15,12,Croplands
33,Tamil Nadu,576,Karur,6202,Kulittalai,10.8573,77.9734,107.9,2.06,12,Croplands
33,Tamil Nadu,576,Karur,6203,Thanthoni,10.9052,78.0772,108.6,2.19,12,Croplands
33,Tamil Nadu,576,Karur,6204,Thogaimalai,10.8891,78.1486,108.3,2.23,12,Croplands
33,Tamil Nadu,577,Krishnagiri,6205,Bargur,12.5265,78.2695,42.9,2.04,12,Croplands
33,Tamil Nadu,577,Krishnagiri,6206,Hosur,12.5847,78.2962,43.8,2.1,12,Croplands
33,Tamil Nadu,577,Krishnagiri,6207,Kaveripattinam,12.6635,78.2597,45.0,2.14,12,Croplands
33,Tamil Nadu,577,Krishnagiri,6208,Kelamangalam,12.5779,78.197,43.7,2.02,12,Croplands
33,Tamil Nadu,577,Krishnagiri,6209,Krishnagiri,12.5847,78.132,43.8,1.97,12,Croplands
33,Tamil Nadu,577,Krishnagiri,6210,Mathur,12.5265,78.0664,42.9,1.87,12,Croplands
33,Tamil Nadu,577,Krishnagiri,6211,Shoolagiri,12.4947,78.1693,42.4,1.93,12,Croplands
33,Tamil Nadu,577,Krishnagiri,6212,Thally,12.4322,78.1827,41.5,1.89,12,Croplands
33,Tamil Nadu,577,Krishnagiri,6213,Uthangarai,12.3894,78.2597,40.8,1.92,12,Croplands
33,Tamil Nadu,577,Krishnagiri,6214,Veppanapalli,12.4947,78.2589,42.4,2.0,12,Croplands
33,Tamil Nadu,578,Madurai,6215,Alanganallur,9.9242,78.179,93.9,1.48,12,Croplands
33,Tamil Nadu,578,Madurai,6216,Chellampatti,9.9702,78.2132,94.6,1.55,12,Croplands
33,Tamil Nadu,578,Madurai,6217,Kallikudi,10.0428,78.2073,95.6,1.6,12,Croplands
33,Tamil Nadu,578,Madurai,6218,Kottampatti,9.9778,78.1308,94.7,1.49,12,Croplands
33,Tamil Nadu,578,Madurai,6219,Madurai East,10.0168,78.0885,95.3,1.48,12,Croplands
33,Tamil Nadu,578,Madurai,6220,Madurai West,10.0198,78.0146,95.3,1.43,12,Croplands
33,Tamil Nadu,578,Madurai,6221,Melur,9.9371,78.0709,94.1,1.41,12,Croplands
33,Tamil Nadu,578,Madurai,6222,Sedapatti,9.9005,78.0265,93.5,2.94,12,Croplands
33,Tamil Nadu,578,Madurai,6223,T.Kallupatti,9.8258,78.1363,92.4,2.97,12,Croplands
33,Tamil Nadu,578,Madurai,6224,Tirumangalam,9.8286,78.0146,92.4,2.87,12,Croplands
33,Tamil Nadu,578,Madurai,6225,Tirupparangunram,9.8736,78.1047,93.1,2.98,12,Croplands
33,Tamil Nadu,578,Madurai,6226,Usilampatti,9.8056,78.2073,92.1,1.41,12,Croplands
33,Tamil Nadu,578,Madurai,6227,Vadipatti,9.8991,78.1727,93.5,1.46,12,Croplands
33,Tamil Nadu,579,Nagapattinam,6228,Keelaiyur,10.7769,79.8956,106.7,1.94,12,Croplands
33,Tamil Nadu,579,Nagapattinam,6229,Kilvelur,10.8305,79.9255,107.5,2.0,12,Croplands
33,Tamil Nadu,579,Nagapattinam,6230,Kollidam,10.908,79.9016,108.6,2.05,12,Croplands
33,Tamil Nadu,579,Nagapattinam,6231,Kuttalam,10.8304,79.8328,107.5,1.93,12,Croplands
33,Tamil Nadu,579,Nagapattinam,6232,Mayiladuthurai,10.8518,79.7746,107.8,1.9,12,Croplands
33,Tamil Nadu,579,Nagapattinam,6233,Nagappattinam,10.8175,79.6998,107.3,1.81,12,Croplands
33,Tamil Nadu,579,Nagapattinam,6234,Sembanar Koil,10.7617,79.7878,106.4,1.84,12,Croplands
33,Tamil Nadu,579,Nagapattinam,6235,Sirkazhi,10.702,79.7746,105.5,1.78,12,Croplands
33,Tamil Nadu,579,Nagapattinam,6236,Thalanayar,10.6342,79.8197,104.5,1.76,12,Croplands
33,Tamil Nadu,579,Nagapattinam,6237,Thirumarugal,10.7277,79.8635,105.9,1.87,12,Croplands
33,Tamil Nadu,579,Nagapattinam,6238,Vedaranyam,10.7233,79.9255,105.8,1.92,12,Croplands
33,Tamil Nadu,580,Namakkal,6239,Elacipalayam,11.2194,78.2228,113.3,2.55,12,Croplands
33,Tamil Nadu,580,Namakkal,6240,Erumapatty,11.2597,78.26,113.9,2.62,12,Croplands
33,Tamil Nadu,580,Namakkal,6241,Kabilamalai,11.3265,78.2661,114.9,2.67,12,Croplands
33,Tamil Nadu,580,Namakkal,6242,Kolli Hills,11.2708,78.1848,114.1,2.56,12,Croplands
33,Tamil Nadu,580,Namakkal,6243,Mallasamudram,11.318,78.1572,114.8,2.58,12,Croplands
33,Tamil Nadu,580,Namakkal,6244,Mohanur,11.3442,78.0943,115.2,2.55,12,Croplands
33,Tamil Nadu,580,Namakkal,6245,Namagiripet,11.2512,78.1231,113.8,2.5,12,Croplands
33,Tamil Nadu,580,Namakkal,6246,Namakkal,11.24,78.0689,113.6,2.45,12,Croplands
33,Tamil Nadu,580,Namakkal,6247,Pallipalayam,11.1894,78.024,112.8,2.37,12,Croplands
33,Tamil Nadu,580,Namakkal,6248,Paramathy,11.1876,78.1231,112.8,2.45,12,Croplands
33,Tamil Nadu,580,Namakkal,6249,Puduchatram,11.1336,78.1172,112.0,2.4,12,Croplands
33,Tamil Nadu,580,Namakkal,6250,Rasipuram,11.0761,78.1524,111.1,2.38,12,Croplands
33,Tamil Nadu,580,Namakkal,6251,Sendamangalam,11.168,78.1848,112.5,2.48,12,Croplands
33,Tamil Nadu,580,Namakkal,6252,Tiruchengodu,11.1458,78.2353,112.2,2.5,12,Croplands
33,Tamil Nadu,580,Namakkal,6253,Vennandur,11.1608,78.302,112.4,2.57,12,Croplands
33,Tamil Nadu,581,Perambalur,6254,Alathur,11.2341,78.9353,113.5,1.54,12,Croplands
33,Tamil Nadu,581,Perambalur,6258,Perambalur,11.3332,78.8802,115.0,1.57,12,Croplands
33,Tamil Nadu,581,Perambalur,6262,Veppanthattai,11.2341,78.7333,113.5,2.97,12,Croplands
33,Tamil Nadu,581,Perambalur,6263,Veppur,11.18,78.8802,112.7,1.45,12,Croplands
33,Tamil Nadu,582,Pudukkottai,6264,Annavasal,10.3852,78.8473,100.8,2.39,12,Croplands
33,Tamil Nadu,582,Pudukkottai,6265,Arantangi,10.4312,78.8815,101.5,2.45,12,Croplands
33,Tamil Nadu,582,Pudukkottai,6266,Arimalam,10.5038,78.8756,102.6,2.5,12,Croplands
33,Tamil Nadu,582,Pudukkottai,6267,Avadaiyarkovil,10.4388,78.799,101.6,2.39,12,Croplands
33,Tamil Nadu,582,Pudukkottai,6268,Gandaravakottai,10.4778,78.7566,102.2,2.39,12,Croplands
33,Tamil Nadu,582,Pudukkottai,6269,Karambakudi,10.4808,78.6826,102.2,2.33,12,Croplands
33,Tamil Nadu,582,Pudukkottai,6270,Kunnandarkoil,10.3981,78.739,101.0,2.31,12,Croplands
33,Tamil Nadu,582,Pudukkottai,6271,Manalmelkudi,10.3615,78.6945,100.4,2.24,12,Croplands
33,Tamil Nadu,582,Pudukkottai,6272,Ponnamaravati,10.2896,78.6826,99.3,2.18,12,Croplands
33,Tamil Nadu,582,Pudukkottai,6273,Pudukkottai,10.3346,78.7728,100.0,2.29,12,Croplands
33,Tamil Nadu,582,Pudukkottai,6274,Thiruvarankulam,10.2868,78.8045,99.3,2.27,12,Croplands
33,Tamil Nadu,582,Pudukkottai,6275,Tirumayam,10.2666,78.8756,99.0,2.31,12,Croplands
33,Tamil Nadu,582,Pudukkottai,6276,Viralimalai,10.3601,78.841,100.4,2.36,12,Croplands
33,Tamil Nadu,583,Ramanathapuram,6277,Bogalur,9.3602,78.892,85.4,1.6,12,Croplands
33,Tamil Nadu,583,Ramanathapuram,6278,Kadaladi,9.4138,78.9217,86.2,1.67,12,Croplands
33,Tamil Nadu,583,Ramanathapuram,6279,Kamudi,9.4914,78.8979,87.4,1.71,12,Croplands
33,Tamil Nadu,583,Ramanathapuram,6280,Mandapam,9.4138,78.8294,86.2,1.59,12,Croplands
33,Tamil Nadu,583,Ramanathapuram,6281,Mudukulathur,9.4351,78.7715,86.5,1.57,12,Croplands
33,Tamil Nadu,583,Ramanathapuram,6282,Nainarkoil,9.4009,78.6971,86.0,1.48,12,Croplands
33,Tamil Nadu,583,Ramanathapuram,6283,Paramakkudi,9.345,78.7847,85.2,1.5,12,Croplands
33,Tamil Nadu,583,Ramanathapuram,6284,Rajasingamangalam,9.2854,78.7715,84.3,1.45,12,Croplands
33,Tamil Nadu,583,Ramanathapuram,6285,Ramanathapuram,9.2176,78.8164,83.3,1.43,12,Croplands
33,Tamil Nadu,583,Ramanathapuram,6286,Tiruppullani,9.3111,78.86,84.7,1.54,12,Croplands
33,Tamil Nadu,583,Ramanathapuram,6287,Tiruvadanai,9.3067,78.9217,84.6,1.58,12,Croplands
33,Tamil Nadu,584,Salem,6288,Attur,11.6655,78.2068,120.0,2.9,12,Croplands
33,Tamil Nadu,584,Salem,6289,Ayodhiyapattinam,11.6962,78.2479,120.4,2.96,12,Croplands
33,Tamil Nadu,584,Salem,6290,Gangavalli,11.7503,78.2707,121.3,1.42,12,Croplands
33,Tamil Nadu,584,Salem,6291,Idappadi,11.7093,78.1841,120.6,2.91,12,Croplands
33,Tamil Nadu,584,Salem,6292,Kadaiyampatty,11.7598,78.1829,121.4,2.95,12,Croplands
33,Tamil Nadu,584,Salem,6293,Kolathur,11.8097,78.1516,122.1,2.97,12,Croplands
33,Tamil Nadu,584,Salem,6294,Konganapuram,11.7169,78.1346,120.8,2.88,12,Croplands
33,Tamil Nadu,584,Salem,6295,Macdonalds Choultry,11.7457,78.0922,121.2,2.87,12,Croplands
33,Tamil Nadu,584,Salem,6296,Mecheri,11.7503,78.0326,121.3,2.83,12,Croplands
33,Tamil Nadu,584,Salem,6297,Nangavalli,11.6822,78.0991,120.2,2.83,12,Croplands
33,Tamil Nadu,584,Salem,6298,Omalur,11.6655,78.0505,120.0,2.77,12,Croplands
33,Tamil Nadu,584,Salem,6299,Panamarathupatti,11.621,78.0117,119.3,2.71,12,Croplands
33,Tamil Nadu,584,Salem,6300,Peddanaickenpalayam,11.6338,78.107,119.5,2.79,12,Croplands
33,Tamil Nadu,584,Salem,6301,Salem,11.5854,78.0922,118.8,2.74,12,Croplands
33,Tamil Nadu,584,Salem,6302,Sankari,11.5284,78.1062,117.9,2.71,12,Croplands
33,Tamil Nadu,584,Salem,6303,Talavasal,11.6115,78.1516,119.2,2.81,12,Croplands
33,Tamil Nadu,584,Salem,6304,Taramangalam,11.5713,78.1829,118.6,2.8,12,Croplands
33,Tamil Nadu,584,Salem,6305,Valapady,11.5489,78.2382,118.2,2.83,12,Croplands
33,Tamil Nadu,584,Salem,6306,Veerapandi,11.6338,78.1963,119.5,2.86,12,Croplands
33,Tamil Nadu,584,Salem,6307,Yercaud,11.6349,78.2479,119.5,2.91,12,Croplands
33,Tamil Nadu,585,Sivaganga,6308,Devakottai,9.8502,78.5405,92.8,1.71,12,Croplands
33,Tamil Nadu,585,Sivaganga,6309,Ilayankudi,9.8998,78.5727,93.5,1.78,12,Croplands
33,Tamil Nadu,585,Sivaganga,6310,Kalaiyarkoil,9.975,78.5588,94.6,1.83,12,Croplands
33,Tamil Nadu,585,Sivaganga,6311,Kallal,9.9043,78.4856,93.6,1.71,12,Croplands
33,Tamil Nadu,585,Sivaganga,6312,Kannankudi,9.936,78.4353,94.0,1.7,12,Croplands
33,Tamil Nadu,585,Sivaganga,6313,Manamadurai,9.9223,78.3589,93.8,1.62,12,Croplands
33,Tamil Nadu,585,Sivaganga,6314,S. Pudur,9.7962,78.4856,91.9,1.63,12,Croplands
33,Tamil Nadu,585,Sivaganga,6315,Sakkottai,9.8502,78.4307,92.8,1.62,12,Croplands
33,Tamil Nadu,585,Sivaganga,6316,Singampunari,9.8007,78.3985,92.0,1.56,12,Croplands
33,Tamil Nadu,585,Sivaganga,6317,Sivaganga,9.7254,78.4124,90.9,1.51,12,Croplands
33,Tamil Nadu,585,Sivaganga,6318,Tiruppathur,9.7644,78.5359,91.5,1.64,12,Croplands
33,Tamil Nadu,585,Sivaganga,6319,Tiruppuvanam,9.7781,78.6123,91.7,1.71,12,Croplands
33,Tamil Nadu,586,Thanjavur,6320,Ammapettai,10.7686,79.184,106.5,2.96,12,Croplands
33,Tamil Nadu,586,Thanjavur,6321,Budalur,10.8116,79.2199,107.2,1.43,12,Croplands
33,Tamil Nadu,586,Thanjavur,6322,Kumbakonam,10.8813,79.2205,108.2,1.48,12,Croplands
33,Tamil Nadu,586,Thanjavur,6323,Madukkur,10.8213,79.1413,107.3,2.97,12,Croplands
33,Tamil Nadu,586,Thanjavur,6324,Orattanadu,10.8653,79.1066,108.0,2.98,12,Croplands
33,Tamil Nadu,586,Thanjavur,6325,Papanasam,10.8813,79.0375,108.2,2.94,12,Croplands
33,Tamil Nadu,586,Thanjavur,6326,Pattukkottai,10.7921,79.0794,106.9,2.9,12,Croplands
33,Tamil Nadu,586,Thanjavur,6327,Peravurani,10.7686,79.0281,106.5,2.84,12,Croplands
33,Tamil Nadu,586,Thanjavur,6328,Sethubhavachatram,10.7061,78.9968,105.6,2.76,12,Croplands
33,Tamil Nadu,586,Thanjavur,6329,Thanjavur,10.7264,79.0947,105.9,2.86,12,Croplands
33,Tamil Nadu,586,Thanjavur,6330,Thiruppanandal,10.672,79.1066,105.1,2.82,12,Croplands
33,Tamil Nadu,586,Thanjavur,6331,Thiruvaiyaru,10.6281,79.1617,104.4,2.83,12,Croplands
33,Tamil Nadu,586,Thanjavur,6332,Thiruvonam,10.7264,79.1633,105.9,2.91,12,Croplands
33,Tamil Nadu,586,Thanjavur,6333,Tiruvidaimarudur,10.7256,79.2199,105.9,2.96,12,Croplands
33,Tamil Nadu,587,The Nilgiris,6334,Coonoor,11.4571,76.6966,116.9,1.52,12,Croplands
33,Tamil Nadu,587,The Nilgiris,6335,Gudalur,11.5562,76.6415,118.3,1.56,12,Croplands
33,Tamil Nadu,587,The Nilgiris,6336,Kotagiri,11.4571,76.4944,116.9,2.96,12,Croplands
33,Tamil Nadu,587,The Nilgiris,6337,Udhagamandalam,11.4031,76.6415,116.0,1.44,12,Croplands
33,Tamil Nadu,588,Theni,6338,Andipatti,10.0102,77.532,95.2,2.63,12,Croplands
33,Tamil Nadu,588,Theni,6339,Bodinayakkanur,10.0803,77.5482,96.2,2.7,12,Croplands
33,Tamil Nadu,588,Theni,6340,Chinnamanur,10.1543,77.4771,97.3,2.71,12,Croplands
33,Tamil Nadu,588,Theni,6341,Kadamalaikundru Myladumparai,10.0484,77.4383,95.7,2.59,12,Croplands
33,Tamil Nadu,588,Theni,6342,Kambam,10.0102,77.3764,95.2,2.51,12,Croplands
33,Tamil Nadu,588,Theni,6343,Periyakulam,9.9083,77.3736,93.6,2.43,12,Croplands
33,Tamil Nadu,588,Theni,6344,Theni,9.9561,77.4771,94.3,2.55,12,Croplands
33,Tamil Nadu,588,Theni,6345,Uttamapalaiyam,9.9401,77.5482,94.1,2.59,12,Croplands
33,Tamil Nadu,589,Thiruvallur,6346,Ellapuram,13.1247,79.9739,51.9,2.28,12,Croplands
33,Tamil Nadu,589,Thiruvallur,6347,Gummidipundi,13.1677,80.0101,52.5,2.34,12,Croplands
33,Tamil Nadu,589,Thiruvallur,6348,Kadambathur,13.2374,80.0107,53.6,2.4,12,Croplands
33,Tamil Nadu,589,Thiruvallur,6349,Minjur,13.1774,79.9308,52.7,2.29,12,Croplands
33,Tamil Nadu,589,Thiruvallur,6350,Pallipattu,13.2213,79.8958,53.3,2.29,12,Croplands
33,Tamil Nadu,589,Thiruvallur,6351,Poonamallee,13.2374,79.8262,53.6,2.25,12,Croplands
33,Tamil Nadu,589,Thiruvallur,6352,Poondi,13.1481,79.8684,52.2,2.21,12,Croplands
33,Tamil Nadu,589,Thiruvallur,6353,Puzhal,13.1247,79.8167,51.9,2.15,12,Croplands
33,Tamil Nadu,589,Thiruvallur,6354,R.K.Pet,13.0621,79.7851,50.9,2.08,12,Croplands
33,Tamil Nadu,589,Thiruvallur,6355,Sholavaram,13.0824,79.8838,51.2,2.17,12,Croplands
33,Tamil Nadu,589,Thiruvallur,6356,Tiruttani,13.028,79.8958,50.4,2.14,12,Croplands
33,Tamil Nadu,589,Thiruvallur,6357,Tiruvallur,12.9841,79.9514,49.8,2.15,12,Croplands
33,Tamil Nadu,589,Thiruvallur,6358,Tiruvelangadu,13.0824,79.953,51.2,2.23,12,Croplands
33,Tamil Nadu,589,Thiruvallur,6359,Villivakkam,13.0817,80.0101,51.2,2.27,12,Croplands
33,Tamil Nadu,590,Thiruvarur,6360,Kodavasal,10.7734,79.6917,106.6,1.77,12,Croplands
33,Tamil Nadu,590,Thiruvarur,6361,Koradacherry,10.8317,79.7182,107.5,1.84,12,Croplands
33,Tamil Nadu,590,Thiruvarur,6362,Kottur,10.9105,79.682,108.7,1.87,12,Croplands
33,Tamil Nadu,590,Thiruvarur,6363,Mannargudi,10.8248,79.6196,107.4,1.76,12,Croplands
33,Tamil Nadu,590,Thiruvarur,6364,Muthupettai,10.8317,79.555,107.5,1.71,12,Croplands
33,Tamil Nadu,590,Thiruvarur,6365,Nannilam,10.7734,79.4899,106.6,1.61,12,Croplands
33,Tamil Nadu,590,Thiruvarur,6366,Nidamangalam,10.7416,79.5921,106.1,1.67,12,Croplands
33,Tamil Nadu,590,Thiruvarur,6367,Thiruvarur,10.6792,79.6055,105.2,1.63,12,Croplands
33,Tamil Nadu,590,Thiruvarur,6368,Tirutturaippundi,10.6363,79.682,104.5,1.65,12,Croplands
33,Tamil Nadu,590,Thiruvarur,6369,Valangaiman,10.7416,79.6811,106.1,1.74,12,Croplands
33,Tamil Nadu,591,Tiruchirappalli,6370,Andanallur,10.8061,78.7498,107.1,2.64,12,Croplands
33,Tamil Nadu,591,Tiruchirappalli,6371,Lalgudi,10.849,78.7857,107.7,2.71,12,Croplands
33,Tamil Nadu,591,Tiruchirappalli,6372,Manachanellur,10.9187,78.7863,108.8,2.76,12,Croplands
33,Tamil Nadu,591,Tiruchirappalli,6373,Manapparai,10.8587,78.707,107.9,2.65,12,Croplands
33,Tamil Nadu,591,Tiruchirappalli,6374,Manikandam,10.9027,78.6723,108.5,2.66,12,Croplands
33,Tamil Nadu,591,Tiruchirappalli,6375,Marungapuri,10.9187,78.6033,108.8,2.62,12,Croplands
33,Tamil Nadu,591,Tiruchirappalli,6376,Musiri,10.8295,78.6452,107.4,2.58,12,Croplands
33,Tamil Nadu,591,Tiruchirappalli,6377,Pullambadi,10.8061,78.5939,107.1,2.52,12,Croplands
33,Tamil Nadu,591,Tiruchirappalli,6378,Tattayyangarpettai,10.7435,78.5625,106.2,2.44,12,Croplands
33,Tamil Nadu,591,Tiruchirappalli,6379,Thiruverambur,10.7638,78.6604,106.5,2.54,12,Croplands
33,Tamil Nadu,591,Tiruchirappalli,6380,Thottiam,10.7094,78.6723,105.6,2.51,12,Croplands
33,Tamil Nadu,591,Tiruchirappalli,6381,Turaiyur,10.6655,78.7274,105.0,2.51,12,Croplands
33,Tamil Nadu,591,Tiruchirappalli,6382,Uppiliapuram,10.7638,78.7291,106.5,2.59,12,Croplands
33,Tamil Nadu,591,Tiruchirappalli,6383,Vaiyampatti,10.7631,78.7857,106.4,2.64,12,Croplands
33,Tamil Nadu,592,Tirunelveli,6385,Ambasamudram,8.7264,77.7882,75.9,1.81,12,Croplands
33,Tamil Nadu,592,Tirunelveli,6386,Cheranmahadevi,8.7901,77.8103,76.9,1.88,12,Croplands
33,Tamil Nadu,592,Tirunelveli,6389,Kalakadu,8.8684,77.7588,78.0,1.9,12,Croplands
33,Tamil Nadu,592,Tirunelveli,6392,Manur,8.7732,77.7062,76.6,1.78,12,Croplands
33,Tamil Nadu,592,Tirunelveli,6394,Nanguneri,8.7603,77.6393,76.4,1.72,12,Croplands
33,Tamil Nadu,592,Tirunelveli,6395,Palayamkottai,8.6771,77.5965,75.2,1.62,12,Croplands
33,Tamil Nadu,592,Tirunelveli,6396,Pappakudi,8.6796,77.7062,75.2,1.71,12,Croplands
33,Tamil Nadu,592,Tirunelveli,6397,Radhapuram,8.6288,77.7509,74.4,1.7,12,Croplands
33,Tamil Nadu,592,Tirunelveli,6401,Valliyoor,8.6338,77.8452,74.5,1.78,12,Croplands
33,Tamil Nadu,593,Tiruvannamalai,6403,Anakkavur,12.2353,79.1301,38.5,2.49,12,Croplands
33,Tamil Nadu,593,Tiruvannamalai,6404,Arani,12.2692,79.1701,39.0,2.55,12,Croplands
33,Tamil Nadu,593,Tiruvannamalai,6405,Chengam,12.3279,79.1878,39.9,2.61,12,Croplands
33,Tamil Nadu,593,Tiruvannamalai,6406,Chetput,12.2821,79.1025,39.2,2.51,12,Croplands
33,Tamil Nadu,593,Tiruvannamalai,6407,Cheyyar,12.3329,79.0924,40.0,2.54,12,Croplands
33,Tamil Nadu,593,Tiruvannamalai,6408,Jawathu Hills,12.3772,79.0492,40.7,2.54,12,Croplands
33,Tamil Nadu,593,Tiruvannamalai,6409,Kalasapakkam,12.2821,79.0472,39.2,2.46,12,Croplands
33,Tamil Nadu,593,Tiruvannamalai,6410,Keelpennathur,12.299,78.9971,39.5,2.44,12,Croplands
33,Tamil Nadu,593,Tiruvannamalai,6411,Pernamallur,12.2846,78.9362,39.3,2.38,12,Croplands
33,Tamil Nadu,593,Tiruvannamalai,6412,Polur,12.2353,79.0195,38.5,2.4,12,Croplands
33,Tamil Nadu,593,Tiruvannamalai,6413,Pudupalayam,12.2014,78.9795,38.0,2.34,12,Croplands
33,Tamil Nadu,593,Tiruvannamalai,6414,Thandrampet,12.1426,78.9618,37.1,2.28,12,Croplands
33,Tamil Nadu,593,Tiruvannamalai,6415,Thellar,12.1884,79.0472,37.8,2.39,12,Croplands
33,Tamil Nadu,593,Tiruvannamalai,6416,Thurinjapuram,12.1377,79.0572,37.1,2.36,12,Croplands
33,Tamil Nadu,593,Tiruvannamalai,6417,Tiruvannamalai,12.0933,79.1004,36.4,2.35,12,Croplands
33,Tamil Nadu,593,Tiruvannamalai,6418,Vandavasi,12.1884,79.1025,37.8,2.43,12,Croplands
33,Tamil Nadu,593,Tiruvannamalai,6419,Vembakkam,12.1716,79.1525,37.6,2.46,12,Croplands
33,Tamil Nadu,593,Tiruvannamalai,6420,West Arani,12.186,79.2134,37.8,2.52,12,Croplands
33,Tamil Nadu,594,Tuticorin,6421,Alwarthirunagari,11.1271,78.712,111.9,2.87,12,Croplands
33,Tamil Nadu,594,Tuticorin,6422,Karungulam,11.1766,78.7444,112.6,2.94,12,Croplands
33,Tamil Nadu,594,Tuticorin,6423,Kayathar,11.2519,78.7304,113.8,2.99,12,Croplands
33,Tamil Nadu,594,Tuticorin,6424,Kovilpatti,11.1812,78.6569,112.7,2.87,12,Croplands
33,Tamil Nadu,594,Tuticorin,6425,Ottapidaram,11.2129,78.6064,113.2,2.86,12,Croplands
33,Tamil Nadu,594,Tuticorin,6426,Pudur,11.1992,78.5297,113.0,2.78,12,Croplands
33,Tamil Nadu,594,Tuticorin,6427,Sattankulam,11.1271,78.6018,111.9,2.78,12,Croplands
33,Tamil Nadu,594,Tuticorin,6428,Srivaikundam,11.0776,78.5694,111.2,2.72,12,Croplands
33,Tamil Nadu,594,Tuticorin,6429,Thoothukkudi,11.0023,78.5834,110.0,2.67,12,Croplands
33,Tamil Nadu,594,Tuticorin,6430,Tiruchendur,11.073,78.6569,111.1,2.78,12,Croplands
33,Tamil Nadu,594,Tuticorin,6431,Udangudi,11.0413,78.7074,110.6,2.8,12,Croplands
33,Tamil Nadu,594,Tuticorin,6432,Vilathikulam,11.055,78.7841,110.8,2.87,12,Croplands
33,Tamil Nadu,595,Vellore,6434,Anaicut,12.9135,79.1879,48.7,1.48,12,Croplands
33,Tamil Nadu,595,Vellore,6437,Gudiyattam,12.991,79.1959,49.9,1.55,12,Croplands
33,Tamil Nadu,595,Vellore,6439,K.V.Kuppam,12.8705,79.0409,48.1,2.93,12,Croplands
33,Tamil Nadu,595,Vellore,6441,Kaniyambadi,13.0541,79.0996,50.8,1.52,12,Croplands
33,Tamil Nadu,595,Vellore,6442,Katpadi,12.937,79.0825,49.1,1.42,12,Croplands
33,Tamil Nadu,595,Vellore,6447,Peranambattu,12.773,79.0996,46.6,2.9,12,Croplands
33,Tamil Nadu,595,Vellore,6451,Vellore,12.8713,79.1671,48.1,1.43,12,Croplands
33,Tamil Nadu,596,Villupuram,6454,Gingee,11.1271,78.712,111.9,2.87,12,Croplands
33,Tamil Nadu,596,Villupuram,6457,Kanai,11.1732,78.7463,112.6,2.94,12,Croplands
33,Tamil Nadu,596,Villupuram,6458,Kandamangalam,11.2457,78.7404,113.7,2.99,12,Croplands
33,Tamil Nadu,596,Villupuram,6459,Koliyanur,11.1808,78.6635,112.7,2.88,12,Croplands
33,Tamil Nadu,596,Villupuram,6460,Mailam,11.2198,78.6211,113.3,2.87,12,Croplands
33,Tamil Nadu,596,Villupuram,6461,Marakkanam,11.2227,78.5469,113.3,2.82,12,Croplands
33,Tamil Nadu,596,Villupuram,6462,Melmalayanur,11.14,78.6034,112.1,2.79,12,Croplands
33,Tamil Nadu,596,Villupuram,6463,Mugaiyur,11.1034,78.5588,111.6,2.73,12,Croplands
33,Tamil Nadu,596,Villupuram,6464,Olakkur,11.0315,78.5469,110.5,2.66,12,Croplands
33,Tamil Nadu,596,Villupuram,6468,Thiruvennainallur,11.0766,78.6374,111.1,2.77,12,Croplands
33,Tamil Nadu,596,Villupuram,6472,Vallam,11.0287,78.6691,110.4,2.76,12,Croplands
33,Tamil Nadu,596,Villupuram,6473,Vanur,11.0085,78.7404,110.1,2.8,12,Croplands
33,Tamil Nadu,596,Villupuram,6474,Vikravandi,11.102,78.7057,111.5,2.85,12,Croplands
33,Tamil Nadu,597,Virudhunagar,6475,Aruppukottai,9.5892,78.0085,88.8,2.68,12,Croplands
33,Tamil Nadu,597,Virudhunagar,6476,Kariapatti,9.6428,78.0382,89.6,2.74,12,Croplands
33,Tamil Nadu,597,Virudhunagar,6477,Narikudi,9.7203,78.0144,90.8,2.79,12,Croplands
33,Tamil Nadu,597,Virudhunagar,6478,Rajapalaiyam,9.6427,77.9459,89.6,2.67,12,Croplands
33,Tamil Nadu,597,Virudhunagar,6479,Sattur,9.6641,77.8879,90.0,2.64,12,Croplands
33,Tamil Nadu,597,Virudhunagar,6480,Sivakasi,9.6298,77.8134,89.4,2.55,12,Croplands
33,Tamil Nadu,597,Virudhunagar,6481,Srivilliputtur,9.574,77.9011,88.6,2.58,12,Croplands
33,Tamil Nadu,597,Virudhunagar,6482,Tiruchuli,9.5143,77.8879,87.7,2.52,12,Croplands
33,Tamil Nadu,597,Virudhunagar,6483,Vembakottai,9.4465,77.9329,86.7,2.5,12,Croplands
33,Tamil Nadu,597,Virudhunagar,6484,Virudhunagar,9.54,77.9765,88.1,2.61,12,Croplands
33,Tamil Nadu,597,Virudhunagar,6485,Watrap,9.5356,78.0382,88.0,2.66,12,Croplands
33,Tamil Nadu,610,Ariyalur,6255,Andimadam,11.1394,79.1394,112.1,1.62,12,Croplands
33,Tamil Nadu,610,Ariyalur,6256,Ariyalur,11.2252,79.1348,113.4,1.69,12,Croplands
33,Tamil Nadu,610,Ariyalur,6257,Jayamkondam,11.2642,79.0108,114.0,1.62,12,Croplands
33,Tamil Nadu,610,Ariyalur,6259,Sendurai,11.1394,79.0292,112.1,1.53,12,Croplands
33,Tamil Nadu,610,Ariyalur,6260,T. Palur,11.0145,79.1577,110.2,1.54,12,Croplands
33,Tamil Nadu,610,Ariyalur,6261,Thirumanur,11.0536,79.0338,110.8,1.47,12,Croplands
33,Tamil Nadu,634,Tiruppur,6103,Avanashi,11.0894,77.4177,111.3,1.81,12,Croplands
33,Tamil Nadu,634,Tiruppur,6104,Gudimangalam,11.208,77.4461,113.1,1.92,12,Croplands
33,Tamil Nadu,634,Tiruppur,6107,Madathukulam,11.185,77.2527,112.8,1.75,12,Croplands
33,Tamil Nadu,634,Tiruppur,6109,Palladam,11.0657,77.2646,111.0,1.66,12,Croplands
33,Tamil Nadu,634,Tiruppur,6113,Pongalur,10.9938,77.2527,109.9,1.6,12,Croplands
33,Tamil Nadu,634,Tiruppur,6118,Tiruppur,11.0389,77.3431,110.6,1.71,12,Croplands
33,Tamil Nadu,634,Tiruppur,6119,Udumalpet,10.991,77.3748,109.9,1.69,12,Croplands
33,Tamil Nadu,634,Tiruppur,6160,Dharapuram,11.1355,77.452,112.0,1.87,12,Croplands
33,Tamil Nadu,634,Tiruppur,6163,Kangayam,11.1431,77.3692,112.1,1.81,12,Croplands
33,Tamil Nadu,634,Tiruppur,6165,Kundadam,11.1821,77.3268,112.7,1.81,12,Croplands
33,Tamil Nadu,634,Tiruppur,6167,Mulanur,11.1024,77.3091,111.5,1.73,12,Croplands
33,Tamil Nadu,634,Tiruppur,6173,Uttukkuli,10.9708,77.4461,109.6,1.73,12,Croplands
33,Tamil Nadu,634,Tiruppur,6174,Vellakoil,11.0643,77.4114,111.0,1.78,12,Croplands
33,Tamil Nadu,729,Kallakurichi,6453,Chinnasalem,11.9379,79.5571,124.1,2.6,12,Croplands
33,Tamil Nadu,729,Kallakurichi,6455,Kallakkurichi,12.0016,79.5795,35.0,2.66,12,Croplands
33,Tamil Nadu,729,Kallakurichi,6456,Kalrayanhills,12.0799,79.5275,36.2,2.69,12,Croplands
33,Tamil Nadu,729,Kallakurichi,6465,Rishivandiam,11.9847,79.4743,124.8,2.57,12,Croplands
33,Tamil Nadu,729,Kallakurichi,6466,Sankarapuram,11.9718,79.4067,124.6,2.5,12,Croplands
33,Tamil Nadu,729,Kallakurichi,6467,Thiagadurgam,11.8886,79.3635,123.3,2.4,12,Croplands
33,Tamil Nadu,729,Kallakurichi,6469,Tirukkoyilur,11.8911,79.4743,123.4,2.49,12,Croplands
33,Tamil Nadu,729,Kallakurichi,6470,Tirunavalur,11.8403,79.5195,122.6,2.49,12,Croplands
33,Tamil Nadu,729,Kallakurichi,6471,Ulundurpet,11.8452,79.6148,122.7,2.57,12,Croplands
33,Tamil Nadu,730,Chengalpattu,6175,Acharapakkam,12.8242,79.7566,47.4,1.86,12,Croplands
33,Tamil Nadu,730,Chengalpattu,6176,Chithamur,12.8943,79.773,48.4,1.93,12,Croplands
33,Tamil Nadu,730,Chengalpattu,6178,Kattankolathur,12.9684,79.7011,49.5,1.94,12,Croplands
33,Tamil Nadu,730,Chengalpattu,6180,Lathur,12.8625,79.6619,47.9,1.82,12,Croplands
33,Tamil Nadu,730,Chengalpattu,6181,Madurantakam,12.8242,79.5995,47.4,1.74,12,Croplands
33,Tamil Nadu,730,Chengalpattu,6183,St.Thomas Mount,12.7223,79.5966,45.8,1.66,12,Croplands
33,Tamil Nadu,730,Chengalpattu,6184,Thiruporur,12.7702,79.7011,46.6,1.78,12,Croplands
33,Tamil Nadu,730,Chengalpattu,6185,Tirukkalukunram,12.7542,79.773,46.3,1.82,12,Croplands
33,Tamil Nadu,731,Ranipet,6435,Arakkonam,12.9135,79.1879,48.7,1.48,12,Croplands
33,Tamil Nadu,731,Ranipet,6436,Arcot,12.991,79.1959,49.9,1.55,12,Croplands
33,Tamil Nadu,731,Ranipet,6443,Kaveripakkam,13.0541,79.0996,50.8,1.52,12,Croplands
33,Tamil Nadu,731,Ranipet,6446,Nemili,12.937,79.0825,49.1,1.42,12,Croplands
33,Tamil Nadu,731,Ranipet,6448,Sholinghur,12.8705,79.0409,48.1,2.93,12,Croplands
33,Tamil Nadu,731,Ranipet,6449,Timiri,12.773,79.0996,46.6,2.9,12,Croplands
33,Tamil Nadu,731,Ranipet,6452,Walajapet,12.8713,79.1671,48.1,1.43,12,Croplands
33,Tamil Nadu,732,Tirupathur,6433,Alangayan,12.9135,79.1879,48.7,1.48,12,Croplands
33,Tamil Nadu,732,Tirupathur,6438,Jolarpet,12.9994,79.1833,50.0,1.55,12,Croplands
33,Tamil Nadu,732,Tirupathur,6440,Kandili,13.0384,79.0585,50.6,1.48,12,Croplands
33,Tamil Nadu,732,Tirupathur,6444,Madhanur,12.9135,79.077,48.7,2.99,12,Croplands
33,Tamil Nadu,732,Tirupathur,6445,Natrampalli,12.8277,79.0817,47.4,2.93,12,Croplands
33,Tamil Nadu,732,Tirupathur,6450,Tiruppattur,12.7887,79.2064,46.8,3.0,12,Croplands
33,Tamil Nadu,733,Tenkasi,6384,Alangulam,8.7264,77.7882,75.9,1.81,12,Croplands
33,Tamil Nadu,733,Tenkasi,6387,Kadaiyanallur,8.7847,77.8146,76.8,1.88,12,Croplands
33,Tamil Nadu,733,Tenkasi,6388,Kadayam,8.8635,77.7786,78.0,1.91,12,Croplands
33,Tamil Nadu,733,Tenkasi,6390,Keelapavoor,8.7778,77.7166,76.7,1.8,12,Croplands
33,Tamil Nadu,733,Tenkasi,6391,Kuruvikulam,8.7847,77.6524,76.8,1.75,12,Croplands
33,Tamil Nadu,733,Tenkasi,6393,Melaneelithanallur,8.7264,77.5877,75.9,1.65,12,Croplands
33,Tamil Nadu,733,Tenkasi,6398,Sankarankovil,8.6946,77.6893,75.4,1.71,12,Croplands
33,Tamil Nadu,733,Tenkasi,6399,Shencottah,8.6322,77.7025,74.5,1.67,12,Croplands
33,Tamil Nadu,733,Tenkasi,6400,Tenkasi,8.5893,77.7786,73.8,1.69,12,Croplands
33,Tamil Nadu,733,Tenkasi,6402,Vasudevanallur,8.6946,77.7777,75.4,1.78,12,Croplands
34,Puducherry,598,Karaikal,6486,Karaikal,10.9255,79.8323,108.9,2.01,12,Croplands
34,Puducherry,599,Mahe,6487,Mahe,11.6994,75.5345,120.5,2.39,12,Croplands
34,Puducherry,600,Pondicherry,6488,Ariankuppam,11.9416,79.8635,124.1,2.84,12,Croplands
34,Puducherry,600,Pondicherry,6489,Ozhukarai,12.0274,79.7577,35.4,2.83,12,Croplands
34,Puducherry,600,Pondicherry,6490,Villianur,11.8168,79.7346,122.3,2.64,12,Croplands
34,Puducherry,601,Yanam,6491,Yanam,16.7304,82.2237,106.0,2.16,12,Croplands
35,Andaman And Nicobar Islands,602,South Andamans,6493,Ferrargunj,11.7401,92.7138,121.1,1.76,12,Croplands
35,Andaman And Nicobar Islands,602,South Andamans,6494,Little Andaman,11.8259,92.608,122.4,1.75,12,Croplands
35,Andaman And Nicobar Islands,602,South Andamans,6496,Prothrapur,11.6153,92.585,119.2,1.56,12,Croplands
35,Andaman And Nicobar Islands,603,Nicobars,6498,Campbell Bay,8.0,93.5546,65.0,2.64,12,Croplands
35,Andaman And Nicobar Islands,603,Nicobars,6499,Car Nicobar,8.0858,93.45,66.3,2.63,12,Croplands
35,Andaman And Nicobar Islands,603,Nicobars,6500,Nancowrie,7.8752,93.4272,63.1,2.44,12,Croplands
35,Andaman And Nicobar Islands,632,North And Middle Andaman,6492,Diglipur,12.841,92.9247,47.6,2.81,12,Croplands
35,Andaman And Nicobar Islands,632,North And Middle Andaman,6495,Mayabunder,12.9268,92.8184,48.9,2.8,12,Croplands
35,Andaman And Nicobar Islands,632,North And Middle Andaman,6497,Rangat,12.7161,92.7953,45.7,2.61,12,Croplands
36,Telangana,501,Adilabad,4634,Adilabad Urban,19.672,78.5933,839.4,4.09,12,Croplands
36,Telangana,501,Adilabad,4636,Bazarhatnoor,19.7647,78.6532,846.1,4.19,12,Croplands
36,Telangana,501,Adilabad,4638,Bela,19.7188,78.5646,840.7,4.1,12,Croplands
36,Telangana,501,Adilabad,4642,Boath,19.814,78.5093,843.5,4.13,12,Croplands
36,Telangana,501,Adilabad,4647,Gudihatnur,19.7357,78.4553,837.7,4.03,12,Croplands
36,Telangana,501,Adilabad,4648,Ichoda,19.7213,78.3921,834.8,3.98,12,Croplands
36,Telangana,501,Adilabad,4649,Indervelly,19.672,78.4785,835.3,4.01,12,Croplands
36,Telangana,501,Adilabad,4650,Jainath,19.6381,78.437,832.2,3.95,12,Croplands
36,Telangana,501,Adilabad,4670,Narnoor,19.6252,78.5072,834.0,3.99,12,Croplands
36,Telangana,501,Adilabad,4672,Neradigonda,19.5744,78.5176,831.8,3.96,12,Croplands
36,Telangana,501,Adilabad,4678,Talamadugu,19.6252,78.5646,836.0,4.03,12,Croplands
36,Telangana,501,Adilabad,4679,Tamsi,19.6083,78.6165,837.0,4.06,12,Croplands
36,Telangana,501,Adilabad,4683,Utnoor,19.6227,78.6797,839.9,4.11,12,Croplands
36,Telangana,501,Adilabad,7142,Aidilabad Rural,19.7059,78.6348,842.5,4.14,12,Croplands
36,Telangana,501,Adilabad,7143,Mavala,19.5794,78.4186,828.6,3.9,12,Croplands
36,Telangana,501,Adilabad,7189,Bheempur,19.7696,78.5542,842.9,4.13,12,Croplands
36,Telangana,501,Adilabad,7190,Sirikonda,19.5301,78.5625,831.2,3.96,12,Croplands
36,Telangana,501,Adilabad,7191,Gadiguda,19.7188,78.5072,838.7,4.06,12,Croplands
36,Telangana,507,Hyderabad,4980,Amberpet,17.3949,78.5274,723.2,4.55,12,Croplands
36,Telangana,507,Hyderabad,4981,Ameerpet,17.4328,78.5667,726.5,4.6,12,Croplands
36,Telangana,507,Hyderabad,4982,Asifnagar,17.4968,78.5775,730.1,2.55,12,Croplands
36,Telangana,507,Hyderabad,4983,Bahadurpura,17.4448,78.4924,724.5,4.56,12,Croplands
36,Telangana,507,Hyderabad,4984,Bandlaguda,17.494,78.4707,726.2,4.58,12,Croplands
36,Telangana,507,Hyderabad,4985,Charminar,17.5281,78.4129,725.9,4.56,12,Croplands
36,Telangana,507,Hyderabad,4986,Golconda,17.4331,78.4307,721.7,4.5,12,Croplands
36,Telangana,507,Hyderabad,4987,Himayathnagar,17.4328,78.3748,719.8,4.47,12,Croplands
36,Telangana,507,Hyderabad,4988,Khairthabad,17.3949,78.3197,715.9,4.4,12,Croplands
36,Telangana,507,Hyderabad,4989,Marredpally,17.3742,78.4184,718.4,4.45,12,Croplands
36,Telangana,507,Hyderabad,4990,Musheerabad,17.3248,78.3973,715.1,4.41,12,Croplands
36,Telangana,507,Hyderabad,4991,Nampally,17.2617,78.4129,712.5,4.37,12,Croplands
36,Telangana,507,Hyderabad,4992,Saidabad,17.3408,78.4707,718.5,4.47,12,Croplands
36,Telangana,507,Hyderabad,4993,Secunderabad,17.3033,78.5105,718.0,4.47,12,Croplands
36,Telangana,507,Hyderabad,4994,Shaikpet,17.293,78.5775,719.9,4.51,12,Croplands
36,Telangana,507,Hyderabad,4995,Tirumalagiry,17.3742,78.5231,722.0,4.53,12,Croplands
36,Telangana,508,Karimnagar,5000,Chigurumamidi,18.4392,79.1855,798.5,3.64,12,Croplands
36,Telangana,508,Karimnagar,5001,Choppadandi,18.4771,79.2251,801.7,3.69,12,Croplands
36,Telangana,508,Karimnagar,5008,Gangadhara,18.4891,79.1504,799.7,3.65,12,Croplands
36,Telangana,508,Karimnagar,5011,Huzurabad,18.5723,79.0704,801.1,3.65,12,Croplands
36,Telangana,508,Karimnagar,5014,Jammikunta,18.4774,79.0883,797.0,3.6,12,Croplands
36,Telangana,508,Karimnagar,5018,Karimnagar Rural,18.4771,79.032,795.0,3.56,12,Croplands
36,Telangana,508,Karimnagar,5029,Manakondur,18.3691,79.0547,790.4,3.5,12,Croplands
36,Telangana,508,Karimnagar,5040,Ramadugu,18.306,79.0704,787.8,3.46,12,Croplands
36,Telangana,508,Karimnagar,5042,V. Saidapur,18.4185,79.1812,797.3,3.62,12,Croplands
36,Telangana,508,Karimnagar,5044,Shankarapatnam,18.3851,79.1286,793.8,3.56,12,Croplands
36,Telangana,508,Karimnagar,5048,Thimmapur (L.M.D.),18.3476,79.1685,793.3,3.56,12,Croplands
36,Telangana,508,Karimnagar,5049,Veenavanka,18.3372,79.236,795.1,3.6,12,Croplands
36,Telangana,508,Karimnagar,7204,Kothapally,18.4185,79.0759,793.6,3.55,12,Croplands
36,Telangana,508,Karimnagar,7205,Ganneruvaram,18.5382,79.1286,801.4,3.67,12,Croplands
36,Telangana,508,Karimnagar,7206,Ellandakunta,18.5411,79.236,805.3,3.74,12,Croplands
36,Telangana,508,Karimnagar,7215,Karimnagar Rural I,18.4392,78.9766,791.1,3.49,12,Croplands
36,Telangana,509,Khammam,5057,Bonakal,17.2516,80.2139,600.1,3.53,12,Croplands
36,Telangana,509,Khammam,5061,Chinthakani,17.2808,80.2564,603.0,3.58,12,Croplands
36,Telangana,509,Khammam,5065,Enkoor,17.3328,80.282,606.5,3.63,12,Croplands
36,Telangana,509,Khammam,5069,Kallur,17.2939,80.1926,601.4,3.54,12,Croplands
36,Telangana,509,Khammam,5070,Kamepally,17.3439,80.1952,604.0,3.58,12,Croplands
36,Telangana,509,Khammam,5071,Khammam (Rural),17.3954,80.1686,605.7,3.59,12,Croplands
36,Telangana,509,Khammam,5072,Khammam (Urban),17.3043,80.1447,600.3,3.51,12,Croplands
36,Telangana,509,Khammam,5073,Konijerla,17.3375,80.1054,600.6,3.51,12,Croplands
36,Telangana,509,Khammam,5077,Kusumanchi,17.3497,80.0466,599.1,3.48,12,Croplands
36,Telangana,509,Khammam,5078,Madhira,17.2751,80.1063,597.5,3.47,12,Croplands
36,Telangana,509,Khammam,5080,Mudigonda,17.2664,80.0547,595.2,3.42,12,Croplands
36,Telangana,509,Khammam,5082,Nelakondapally,17.2301,80.008,591.8,3.37,12,Croplands
36,Telangana,509,Khammam,5084,Penubally,17.2282,80.1063,595.1,3.43,12,Croplands
36,Telangana,509,Khammam,5086,Sathupally,17.1268,80.0818,589.2,3.35,12,Croplands
36,Telangana,509,Khammam,5087,Singareni,17.1989,80.1447,595.0,3.44,12,Croplands
36,Telangana,509,Khammam,5089,Thallada,17.1528,80.165,593.4,3.42,12,Croplands
36,Telangana,509,Khammam,5090,Thirumalayapalem,17.1175,80.2124,593.3,3.43,12,Croplands
36,Telangana,509,Khammam,5093,Vemsoor,17.2094,80.1926,597.2,3.48,12,Croplands
36,Telangana,509,Khammam,5096,Wyra,17.1958,80.243,598.3,3.51,12,Croplands
36,Telangana,509,Khammam,5098,Yerrupalem,17.2091,80.3015,601.0,3.56,12,Croplands
36,Telangana,509,Khammam,7258,Raghunadhapalem,17.1842,80.0812,592.1,3.39,12,Croplands
36,Telangana,512,Mahabubnagar,5204,Addakal,18.1124,79.0762,778.3,3.33,12,Croplands
36,Telangana,512,Mahabubnagar,5210,Balanagar,18.1527,79.1146,781.6,3.39,12,Croplands
36,Telangana,512,Mahabubnagar,5212,Bhoothpur,18.2195,79.1208,785.2,3.44,12,Croplands
36,Telangana,512,Mahabubnagar,5215,Chinnachintakunta,18.1638,79.0369,779.5,3.34,12,Croplands
36,Telangana,512,Mahabubnagar,5217,Devarakadara,18.211,79.0084,780.8,3.35,12,Croplands
36,Telangana,512,Mahabubnagar,5226,Hanwada,18.1442,78.9733,776.3,3.28,12,Croplands
36,Telangana,512,Mahabubnagar,5228,Jadcherla,18.133,78.9173,773.8,3.24,12,Croplands
36,Telangana,512,Mahabubnagar,5233,Koilkonda,18.0824,78.871,769.6,3.17,12,Croplands
36,Telangana,512,Mahabubnagar,5243,Mahbubnagar Rural,18.0266,78.9672,770.2,3.2,12,Croplands
36,Telangana,512,Mahabubnagar,5247,Midjil,17.969,79.0034,768.6,3.18,12,Croplands
36,Telangana,512,Mahabubnagar,5251,Nawabpet,18.0388,79.0891,775.1,3.29,12,Croplands
36,Telangana,512,Mahabubnagar,5515,Gandeed,18.2372,78.9435,779.9,3.33,12,Croplands
36,Telangana,512,Mahabubnagar,7219,Moosapet,18.061,79.0369,774.3,3.27,12,Croplands
36,Telangana,512,Mahabubnagar,7276,Rajapur,18.0538,79.1578,778.2,3.35,12,Croplands
36,Telangana,512,Mahabubnagar,7329,Mahabubnagar Urban,18.0806,78.9733,773.1,3.24,12,Croplands
36,Telangana,513,Medak,5267,Alladurg,18.0477,78.3237,748.7,2.76,12,Croplands
36,Telangana,513,Medak,5269,Chegunta,18.0783,78.3659,751.7,2.81,12,Croplands
36,Telangana,513,Medak,5283,Kowdipalli,18.1419,78.299,752.6,2.81,12,Croplands
36,Telangana,513,Medak,5284,Kulcharam,18.1918,78.2668,753.9,2.82,12,Croplands
36,Telangana,513,Medak,5286,Medak,18.1279,78.2056,748.6,2.73,12,Croplands
36,Telangana,513,Medak,5292,Narsapur,18.1324,78.1442,746.7,2.69,12,Croplands
36,Telangana,513,Medak,5294,Papannapet,18.0031,78.1226,739.4,2.59,12,Croplands
36,Telangana,513,Medak,5298,Ramayampet,18.0159,78.2208,743.5,2.67,12,Croplands
36,Telangana,513,Medak,5300,Regode,17.9675,78.2056,740.6,2.62,12,Croplands
36,Telangana,513,Medak,5303,Shankarampet[A],17.9106,78.22,738.2,2.59,12,Croplands
36,Telangana,513,Medak,5304,Shankarampet[R],17.9936,78.2668,744.0,2.68,12,Croplands
36,Telangana,513,Medak,5305,Shivampet,17.9534,78.299,743.1,2.68,12,Croplands
36,Telangana,513,Medak,5307,Tekmal,17.9311,78.3559,744.0,2.7,12,Croplands
36,Telangana,513,Medak,5309,Tupran,18.0159,78.3128,746.7,2.73,12,Croplands
36,Telangana,513,Medak,5311,Yeldurthy,18.0171,78.3659,748.7,2.77,12,Croplands
36,Telangana,513,Medak,7262,Havelighanapur,18.0914,78.3002,750.1,2.77,12,Croplands
36,Telangana,513,Medak,7263,Nizampet,18.0477,78.1626,743.1,2.65,12,Croplands
36,Telangana,513,Medak,7264,Narsingi,18.0644,78.2128,745.7,2.69,12,Croplands
36,Telangana,513,Medak,7265,Manoharabad,18.0991,78.2493,748.7,2.74,12,Croplands
36,Telangana,513,Medak,7266,Chilpched,18.1324,78.3895,755.3,2.87,12,Croplands
36,Telangana,514,Nalgonda,5314,Anumula,17.077,79.37,736.8,2.81,12,Croplands
36,Telangana,514,Nalgonda,5320,Chandampet,17.1139,79.407,739.9,2.86,12,Croplands
36,Telangana,514,Nalgonda,5321,Chandur,17.088,79.3149,735.4,2.78,12,Croplands
36,Telangana,514,Nalgonda,5323,Chintha Pally,17.1289,79.3399,738.3,2.83,12,Croplands
36,Telangana,514,Nalgonda,5324,Chityala,17.1794,79.3482,741.2,2.87,12,Croplands
36,Telangana,514,Nalgonda,5327,Dameracherla,17.1078,79.2881,735.5,2.78,12,Croplands
36,Telangana,514,Nalgonda,5328,Devarakonda,17.1551,79.2842,737.7,2.81,12,Croplands
36,Telangana,514,Nalgonda,5331,Gundlapally (Dindi),17.2011,79.2609,739.2,2.82,12,Croplands
36,Telangana,514,Nalgonda,5332,Gurrampode,17.1094,79.2543,734.4,2.75,12,Croplands
36,Telangana,514,Nalgonda,5335,Kanagal,17.1461,79.2228,735.1,2.76,12,Croplands
36,Telangana,514,Nalgonda,5336,Kattangoor,17.1711,79.1762,734.7,2.74,12,Croplands
36,Telangana,514,Nalgonda,5337,Kethe Pally,17.0923,79.2256,732.5,2.72,12,Croplands
36,Telangana,514,Nalgonda,5340,Marriguda,17.0626,79.2122,730.6,2.69,12,Croplands
36,Telangana,514,Nalgonda,5343,Miryalaguda,17.0471,79.1654,728.1,2.65,12,Croplands
36,Telangana,514,Nalgonda,5347,Munugode,17.0139,79.1246,725.1,2.6,12,Croplands
36,Telangana,514,Nalgonda,5349,Nakrekal,17.0309,79.2191,729.2,2.67,12,Croplands
36,Telangana,514,Nalgonda,5350,Nalgonda,16.9925,79.1898,726.3,2.63,12,Croplands
36,Telangana,514,Nalgonda,5351,Nampally,16.9431,79.1762,723.3,2.58,12,Croplands
36,Telangana,514,Nalgonda,5353,Narketpally,17.0086,79.2436,729.0,2.68,12,Croplands
36,Telangana,514,Nalgonda,5355,Nidamanoor,16.9131,79.2609,724.8,2.62,12,Croplands
36,Telangana,514,Nalgonda,5357,Pedda Adiserlapally,17.0037,79.2771,729.9,2.7,12,Croplands
36,Telangana,514,Nalgonda,5358,Peddavoora,16.9642,79.3045,728.9,2.69,12,Croplands
36,Telangana,514,Nalgonda,5363,Shali Gouraram,16.9348,79.3482,728.9,2.7,12,Croplands
36,Telangana,514,Nalgonda,5365,Thipparthi,17.0179,79.3074,731.7,2.73,12,Croplands
36,Telangana,514,Nalgonda,5367,Tripuraram,17.0003,79.407,734.3,2.79,12,Croplands
36,Telangana,514,Nalgonda,5370,Vemula Pally,17.0462,79.3239,733.6,2.76,12,Croplands
36,Telangana,514,Nalgonda,7222,Madugulapally,17.1003,79.1246,729.4,2.66,12,Croplands
36,Telangana,514,Nalgonda,7223,Tirumalagiri Sagar,17.0005,79.3536,732.4,2.75,12,Croplands
36,Telangana,514,Nalgonda,7287,Adavidevulapalli,17.0571,79.325,734.2,2.77,12,Croplands
36,Telangana,514,Nalgonda,7288,Konda Mallepally,17.1052,79.1779,731.5,2.7,12,Croplands
36,Telangana,514,Nalgonda,7289,Neredugommu,16.9612,79.2425,726.5,2.64,12,Croplands
36,Telangana,516,Nizamabad,5418,Armur,18.6715,78.1559,774.0,3.08,12,Croplands
36,Telangana,516,Nizamabad,5419,Balkonda,18.6928,78.201,776.7,3.13,12,Croplands
36,Telangana,516,Nizamabad,5421,Bheemgal,18.7321,78.2369,779.9,3.18,12,Croplands
36,Telangana,516,Nizamabad,5425,Bodhan,18.7043,78.1442,775.3,3.09,12,Croplands
36,Telangana,516,Nizamabad,5426,Dharpalle,18.7989,78.1701,780.9,3.18,12,Croplands
36,Telangana,516,Nizamabad,5427,Dichpalle,18.7236,78.1141,775.2,3.09,12,Croplands
36,Telangana,516,Nizamabad,5430,Jakranpalle,18.8138,78.0742,778.3,3.12,12,Croplands
36,Telangana,516,Nizamabad,5433,Kammarapalle,18.7218,78.0777,773.8,3.06,12,Croplands
36,Telangana,516,Nizamabad,5434,Kotgiri,18.7536,78.0401,774.1,3.06,12,Croplands
36,Telangana,516,Nizamabad,5438,Makloor,18.7707,77.9883,773.1,3.03,12,Croplands
36,Telangana,516,Nizamabad,5439,Mortad,18.7032,77.9997,770.1,2.99,12,Croplands
36,Telangana,516,Nizamabad,5441,Nandipet,18.5972,77.9684,763.8,2.9,12,Croplands
36,Telangana,516,Nizamabad,5442,Navipet,18.6344,78.0574,768.7,2.98,12,Croplands
36,Telangana,516,Nizamabad,5443,Nizamabad Rural,18.5376,78.0425,763.4,2.91,12,Croplands
36,Telangana,516,Nizamabad,5446,Renjal,18.5726,78.1045,767.3,2.97,12,Croplands
36,Telangana,516,Nizamabad,5448,Sirkonda,18.6238,78.1255,770.6,3.02,12,Croplands
36,Telangana,516,Nizamabad,5450,Varni,18.596,78.1665,770.6,3.03,12,Croplands
36,Telangana,516,Nizamabad,5451,Velpur,18.5843,78.2199,771.9,3.06,12,Croplands
36,Telangana,516,Nizamabad,5452,Yedapalle,18.6488,78.1506,772.7,3.06,12,Croplands
36,Telangana,516,Nizamabad,7224,Mugpal,18.6657,78.0421,769.8,3.0,12,Croplands
36,Telangana,516,Nizamabad,7242,Nizamabad North,18.5895,78.0401,765.9,2.94,12,Croplands
36,Telangana,516,Nizamabad,7243,Indalwai,18.7705,78.1045,777.2,3.11,12,Croplands
36,Telangana,516,Nizamabad,7244,Mendora,18.6994,78.0499,771.7,3.02,12,Croplands
36,Telangana,516,Nizamabad,7245,Mupkal,18.6399,77.9997,767.0,2.95,12,Croplands
36,Telangana,516,Nizamabad,7246,Yergatla,18.6502,78.201,774.5,3.1,12,Croplands
36,Telangana,516,Nizamabad,7247,Rudrur,18.5326,78.1395,766.5,2.97,12,Croplands
36,Telangana,516,Nizamabad,7330,Nizamabad South,18.6182,78.0896,769.0,3.0,12,Croplands
36,Telangana,516,Nizamabad,7350,Mosara,18.6871,77.9475,767.5,2.94,12,Croplands
36,Telangana,516,Nizamabad,7351,Chandur,18.7471,78.1665,778.2,3.14,12,Croplands
36,Telangana,518,Ranga Reddy,5207,Amangal,17.1591,78.5142,711.0,4.37,12,Croplands
36,Telangana,518,Ranga Reddy,5221,Farooqnagar,17.2157,78.4752,712.4,4.38,12,Croplands
36,Telangana,518,Ranga Reddy,5230,Keshampeta,17.2154,78.2873,705.8,4.25,12,Croplands
36,Telangana,518,Ranga Reddy,5235,Kondurg,17.1547,78.3602,705.3,4.26,12,Croplands
36,Telangana,518,Ranga Reddy,5238,Kothur,17.1477,78.3103,703.2,4.22,12,Croplands
36,Telangana,518,Ranga Reddy,5241,Madgul,17.1195,78.2635,700.2,4.17,12,Croplands
36,Telangana,518,Ranga Reddy,5257,Talakondapalle,17.0918,78.506,707.3,4.32,12,Croplands
36,Telangana,518,Ranga Reddy,5512,Chevella,17.171,78.4566,709.5,4.34,12,Croplands
36,Telangana,518,Ranga Reddy,5517,Hayathnagar,17.1895,78.4231,709.3,4.33,12,Croplands
36,Telangana,518,Ranga Reddy,5518,Ibrahimpatnam,17.2352,78.4073,711.0,4.35,12,Croplands
36,Telangana,518,Ranga Reddy,5519,Kandukur,17.2083,78.3421,707.4,4.29,12,Croplands
36,Telangana,518,Ranga Reddy,5522,Maheshwaram,17.1177,78.3602,703.5,4.23,12,Croplands
36,Telangana,518,Ranga Reddy,5523,Manchal,17.0818,78.3267,700.5,4.19,12,Croplands
36,Telangana,518,Ranga Reddy,5526,Moinabad,17.0314,78.3098,697.4,4.14,12,Croplands
36,Telangana,518,Ranga Reddy,5533,Rajendranagar,17.0413,78.3836,700.5,4.2,12,Croplands
36,Telangana,518,Ranga Reddy,5534,Saroornagar,16.9923,78.4045,698.8,4.18,12,Croplands
36,Telangana,518,Ranga Reddy,5535,Shabad,17.0452,78.4544,703.2,4.25,12,Croplands
36,Telangana,518,Ranga Reddy,5537,Shamshabad,17.0206,78.5034,703.6,4.27,12,Croplands
36,Telangana,518,Ranga Reddy,5538,Shankarpally,17.1015,78.4566,706.1,4.29,12,Croplands
36,Telangana,518,Ranga Reddy,5541,Yacharam,17.103,78.5601,709.8,4.36,12,Croplands
36,Telangana,518,Ranga Reddy,7225,Kadthal,17.183,78.385,707.6,4.3,12,Croplands
36,Telangana,518,Ranga Reddy,7299,Abdullapurmet,17.1362,78.4699,708.3,4.32,12,Croplands
36,Telangana,518,Ranga Reddy,7300,Gandipet,17.2686,78.4731,715.0,4.42,12,Croplands
36,Telangana,518,Ranga Reddy,7301,Nandigama,17.0894,78.385,702.9,4.23,12,Croplands
36,Telangana,518,Ranga Reddy,7302,Serilingampally,17.083,78.4231,704.0,4.25,12,Croplands
36,Telangana,518,Ranga Reddy,7305,Balapur,17.2009,78.5481,714.2,4.42,12,Croplands
36,Telangana,518,Ranga Reddy,7335,Jilled Chowdergudem,17.2743,78.3701,711.7,4.35,12,Croplands
36,Telangana,522,Warangal,5660,Chennaraopet,18.1124,79.0762,778.3,3.33,12,Croplands
36,Telangana,522,Warangal,5666,Duggondi,18.1585,79.1116,781.8,3.39,12,Croplands
36,Telangana,522,Warangal,5668,Geesugonda,18.231,79.1055,785.2,3.44,12,Croplands
36,Telangana,522,Warangal,5677,Khanapur,18.1661,79.0262,779.2,3.33,12,Croplands
36,Telangana,522,Warangal,5688,Nalla Belli,18.208,78.9058,777.1,3.28,12,Croplands
36,Telangana,522,Warangal,5691,Narsampet,18.1253,78.9641,775.0,3.26,12,Croplands
36,Telangana,522,Warangal,5693,Nekkonda,18.0887,78.9181,771.6,3.2,12,Croplands
36,Telangana,522,Warangal,5696,Parvathagiri,18.0168,78.9058,767.5,3.15,12,Croplands
36,Telangana,522,Warangal,5698,Raiparthy,18.0619,78.9991,773.1,3.24,12,Croplands
36,Telangana,522,Warangal,5700,Sangem,18.014,79.0319,771.8,3.23,12,Croplands
36,Telangana,522,Warangal,5705,Wardhanna Pet,18.0873,79.0697,776.8,3.31,12,Croplands
36,Telangana,522,Warangal,7230,Khila Warangal,18.2051,78.9823,779.6,3.33,12,Croplands
36,Telangana,522,Warangal,7231,Warangal,17.9938,79.1055,773.4,3.27,12,Croplands
36,Telangana,680,Nirmal,4640,Bhainsa,19.119,78.4389,806.3,3.59,12,Croplands
36,Telangana,680,Nirmal,4646,Dilawarpur,19.1321,78.371,804.6,3.55,12,Croplands
36,Telangana,680,Nirmal,4654,Kaddam (Peddur),19.1829,78.3655,806.9,3.58,12,Croplands
36,Telangana,680,Nirmal,4658,Khanapur,19.2305,78.3272,808.0,3.59,12,Croplands
36,Telangana,680,Nirmal,4661,Kubeer,19.1364,78.3168,802.9,3.52,12,Croplands
36,Telangana,680,Nirmal,4662,Kuntala,19.1598,78.2687,802.4,3.5,12,Croplands
36,Telangana,680,Nirmal,4663,Laxmanchanda,19.1555,78.2056,800.0,3.45,12,Croplands
36,Telangana,680,Nirmal,4664,Lokeswaram,19.0957,78.2833,799.7,3.47,12,Croplands
36,Telangana,680,Nirmal,4666,Mamda,19.0705,78.2363,796.8,3.41,12,Croplands
36,Telangana,680,Nirmal,4669,Mudhole,19.0182,78.2056,793.1,3.36,12,Croplands
36,Telangana,680,Nirmal,4673,Nirmal,18.9961,78.2976,795.2,3.41,12,Croplands
36,Telangana,680,Nirmal,4675,Sarangapur,19.0039,78.3971,799.1,3.48,12,Croplands
36,Telangana,680,Nirmal,4681,Tanur,19.0693,78.3938,802.2,3.52,12,Croplands
36,Telangana,680,Nirmal,7196,Soan,18.9983,78.4601,801.0,3.52,12,Croplands
36,Telangana,680,Nirmal,7197,Narsapur G,19.0471,78.301,797.9,3.44,12,Croplands
36,Telangana,680,Nirmal,7198,Dasturabad,19.1754,78.4601,809.9,3.64,12,Croplands
36,Telangana,680,Nirmal,7199,Pembi,19.0344,78.3538,799.1,3.47,12,Croplands
36,Telangana,680,Nirmal,7200,Basar,19.0868,78.3969,803.2,3.54,12,Croplands
36,Telangana,680,Nirmal,7336,Nirmal Rural,18.9432,78.3272,793.6,3.39,12,Croplands
36,Telangana,681,Jagitial,5002,Dharmapuri,18.2051,79.1355,785.0,3.44,12,Croplands
36,Telangana,681,Jagitial,5009,Gollapalli,18.1592,79.0477,779.6,3.34,12,Croplands
36,Telangana,681,Jagitial,5012,Ibrahimpatnam,18.21,79.0374,781.8,3.37,12,Croplands
36,Telangana,681,Jagitial,5013,Jagtial,18.1592,78.9909,777.6,3.31,12,Croplands
36,Telangana,681,Jagitial,5020,Kathalapur,18.1761,78.9394,776.7,3.28,12,Croplands
36,Telangana,681,Jagitial,5021,Kodimial,18.1617,78.8768,773.8,3.23,12,Croplands
36,Telangana,681,Jagitial,5024,Korutla,18.1124,78.9624,774.3,3.25,12,Croplands
36,Telangana,681,Jagitial,5027,Mallapur,18.0785,78.9213,771.2,3.2,12,Croplands
36,Telangana,681,Jagitial,5028,Mallial,18.0197,78.9031,767.6,3.15,12,Croplands
36,Telangana,681,Jagitial,5031,Medipalli,18.0656,78.9909,773.0,3.24,12,Croplands
36,Telangana,681,Jagitial,5032,Metpalli,18.0148,79.0012,770.8,3.21,12,Croplands
36,Telangana,681,Jagitial,5038,Pegadapalli,17.9704,79.0456,770.1,3.21,12,Croplands
36,Telangana,681,Jagitial,5039,Raikal,18.0656,79.0477,774.9,3.28,12,Croplands
36,Telangana,681,Jagitial,5043,Sarangapur,18.0487,79.0992,775.9,3.3,12,Croplands
36,Telangana,681,Jagitial,5050,Velgatoor,18.0631,79.1618,778.8,3.36,12,Croplands
36,Telangana,681,Jagitial,7207,Beerpur,18.1124,79.0762,778.3,3.33,12,Croplands
36,Telangana,681,Jagitial,7208,Jagitial Rural,18.2544,78.993,782.5,3.37,12,Croplands
36,Telangana,681,Jagitial,7209,Buggaram,18.1463,79.1173,781.4,3.38,12,Croplands
36,Telangana,682,Peddapalli,5003,Dharmaram,18.1554,79.1132,781.7,3.39,12,Croplands
36,Telangana,682,Peddapalli,5004,Eligaid,18.2251,79.1139,785.2,3.44,12,Croplands
36,Telangana,682,Peddapalli,5015,Julapalli,18.1651,79.032,779.4,3.34,12,Croplands
36,Telangana,682,Peddapalli,5017,Kamanpur,18.209,78.9961,780.3,3.34,12,Croplands
36,Telangana,682,Peddapalli,5030,Manthani,18.2251,78.9247,778.6,3.3,12,Croplands
36,Telangana,682,Peddapalli,5035,Mutharam (Manthani),18.1359,78.9681,775.7,3.27,12,Croplands
36,Telangana,682,Peddapalli,5036,Odela,18.1124,78.915,772.6,3.22,12,Croplands
36,Telangana,682,Peddapalli,5037,Peddapalli,18.0701,78.9838,772.9,3.24,12,Croplands
36,Telangana,682,Peddapalli,5041,Ramagundam,17.9719,79.053,770.4,3.22,12,Croplands
36,Telangana,682,Peddapalli,5046,Srirampur,18.0701,79.0548,775.4,3.29,12,Croplands
36,Telangana,682,Peddapalli,5047,Sulthanabad,18.0694,79.1132,777.4,3.33,12,Croplands
36,Telangana,682,Peddapalli,7235,Anthergaon,18.1124,79.0762,778.3,3.33,12,Croplands
36,Telangana,682,Peddapalli,7236,Palakurthy,18.0499,78.8827,768.4,3.15,12,Croplands
36,Telangana,682,Peddapalli,7237,Ramagiri,18.0158,78.9961,770.7,3.21,12,Croplands
36,Telangana,683,Rajanna Sircilla,4998,Boinpalli,18.4392,79.1855,798.5,3.64,12,Croplands
36,Telangana,683,Rajanna Sircilla,4999,Chandurthi,18.4852,79.2211,802.0,3.69,12,Croplands
36,Telangana,683,Rajanna Sircilla,5006,Ellanthakunta,18.5578,79.2149,805.4,3.74,12,Croplands
36,Telangana,683,Rajanna Sircilla,5007,Gambhiraopet,18.4928,79.1354,799.4,3.64,12,Croplands
36,Telangana,683,Rajanna Sircilla,5023,Konaraopet,18.5318,79.0915,799.8,3.64,12,Croplands
36,Telangana,683,Rajanna Sircilla,5033,Mustabad,18.5347,79.0148,797.3,3.58,12,Croplands
36,Telangana,683,Rajanna Sircilla,5045,Sircilla,18.4154,79.0271,791.7,3.51,12,Croplands
36,Telangana,683,Rajanna Sircilla,5051,Vemulawada,18.3408,79.1412,792.0,3.54,12,Croplands
36,Telangana,683,Rajanna Sircilla,5052,Yellareddipet,18.414,79.179,797.0,3.62,12,Croplands
36,Telangana,683,Rajanna Sircilla,7238,Thangallapalli,18.3436,79.0148,787.7,3.45,12,Croplands
36,Telangana,683,Rajanna Sircilla,7239,Vemulawada Rural,18.3205,79.2149,793.5,3.57,12,Croplands
36,Telangana,683,Rajanna Sircilla,7240,Rudrangi,18.4521,79.0732,795.2,3.57,12,Croplands
36,Telangana,683,Rajanna Sircilla,7241,Veernapalli,18.3886,79.1084,793.2,3.55,12,Croplands
36,Telangana,684,Mancherial,4639,Bellampally,18.9974,79.5765,840.0,4.3,12,Croplands
36,Telangana,684,Mancherial,4641,Bheemini,19.0901,79.6361,846.8,4.41,12,Croplands
36,Telangana,684,Mancherial,4643,Chennur,19.0443,79.5479,841.4,4.31,12,Croplands
36,Telangana,684,Mancherial,4645,Dandepally,19.095,79.5375,843.6,4.34,12,Croplands
36,Telangana,684,Mancherial,4652,Jaipur,19.0443,79.4907,839.4,4.27,12,Croplands
36,Telangana,684,Mancherial,4653,Jannaram,19.0611,79.439,838.4,4.25,12,Croplands
36,Telangana,684,Mancherial,4656,Kasipet,18.9974,79.4622,836.0,4.22,12,Croplands
36,Telangana,684,Mancherial,4659,Kotapally,18.9635,79.4208,832.9,4.17,12,Croplands
36,Telangana,684,Mancherial,4665,Luxettipet,18.9048,79.4026,829.3,4.12,12,Croplands
36,Telangana,684,Mancherial,4667,Mancherial,18.9506,79.4907,834.7,4.21,12,Croplands
36,Telangana,684,Mancherial,4668,Mandamarri,18.8998,79.5011,832.5,4.18,12,Croplands
36,Telangana,684,Mancherial,4671,Nennel,18.9506,79.5479,836.7,4.25,12,Croplands
36,Telangana,684,Mancherial,4680,Tandur,18.9337,79.5996,837.7,4.27,12,Croplands
36,Telangana,684,Mancherial,4684,Vemanpally,18.9481,79.6626,840.6,4.33,12,Croplands
36,Telangana,684,Mancherial,7192,Bheemaram,19.0313,79.6178,843.2,4.35,12,Croplands
36,Telangana,684,Mancherial,7193,Naspur,18.8555,79.5458,831.9,4.18,12,Croplands
36,Telangana,684,Mancherial,7194,Hajipur,19.1394,79.4929,844.2,4.34,12,Croplands
36,Telangana,684,Mancherial,7195,Kannepally,19.0467,79.3761,835.5,4.2,12,Croplands
36,Telangana,685,Kamareddy,5420,Banswada,18.3327,78.4007,765.7,3.01,12,Croplands
36,Telangana,685,Kamareddy,5422,Bhiknur,18.3606,78.4439,768.6,3.06,12,Croplands
36,Telangana,685,Kamareddy,5423,Bichkunda,18.3736,78.381,767.0,3.03,12,Croplands
36,Telangana,685,Kamareddy,5424,Birkoor,18.4229,78.3871,769.7,3.07,12,Croplands
36,Telangana,685,Kamareddy,5428,Domakonda,18.4754,78.3654,771.6,3.09,12,Croplands
36,Telangana,685,Kamareddy,5429,Gandhari,18.3862,78.3356,766.1,3.01,12,Croplands
36,Telangana,685,Kamareddy,5431,Jukkal,18.4229,78.3004,766.7,3.01,12,Croplands
36,Telangana,685,Kamareddy,5432,Kamareddy,18.4417,78.2443,765.6,2.98,12,Croplands
36,Telangana,685,Kamareddy,5435,Lingampet,18.3619,78.2958,763.4,2.96,12,Croplands
36,Telangana,685,Kamareddy,5436,Machareddy,18.3606,78.2436,761.6,2.92,12,Croplands
36,Telangana,685,Kamareddy,5437,Madnur,18.3327,78.1919,758.4,2.87,12,Croplands
36,Telangana,685,Kamareddy,5440,Nagireddypet,18.3175,78.2891,761.0,2.92,12,Croplands
36,Telangana,685,Kamareddy,5444,Nizamsagar,18.2238,78.2443,754.7,2.83,12,Croplands
36,Telangana,685,Kamareddy,5445,Pitlam,18.2346,78.3289,758.2,2.89,12,Croplands
36,Telangana,685,Kamareddy,5447,Sadasivanagar,18.2578,78.4121,762.3,2.97,12,Croplands
36,Telangana,685,Kamareddy,5449,Tadwai,18.2548,78.4715,764.2,3.01,12,Croplands
36,Telangana,685,Kamareddy,5453,Yellareddy,18.3175,78.3984,764.8,3.0,12,Croplands
36,Telangana,685,Kamareddy,7212,Bibipet,18.4107,78.4715,772.0,3.12,12,Croplands
36,Telangana,685,Kamareddy,7213,Nasurullabad,18.2791,78.2559,757.9,2.87,12,Croplands
36,Telangana,685,Kamareddy,7214,Rajampet,18.19,78.3654,757.3,2.89,12,Croplands
36,Telangana,685,Kamareddy,7248,Ramareddy,18.2836,78.3674,762.0,2.96,12,Croplands
36,Telangana,685,Kamareddy,7249,Pedda Kodapgal,18.2836,78.3201,760.4,2.92,12,Croplands
36,Telangana,686,Hanumakonda,4997,Bheemadevarapalli,18.0869,79.566,794.2,3.66,12,Croplands
36,Telangana,686,Hanumakonda,5005,Elkathurthi,18.1405,79.4489,792.7,3.61,12,Croplands
36,Telangana,686,Hanumakonda,5016,Kamalapur,17.9814,79.3355,780.8,3.42,12,Croplands
36,Telangana,686,Hanumakonda,5657,Atmakur,18.0439,79.5289,790.7,3.6,12,Croplands
36,Telangana,686,Hanumakonda,5664,Dharmasagar,18.0966,79.4847,791.8,3.61,12,Croplands
36,Telangana,686,Hanumakonda,5673,Hanamkonda,18.1566,79.3776,791.0,3.57,12,Croplands
36,Telangana,686,Hanumakonda,5674,Hasanparthy,18.0674,79.4209,788.1,3.54,12,Croplands
36,Telangana,686,Hanumakonda,5695,Parkal,17.9034,79.5058,782.9,3.49,12,Croplands
36,Telangana,686,Hanumakonda,5701,Shayampet,18.0017,79.5075,787.8,3.56,12,Croplands
36,Telangana,686,Hanumakonda,7229,Khazipet,18.0017,79.4366,785.4,3.51,12,Croplands
36,Telangana,686,Hanumakonda,7250,Velair,18.0009,79.566,789.9,3.6,12,Croplands
36,Telangana,686,Hanumakonda,7251,Inavole,18.0439,79.3679,785.1,3.49,12,Croplands
36,Telangana,686,Hanumakonda,7334,Damera,18.1566,79.5666,797.7,3.71,12,Croplands
36,Telangana,686,Hanumakonda,7343,Nadikuda,17.9473,79.4489,783.1,3.48,12,Croplands
36,Telangana,687,Jayashankar Bhupalapally,5019,Kataram,18.1659,79.0112,778.7,3.32,12,Croplands
36,Telangana,687,Jayashankar Bhupalapally,5025,Mahadevpur,18.1873,78.951,777.6,3.3,12,Croplands
36,Telangana,687,Jayashankar Bhupalapally,5026,Malhar Rao,18.153,78.8738,773.2,3.22,12,Croplands
36,Telangana,687,Jayashankar Bhupalapally,5034,Mutharam (Mahadevpur),18.0375,78.951,770.2,3.19,12,Croplands
36,Telangana,687,Jayashankar Bhupalapally,5659,Bhupalpalle,18.1124,79.0762,778.3,3.33,12,Croplands
36,Telangana,687,Jayashankar Bhupalapally,5662,Chityal,18.166,79.107,782.0,3.39,12,Croplands
36,Telangana,687,Jayashankar Bhupalapally,5669,Ghanapur (Mulug),18.2435,79.0823,785.1,3.43,12,Croplands
36,Telangana,687,Jayashankar Bhupalapally,5686,Mogullapalle,18.0972,78.9647,773.6,3.24,12,Croplands
36,Telangana,687,Jayashankar Bhupalapally,5699,Regonda,18.0632,79.0429,774.7,3.27,12,Croplands
36,Telangana,687,Jayashankar Bhupalapally,7210,Palimela,17.9697,78.9977,768.4,3.18,12,Croplands
36,Telangana,687,Jayashankar Bhupalapally,7252,Tekumatla,18.0588,79.107,776.7,3.32,12,Croplands
36,Telangana,688,Mahabubabad,5055,Bayyaram,17.5961,80.0575,611.8,3.66,12,Croplands
36,Telangana,688,Mahabubabad,5066,Garla,17.7292,79.9429,789.5,3.67,12,Croplands
36,Telangana,688,Mahabubabad,5665,Dornakal,17.646,80.0225,613.1,3.67,12,Croplands
36,Telangana,688,Mahabubabad,5672,Gudur,17.6343,79.9607,785.3,3.62,12,Croplands
36,Telangana,688,Mahabubabad,5676,Kesamudram,17.634,79.9048,783.4,3.58,12,Croplands
36,Telangana,688,Mahabubabad,5679,Kothagudem,17.5961,79.8496,779.5,3.51,12,Croplands
36,Telangana,688,Mahabubabad,5680,Kuravi,17.5754,79.9484,782.0,3.57,12,Croplands
36,Telangana,688,Mahabubabad,5683,Mahbubabad,17.526,79.9273,778.8,3.52,12,Croplands
36,Telangana,688,Mahabubabad,5685,Maripeda,17.4629,79.9429,776.1,3.48,12,Croplands
36,Telangana,688,Mahabubabad,5689,Nallikudur,17.542,80.0008,607.1,3.58,12,Croplands
36,Telangana,688,Mahabubabad,5692,Narsimhulapet,17.5045,80.0406,606.6,3.58,12,Croplands
36,Telangana,688,Mahabubabad,5703,Thorrur,17.5754,80.0532,610.6,3.64,12,Croplands
36,Telangana,688,Mahabubabad,7216,Gangaram,17.6952,80.0008,614.8,3.69,12,Croplands
36,Telangana,688,Mahabubabad,7217,Peddavangara,17.4941,80.1077,608.5,3.62,12,Croplands
36,Telangana,688,Mahabubabad,7256,Chinnagudur,17.634,80.0968,615.1,3.71,12,Croplands
36,Telangana,688,Mahabubabad,7257,Danthalapalle,17.698,80.1077,618.7,3.76,12,Croplands
36,Telangana,689,Jangoan,5658,Bachannapeta,18.1124,79.0762,778.3,3.33,12,Croplands
36,Telangana,689,Jangoan,5663,Devaruppula,18.2372,79.0951,785.2,3.43,12,Croplands
36,Telangana,689,Jangoan,5670,Ghanpur(Station),18.1665,79.0193,779.0,3.33,12,Croplands
36,Telangana,689,Jangoan,5675,Jangaon,18.1982,78.9672,778.8,3.32,12,Croplands
36,Telangana,689,Jangoan,5678,Kodakandla,18.1845,78.888,775.3,3.25,12,Croplands
36,Telangana,689,Jangoan,5681,Lingalaghanpur,18.1124,78.9624,774.3,3.25,12,Croplands
36,Telangana,689,Jangoan,5690,Narmetta,18.0629,78.929,770.7,3.19,12,Croplands
36,Telangana,689,Jangoan,5694,Palakurthi,17.9876,78.9435,767.4,3.15,12,Croplands
36,Telangana,689,Jangoan,5697,Raghunathpalle,18.0583,79.0193,773.6,3.25,12,Croplands
36,Telangana,689,Jangoan,5706,Zaffergadh,18.0403,79.1506,777.3,3.33,12,Croplands
36,Telangana,689,Jangoan,7254,Tharigoppula,18.0266,79.0714,773.8,3.27,12,Croplands
36,Telangana,689,Jangoan,7255,Chilpur,18.1619,79.1096,781.9,3.39,12,Croplands
36,Telangana,690,Bhadradri Kothagudem,5053,Aswapuram,17.3265,80.2863,606.3,3.63,12,Croplands
36,Telangana,690,Bhadradri Kothagudem,5054,Aswaraopeta,17.2911,80.1959,601.4,3.54,12,Croplands
36,Telangana,690,Bhadradri Kothagudem,5056,Bhadrachalam,17.3396,80.205,604.2,3.58,12,Croplands
36,Telangana,690,Bhadradri Kothagudem,5058,Burgampahad,17.3928,80.188,606.2,3.61,12,Croplands
36,Telangana,690,Bhadradri Kothagudem,5059,Chandrugonda,17.3056,80.1534,600.6,3.52,12,Croplands
36,Telangana,690,Bhadradri Kothagudem,5060,Cherla,17.345,80.1225,601.5,3.53,12,Croplands
36,Telangana,690,Bhadradri Kothagudem,5063,Dammapeta,17.2857,80.1134,598.3,3.48,12,Croplands
36,Telangana,690,Bhadradri Kothagudem,5064,Dummugudem,17.2911,80.0621,596.7,3.45,12,Croplands
36,Telangana,690,Bhadradri Kothagudem,5067,Gundala,17.2713,80.0078,593.8,3.4,12,Croplands
36,Telangana,690,Bhadradri Kothagudem,5068,Julurupadu,17.2443,80.1012,595.8,3.44,12,Croplands
36,Telangana,690,Bhadradri Kothagudem,5074,Kothagudem,17.1607,80.0402,589.4,3.34,12,Croplands
36,Telangana,690,Bhadradri Kothagudem,5079,Manugur,17.1583,80.1225,592.2,3.4,12,Croplands
36,Telangana,690,Bhadradri Kothagudem,5081,Mulakalapally,17.1078,80.147,590.5,3.38,12,Croplands
36,Telangana,690,Bhadradri Kothagudem,5083,Palwancha,17.1987,80.1688,595.8,3.46,12,Croplands
36,Telangana,690,Bhadradri Kothagudem,5085,Pinapaka,17.1636,80.205,595.4,3.46,12,Croplands
36,Telangana,690,Bhadradri Kothagudem,5088,Tekulapally,17.2235,80.2057,598.4,3.5,12,Croplands
36,Telangana,690,Bhadradri Kothagudem,5097,Yellandu,17.2249,80.2572,600.2,3.54,12,Croplands
36,Telangana,690,Bhadradri Kothagudem,7232,Chunchupalli,17.3694,80.0702,600.9,3.51,12,Croplands
36,Telangana,690,Bhadradri Kothagudem,7233,Laxmidevipalli,17.2075,80.1246,594.7,3.43,12,Croplands
36,Telangana,690,Bhadradri Kothagudem,7234,Sujathanagar,17.1463,80.2603,596.4,3.48,12,Croplands
36,Telangana,690,Bhadradri Kothagudem,7259,Allapalli,17.2516,80.2139,600.1,3.53,12,Croplands
36,Telangana,690,Bhadradri Kothagudem,7260,Annapureddypalli,17.2784,80.2572,602.9,3.57,12,Croplands
36,Telangana,690,Bhadradri Kothagudem,7261,Karakagudem,17.2121,80.0621,592.8,3.39,12,Croplands
36,Telangana,691,Sangareddy,5268,Andole,17.6489,78.1833,723.9,4.48,12,Croplands
36,Telangana,691,Sangareddy,5274,Hathnoora,17.661,78.1248,722.4,4.45,12,Croplands
36,Telangana,691,Sangareddy,5276,Jharasangam,17.7067,78.1414,725.3,4.49,12,Croplands
36,Telangana,691,Sangareddy,5277,Jinnaram,17.7599,78.136,727.8,4.53,12,Croplands
36,Telangana,691,Sangareddy,5278,Kalher,17.6788,78.0892,722.1,4.44,12,Croplands
36,Telangana,691,Sangareddy,5279,Kangti,17.7599,78.0287,724.0,4.45,12,Croplands
36,Telangana,691,Sangareddy,5280,Kohir,17.6696,78.0501,720.2,4.4,12,Croplands
36,Telangana,691,Sangareddy,5282,Kondapur,17.6909,78.0045,719.7,4.39,12,Croplands
36,Telangana,691,Sangareddy,5285,Manoor,17.6921,77.9484,717.8,4.35,12,Croplands
36,Telangana,691,Sangareddy,5289,Munipally,17.6252,77.9784,715.5,4.32,12,Croplands
36,Telangana,691,Sangareddy,5291,Narayankhed,17.6,78.0321,716.1,4.34,12,Croplands
36,Telangana,691,Sangareddy,5293,Nyalkal,17.5594,78.0045,713.1,4.29,12,Croplands
36,Telangana,691,Sangareddy,5295,Patancheru,17.5065,77.9964,710.2,4.25,12,Croplands
36,Telangana,691,Sangareddy,5296,Pulkal,17.5746,78.0622,715.9,4.35,12,Croplands
36,Telangana,691,Sangareddy,5297,Raikode,17.5268,78.0698,713.8,4.32,12,Croplands
36,Telangana,691,Sangareddy,5299,Ramchandrapuram,17.4821,78.1006,712.6,4.31,12,Croplands
36,Telangana,691,Sangareddy,5301,Sadasivpet,17.5746,78.1025,717.3,4.37,12,Croplands
36,Telangana,691,Sangareddy,5302,Sangareddy,17.5436,78.1414,717.1,4.38,12,Croplands
36,Telangana,691,Sangareddy,5312,Zahirabad,17.6014,78.1833,721.5,4.45,12,Croplands
36,Telangana,691,Sangareddy,7267,Kandi,17.7235,78.0698,723.6,4.46,12,Croplands
36,Telangana,691,Sangareddy,7268,Ameenpur,17.6252,78.1391,721.1,4.44,12,Croplands
36,Telangana,691,Sangareddy,7269,Gummadidala,17.6921,78.2163,727.2,4.54,12,Croplands
36,Telangana,691,Sangareddy,7270,Mogudampally,17.6381,78.0273,717.9,4.37,12,Croplands
36,Telangana,691,Sangareddy,7271,Sirgapoor,17.5296,78.1956,718.3,4.41,12,Croplands
36,Telangana,691,Sangareddy,7272,Nagalgidda,17.5907,77.9355,712.3,4.27,12,Croplands
36,Telangana,691,Sangareddy,7304,Vatpally,17.6,78.1326,719.6,4.41,12,Croplands
36,Telangana,692,Siddipet,4996,Bejjanki,18.0459,78.964,771.0,3.21,12,Croplands
36,Telangana,692,Siddipet,5010,Husnabad,18.1126,78.8287,769.6,3.16,12,Croplands
36,Telangana,692,Siddipet,5022,Koheda,18.0533,78.8195,766.3,3.11,12,Croplands
36,Telangana,692,Siddipet,5270,Chinnakodur,18.0587,78.9024,769.5,3.17,12,Croplands
36,Telangana,692,Siddipet,5271,Doultabad,18.1072,78.9116,772.3,3.21,12,Croplands
36,Telangana,692,Siddipet,5272,Dubbak,18.1603,78.8945,774.3,3.24,12,Croplands
36,Telangana,692,Siddipet,5273,Gajwel,18.0731,78.8597,768.7,3.15,12,Croplands
36,Telangana,692,Siddipet,5275,Jagdevpur,18.137,78.7762,769.0,3.14,12,Croplands
36,Telangana,692,Siddipet,5281,Kondapak,18.0388,78.7135,761.9,3.03,12,Croplands
36,Telangana,692,Siddipet,5287,Mirdoddi,17.9282,78.746,757.5,2.97,12,Croplands
36,Telangana,692,Siddipet,5288,Mulug,17.975,78.8308,762.8,3.06,12,Croplands
36,Telangana,692,Siddipet,5290,Nanganoor,17.9258,78.8287,760.3,3.03,12,Croplands
36,Telangana,692,Siddipet,5306,Siddipet Rural,17.9312,78.9116,763.5,3.09,12,Croplands
36,Telangana,692,Siddipet,5308,Thoguta,17.9911,78.9122,766.5,3.13,12,Croplands
36,Telangana,692,Siddipet,5310,Wargal,17.9925,78.964,768.4,3.17,12,Croplands
36,Telangana,692,Siddipet,5661,Cheriyal,18.0941,78.9931,774.5,3.26,12,Croplands
36,Telangana,692,Siddipet,5682,Maddur,18.0118,78.8073,763.8,3.07,12,Croplands
36,Telangana,692,Siddipet,7273,Komuravelli,18.0587,78.768,764.8,3.08,12,Croplands
36,Telangana,692,Siddipet,7274,Markook,17.9797,78.768,760.9,3.02,12,Croplands
36,Telangana,692,Siddipet,7275,Raipole,17.9663,78.8752,763.9,3.09,12,Croplands
36,Telangana,692,Siddipet,7331,Siddipet Urban,17.9138,78.9671,764.5,3.12,12,Croplands
36,Telangana,692,Siddipet,7332,Akkannapet,18.0192,78.9205,768.2,3.16,12,Croplands
36,Telangana,692,Siddipet,7352,Narayanaraopet,17.8754,78.8533,758.6,3.01,12,Croplands
36,Telangana,693,Wanaparthy,5209,Atmakur,16.4044,78.1583,660.8,3.59,12,Croplands
36,Telangana,693,Wanaparthy,5223,Ghanpur,16.4141,78.0778,658.4,3.54,12,Croplands
36,Telangana,693,Wanaparthy,5225,Gopalpeta,16.4581,78.0423,659.4,3.55,12,Croplands
36,Telangana,693,Wanaparthy,5237,Kothakota,16.4741,77.9716,657.7,3.51,12,Croplands
36,Telangana,693,Wanaparthy,5252,Pangal,16.3614,77.962,651.7,3.43,12,Croplands
36,Telangana,693,Wanaparthy,5253,Pebbair,16.2989,77.9299,647.5,3.36,12,Croplands
36,Telangana,693,Wanaparthy,5255,Peddamandadi,16.3192,78.0302,652.0,3.44,12,Croplands
36,Telangana,693,Wanaparthy,5263,Weepangandla,16.3184,78.1583,656.5,3.53,12,Croplands
36,Telangana,693,Wanaparthy,5266,Wanaparthy,16.3192,78.1004,654.5,3.49,12,Croplands
36,Telangana,693,Wanaparthy,7228,Srirangapur,16.2209,78.0987,649.5,3.42,12,Croplands
36,Telangana,693,Wanaparthy,7278,Revally,16.2648,78.0423,649.7,3.41,12,Croplands
36,Telangana,693,Wanaparthy,7279,Chinnambavi,16.4741,78.159,664.3,3.64,12,Croplands
36,Telangana,693,Wanaparthy,7280,Madanapur,16.3849,78.0145,654.8,3.48,12,Croplands
36,Telangana,693,Wanaparthy,7281,Amarachintha,16.3614,78.1216,657.3,3.54,12,Croplands
36,Telangana,694,Nagarkurnool,5203,Achampeta,16.4869,78.3691,672.3,3.8,12,Croplands
36,Telangana,694,Nagarkurnool,5208,Amrabad,16.5175,78.4111,675.3,3.85,12,Croplands
36,Telangana,694,Nagarkurnool,5211,Balmoor,16.5716,78.4344,678.8,3.9,12,Croplands
36,Telangana,694,Nagarkurnool,5213,Bijinapalle,16.5306,78.3459,673.6,3.81,12,Croplands
36,Telangana,694,Nagarkurnool,5229,Kalwakurthy,16.631,78.3128,677.5,3.86,12,Croplands
36,Telangana,694,Nagarkurnool,5231,Kodair,16.5383,78.2953,672.3,3.78,12,Croplands
36,Telangana,694,Nagarkurnool,5234,Kollapur,16.567,78.252,672.2,3.77,12,Croplands
36,Telangana,694,Nagarkurnool,5239,Lingal,16.5716,78.1911,670.3,3.73,12,Croplands
36,Telangana,694,Nagarkurnool,5248,Nagarkurnool,16.5036,78.2591,669.2,3.73,12,Croplands
36,Telangana,694,Nagarkurnool,5254,Peddakothapalle,16.4423,78.1698,663.1,3.63,12,Croplands
36,Telangana,694,Nagarkurnool,5256,Tadoor,16.4067,78.252,664.2,3.66,12,Croplands
36,Telangana,694,Nagarkurnool,5258,Telkapalle,16.3498,78.2663,661.8,3.63,12,Croplands
36,Telangana,694,Nagarkurnool,5259,Thimmajipeta,16.4328,78.3128,667.6,3.72,12,Croplands
36,Telangana,694,Nagarkurnool,5260,Uppununthala,16.3926,78.3447,666.7,3.72,12,Croplands
36,Telangana,694,Nagarkurnool,5262,Vangoor,16.4551,78.3584,670.3,3.77,12,Croplands
36,Telangana,694,Nagarkurnool,5264,Veldanda,16.4562,78.4111,672.2,3.81,12,Croplands
36,Telangana,694,Nagarkurnool,7282,Pentlavelli,16.4551,78.2672,667.1,3.71,12,Croplands
36,Telangana,694,Nagarkurnool,7283,Charakonda,16.5811,78.3447,676.1,3.85,12,Croplands
36,Telangana,694,Nagarkurnool,7284,Padara,16.4869,78.2094,666.7,3.69,12,Croplands
36,Telangana,694,Nagarkurnool,7303,Urkonda,16.3703,78.4011,667.6,3.74,12,Croplands
36,Telangana,695,Jogulamba Gadwal,5205,Ieeja,16.1596,77.7228,633.3,3.12,12,Croplands
36,Telangana,695,Jogulamba Gadwal,5206,Alampur,16.0737,77.8307,632.8,3.13,12,Croplands
36,Telangana,695,Jogulamba Gadwal,5219,Dharur,16.1233,77.8637,636.4,3.19,12,Croplands
36,Telangana,695,Jogulamba Gadwal,5222,Gadwal,16.1986,77.8494,639.7,3.23,12,Croplands
36,Telangana,695,Jogulamba Gadwal,5224,Ghattu,16.1278,77.7744,633.5,3.13,12,Croplands
36,Telangana,695,Jogulamba Gadwal,5227,Itikyal,16.1458,77.6445,629.8,3.05,12,Croplands
36,Telangana,695,Jogulamba Gadwal,5245,Maldakal,16.0242,77.6851,625.2,3.0,12,Croplands
36,Telangana,695,Jogulamba Gadwal,5246,Manopadu,15.9489,77.6994,621.9,2.95,12,Croplands
36,Telangana,695,Jogulamba Gadwal,5265,Waddepalle,16.0017,77.9043,631.7,3.13,12,Croplands
36,Telangana,695,Jogulamba Gadwal,7211,Rajoli,16.0197,77.7744,628.1,3.06,12,Croplands
36,Telangana,695,Jogulamba Gadwal,7285,Undavelly,15.9879,77.826,628.3,3.07,12,Croplands
36,Telangana,695,Jogulamba Gadwal,7286,Kaloor Thimmandoddi,16.0737,77.7182,628.8,3.05,12,Croplands
36,Telangana,696,Suryapet,5316,Atmakur(S),17.1802,79.7199,754.2,3.13,12,Croplands
36,Telangana,696,Suryapet,5322,Chilkur,17.2284,79.749,757.6,3.18,12,Croplands
36,Telangana,696,Suryapet,5325,Chivvemla,17.2415,79.6678,755.4,3.14,12,Croplands
36,Telangana,696,Suryapet,5329,Garide Pally,17.2946,79.6508,757.5,3.16,12,Croplands
36,Telangana,696,Suryapet,5333,Huzurnagar,17.2074,79.6162,751.9,3.08,12,Croplands
36,Telangana,696,Suryapet,5334,Jaji Reddi Gudem (Arvapally),17.2469,79.5853,752.8,3.08,12,Croplands
36,Telangana,696,Suryapet,5338,Kodad,17.2713,79.5331,752.2,3.06,12,Croplands
36,Telangana,696,Suryapet,5341,Mattam Pally,17.193,79.5249,748.0,3.0,12,Croplands
36,Telangana,696,Suryapet,5342,Mella Chervu,17.1731,79.4706,745.1,2.95,12,Croplands
36,Telangana,696,Suryapet,5344,Mothey,17.1461,79.564,747.0,3.0,12,Croplands
36,Telangana,696,Suryapet,5346,Munagala,17.114,79.5249,744.1,2.95,12,Croplands
36,Telangana,696,Suryapet,5348,Nadigudem,17.0625,79.5031,740.7,2.9,12,Croplands
36,Telangana,696,Suryapet,5354,Nereducherla,17.0601,79.5853,743.5,2.95,12,Croplands
36,Telangana,696,Suryapet,5356,Nuthankal,17.0097,79.6098,741.8,2.93,12,Croplands
36,Telangana,696,Suryapet,5359,Penpahad,17.0655,79.6678,746.6,3.01,12,Croplands
36,Telangana,696,Suryapet,5364,Suryapet,17.0481,79.723,747.7,3.04,12,Croplands
36,Telangana,696,Suryapet,5366,Thirumalagiri,17.1254,79.6684,749.7,3.06,12,Croplands
36,Telangana,696,Suryapet,5368,Thungathurthi,17.1268,79.7199,751.5,3.09,12,Croplands
36,Telangana,696,Suryapet,7226,Ananthagiri,17.1535,79.6766,751.4,3.08,12,Croplands
36,Telangana,696,Suryapet,7290,Nagaram,17.1093,79.5874,746.0,2.99,12,Croplands
36,Telangana,696,Suryapet,7291,Maddirala,17.1876,79.5762,749.5,3.03,12,Croplands
36,Telangana,696,Suryapet,7292,Palakeedu,17.1006,79.6316,747.1,3.01,12,Croplands
36,Telangana,696,Suryapet,7293,Chinthalapalem Mallareddygudem,17.193,79.6587,752.7,3.1,12,Croplands
36,Telangana,697,Yadadri Bhuvanagiri,5313,Alair,17.0929,79.3651,737.4,2.82,12,Croplands
36,Telangana,697,Yadadri Bhuvanagiri,5315,Atmakur(M),17.1542,79.3799,741.0,2.87,12,Croplands
36,Telangana,697,Yadadri Bhuvanagiri,5317,Bhongir,17.1055,79.2937,735.6,2.78,12,Croplands
36,Telangana,697,Yadadri Bhuvanagiri,5318,Bibinagar,17.1558,79.2781,737.5,2.8,12,Croplands
36,Telangana,697,Yadadri Bhuvanagiri,5319,Bommala Ramaram,17.1957,79.2272,737.7,2.8,12,Croplands
36,Telangana,697,Yadadri Bhuvanagiri,5326,Choutuppal,17.1093,79.1804,731.8,2.7,12,Croplands
36,Telangana,697,Yadadri Bhuvanagiri,5330,Gundala,17.0836,79.1203,728.4,2.64,12,Croplands
36,Telangana,697,Yadadri Bhuvanagiri,5339,Thurkapally,16.9281,79.3357,728.2,2.68,12,Croplands
36,Telangana,697,Yadadri Bhuvanagiri,5345,Mothkur,17.0049,79.1804,726.6,2.63,12,Croplands
36,Telangana,697,Yadadri Bhuvanagiri,5352,Narayanapur,16.9421,79.1776,723.3,2.58,12,Croplands
36,Telangana,697,Yadadri Bhuvanagiri,5360,B.Pochampally,17.1002,79.2344,733.2,2.73,12,Croplands
36,Telangana,697,Yadadri Bhuvanagiri,5361,Rajapet,17.0051,79.253,729.1,2.68,12,Croplands
36,Telangana,697,Yadadri Bhuvanagiri,5362,Ramannapeta,16.9584,79.2781,727.7,2.67,12,Croplands
36,Telangana,697,Yadadri Bhuvanagiri,5369,Valigonda,17.0207,79.3103,731.9,2.73,12,Croplands
36,Telangana,697,Yadadri Bhuvanagiri,5371,Yadagirigutta,17.0213,79.3651,733.8,2.77,12,Croplands
36,Telangana,697,Yadadri Bhuvanagiri,7294,Motakonduru,17.0472,79.2129,729.8,2.68,12,Croplands
36,Telangana,697,Yadadri Bhuvanagiri,7295,Addaguduru,17.0571,79.325,734.2,2.77,12,Croplands
36,Telangana,698,Vikarabad,5214,Bomraspeta,17.3448,77.8621,697.4,4.04,12,Croplands
36,Telangana,698,Vikarabad,5220,Doulatabad,17.3941,77.7203,694.9,3.98,12,Croplands
36,Telangana,698,Vikarabad,5232,Kodangal,17.2989,77.7182,690.1,3.91,12,Croplands
36,Telangana,698,Vikarabad,5510,Bantwaram,17.2521,77.8031,690.7,3.94,12,Croplands
36,Telangana,698,Vikarabad,5511,Basheerabad,17.286,77.844,693.8,3.99,12,Croplands
36,Telangana,698,Vikarabad,5513,Dharur,17.2989,77.7748,692.1,3.95,12,Croplands
36,Telangana,698,Vikarabad,5514,Doma,17.3497,77.7645,694.2,3.98,12,Croplands
36,Telangana,698,Vikarabad,5521,Kulkacharla,17.3014,77.6047,686.2,3.83,12,Croplands
36,Telangana,698,Vikarabad,5524,Marpally,17.2521,77.6899,686.8,3.86,12,Croplands
36,Telangana,698,Vikarabad,5527,Mominpet,17.2182,77.649,683.6,3.81,12,Croplands
36,Telangana,698,Vikarabad,5528,Nawabpet,17.1595,77.6309,680.1,3.75,12,Croplands
36,Telangana,698,Vikarabad,5529,Pargi,17.2053,77.7182,685.4,3.85,12,Croplands
36,Telangana,698,Vikarabad,5530,Peddemul,17.1545,77.7285,683.2,3.82,12,Croplands
36,Telangana,698,Vikarabad,5531,Pudur,17.1102,77.7727,682.6,3.82,12,Croplands
36,Telangana,698,Vikarabad,5539,Tandur,17.2053,77.7748,687.4,3.89,12,Croplands
36,Telangana,698,Vikarabad,5540,Vikarabad,17.1884,77.826,688.3,3.91,12,Croplands
36,Telangana,698,Vikarabad,5542,Yalal,17.2028,77.8883,691.2,3.96,12,Croplands
36,Telangana,698,Vikarabad,7296,Kotepally,17.3158,77.667,689.1,3.89,12,Croplands
36,Telangana,699,Kumuram Bheem Asifabad,4635,Asifabad,19.3565,79.3441,849.9,4.39,12,Croplands
36,Telangana,699,Kumuram Bheem Asifabad,4637,Bejjur,19.3968,79.3827,853.2,4.45,12,Croplands
36,Telangana,699,Kumuram Bheem Asifabad,4644,Dahegaon,19.4079,79.3045,851.1,4.4,12,Croplands
36,Telangana,699,Kumuram Bheem Asifabad,4651,Jainoor,19.455,79.2758,852.4,4.41,12,Croplands
36,Telangana,699,Kumuram Bheem Asifabad,4655,Kagaznagar,19.4813,79.2104,851.4,4.38,12,Croplands
36,Telangana,699,Kumuram Bheem Asifabad,4657,Kerameri,19.3883,79.2404,847.8,4.34,12,Croplands
36,Telangana,699,Kumuram Bheem Asifabad,4660,Kouthala,19.3771,79.184,845.3,4.29,12,Croplands
36,Telangana,699,Kumuram Bheem Asifabad,4674,Rebbena,19.2707,79.2342,841.7,4.25,12,Croplands
36,Telangana,699,Kumuram Bheem Asifabad,4676,Sirpur (T),19.2131,79.2708,840.1,4.24,12,Croplands
36,Telangana,699,Kumuram Bheem Asifabad,4677,Sirpur (U),19.3051,79.3045,845.9,4.33,12,Croplands
36,Telangana,699,Kumuram Bheem Asifabad,4682,Tiryani,19.2828,79.357,846.6,4.35,12,Croplands
36,Telangana,699,Kumuram Bheem Asifabad,4685,Wankidi,19.2979,79.4263,849.8,4.41,12,Croplands
36,Telangana,699,Kumuram Bheem Asifabad,7201,Lingapur,19.3265,79.1373,841.1,4.22,12,Croplands
36,Telangana,699,Kumuram Bheem Asifabad,7202,Penchicalpet,19.3247,79.2404,844.6,4.3,12,Croplands
36,Telangana,699,Kumuram Bheem Asifabad,7203,Chintalamanepally,19.4636,79.389,856.8,4.5,12,Croplands
36,Telangana,700,Medchal Malkajgiri,5516,Ghatkesar,17.4935,78.4599,725.8,4.57,12,Croplands
36,Telangana,700,Medchal Malkajgiri,5520,Keesara,17.4267,78.4249,721.2,4.5,12,Croplands
36,Telangana,700,Medchal Malkajgiri,5525,Medchal,17.3631,78.4249,718.0,4.45,12,Croplands
36,Telangana,700,Medchal Malkajgiri,5532,Quthbullapur,17.3435,78.4882,719.3,4.48,12,Croplands
36,Telangana,700,Medchal Malkajgiri,5536,Shamirpet,17.3213,78.5402,720.0,4.5,12,Croplands
36,Telangana,700,Medchal Malkajgiri,7220,Dundigal Gandimaisamma,17.4463,78.4882,724.4,4.55,12,Croplands
36,Telangana,700,Medchal Malkajgiri,7221,Medipally,17.3091,78.4188,715.1,4.41,12,Croplands
36,Telangana,700,Medchal Malkajgiri,7297,Kapra,17.5197,78.3952,724.8,4.54,12,Croplands
36,Telangana,700,Medchal Malkajgiri,7298,Bachupally,17.4352,78.5656,726.6,2.5,12,Croplands
36,Telangana,700,Medchal Malkajgiri,7338,Alwal,17.3949,78.5274,723.2,4.55,12,Croplands
36,Telangana,700,Medchal Malkajgiri,7339,Balanagar,17.502,78.5718,730.1,2.55,12,Croplands
36,Telangana,700,Medchal Malkajgiri,7340,Malkajgiri,17.3649,78.323,714.5,4.38,12,Croplands
36,Telangana,700,Medchal Malkajgiri,7341,Kukatpally,17.4155,78.3692,718.7,4.45,12,Croplands
36,Telangana,700,Medchal Malkajgiri,7342,Uppal,17.3363,78.6087,723.1,4.56,12,Croplands
36,Telangana,700,Medchal Malkajgiri,7353,Muduchinthalapally,17.2515,78.4549,713.5,4.39,12,Croplands
36,Telangana,720,Mulugu,5094,Venkatapuram,18.1876,80.3543,651.8,4.28,12,Croplands
36,Telangana,720,Mulugu,5095,Wazeed,18.1925,80.4524,655.5,4.35,12,Croplands
36,Telangana,720,Mulugu,5667,Eturnagaram,18.2852,80.3931,658.0,4.37,12,Croplands
36,Telangana,720,Mulugu,5671,Govindaraopet,18.3489,80.4161,662.0,4.44,12,Croplands
36,Telangana,720,Mulugu,5684,Mangapet,18.332,80.3077,657.4,4.35,12,Croplands
36,Telangana,720,Mulugu,5687,Mulug,18.3191,80.2381,654.3,4.29,12,Croplands
36,Telangana,720,Mulugu,5702,Tadvai,18.2359,80.1935,648.6,4.2,12,Croplands
36,Telangana,720,Mulugu,5704,Venkatapur,18.2384,80.3077,652.7,4.28,12,Croplands
36,Telangana,720,Mulugu,7253,Kannaigudem,18.4271,80.3625,664.0,4.45,12,Croplands
36,Telangana,721,Narayanpet,5216,Damaragidda,16.7475,77.5523,656.7,3.41,12,Croplands
36,Telangana,721,Narayanpet,5218,Dhanwada,16.8011,77.583,660.5,3.47,12,Croplands
36,Telangana,721,Narayanpet,5236,Kosgi,16.8786,77.5584,663.5,3.51,12,Croplands
36,Telangana,721,Narayanpet,5240,Maddur,16.8224,77.4281,656.1,3.38,12,Croplands
36,Telangana,721,Narayanpet,5242,Maganoor,16.7881,77.3515,651.7,3.3,12,Croplands
36,Telangana,721,Narayanpet,5244,Makthal,16.7323,77.4417,652.1,3.32,12,Croplands
36,Telangana,721,Narayanpet,5249,Narayanpet,16.6048,77.4745,646.8,3.26,12,Croplands
36,Telangana,721,Narayanpet,5250,Narva,16.6984,77.5193,653.1,3.35,12,Croplands
36,Telangana,721,Narayanpet,5261,Utkoor,16.6939,77.583,655.1,3.39,12,Croplands
36,Telangana,721,Narayanpet,7218,Krishna,16.801,77.4879,657.1,3.4,12,Croplands
36,Telangana,721,Narayanpet,7277,Marikal,16.6726,77.4281,648.6,3.27,12,Croplands
37,Ladakh,6,Kargil,67,Drass,34.6587,76.2477,3847.8,19.81,10,Grasslands
37,Ladakh,6,Kargil,68,Kargil,34.6501,76.118,3826.9,19.78,10,Grasslands
37,Ladakh,6,Kargil,69,Sankoo,34.5198,76.0775,3781.6,19.32,10,Grasslands
37,Ladakh,6,Kargil,70,Shaker Chaktan,34.4658,76.0704,3764.3,19.13,10,Grasslands
37,Ladakh,6,Kargil,71,Shargol,34.4082,76.1123,3753.4,18.93,10,Grasslands
37,Ladakh,6,Kargil,72,Taisuru,34.4779,76.2111,3788.6,19.17,10,Grasslands
37,Ladakh,6,Kargil,73,Zansker,34.493,76.2905,3803.6,19.23,10,Grasslands
37,Ladakh,6,Kargil,6540,Gm Pora (Trespone),34.603,76.1509,3817.6,19.61,10,Grasslands
37,Ladakh,6,Kargil,6541,Lungnak,34.5722,76.0129,3787.0,19.5,10,Grasslands
37,Ladakh,6,Kargil,7038,Soudh,34.5002,76.1509,3786.8,19.25,10,Grasslands
37,Ladakh,6,Kargil,7039,Bhimbat,34.5919,76.2405,3826.8,19.57,10,Grasslands
37,Ladakh,6,Kargil,7040,Pashkum,34.5216,75.9594,3762.9,19.33,10,Grasslands
37,Ladakh,6,Kargil,7041,Lotsum,34.5834,76.0775,3800.7,19.54,10,Grasslands
37,Ladakh,6,Kargil,7042,Barsoo,34.5516,76.1962,3808.7,19.43,10,Grasslands
37,Ladakh,6,Kargil,7043,Karsha,34.6764,76.0431,3823.1,19.87,10,Grasslands
37,Ladakh,9,Leh Ladakh,94,Durbuk,34.2467,77.6793,3725.6,18.36,10,Grasslands
37,Ladakh,9,Leh Ladakh,95,Khaltsi,34.1947,77.5811,3722.1,18.18,10,Grasslands
37,Ladakh,9,Leh Ladakh,96,Kharu,34.2438,77.5561,3739.7,18.35,10,Grasslands
37,Ladakh,9,Leh Ladakh,97,Leh,34.2779,77.4895,3756.9,18.47,10,Grasslands
37,Ladakh,9,Leh Ladakh,98,Deskit,34.1827,77.6667,3708.1,18.14,10,Grasslands
37,Ladakh,9,Leh Ladakh,99,Nyoma,34.1827,77.4455,3732.5,18.14,10,Grasslands
37,Ladakh,9,Leh Ladakh,6542,Saspol,34.0116,77.4895,3677.0,17.54,10,Grasslands
37,Ladakh,9,Leh Ladakh,6543,Chuchot,34.1447,77.6214,3702.3,18.01,10,Grasslands
37,Ladakh,9,Leh Ladakh,6544,Panamic,34.1447,77.382,3726.6,18.01,10,Grasslands
37,Ladakh,9,Leh Ladakh,7044,Thiksay,34.0428,77.6793,3664.5,17.65,10,Grasslands
37,Ladakh,9,Leh Ladakh,7045,Nimoo,34.183,77.5099,3726.4,18.14,10,Grasslands
37,Ladakh,9,Leh Ladakh,7046,Rong,34.124,77.4958,3710.1,17.93,10,Grasslands
37,Ladakh,9,Leh Ladakh,7047,Rupsho,34.0747,77.4715,3697.7,17.76,10,Grasslands
37,Ladakh,9,Leh Ladakh,7048,Turtuk,34.124,77.6165,3696.7,17.93,10,Grasslands
37,Ladakh,9,Leh Ladakh,7049,Sukerbachan,34.0532,77.6019,3677.2,17.69,10,Grasslands
37,Ladakh,9,Leh Ladakh,7050,Singay Lalok Wanla,34.0907,77.5561,3693.7,17.82,10,Grasslands
38,The Dadra And Nagar Haveli And Daman And Diu,463,Daman,4274,Daman,20.4252,72.8538,71.4,2.42,12,Croplands
38,The Dadra And Nagar Haveli And Daman And Diu,464,Diu,4275,Diu,20.7157,70.9476,75.7,2.73,12,Croplands
38,The Dadra And Nagar Haveli And Daman And Diu,465,Dadra And Nagar Haveli,4276,Dadra Nagar Haveli,20.281,73.0495,69.2,2.46,12,Croplands
